[2026-09-05 20:44:28,133] [INFO] [MedusaMain]: 🐉 MEDUSA VTT - SISTEMA DE COMBATE E MESA DIGITAL D&D 5E
[2026-09-05 20:44:28,134] [INFO] [MedusaMain]: SessionManager inicializado no estado DisplayState.IDLE.
[2026-09-05 20:44:28,621] [INFO] [src.ui.dm_window]: DMWindow (Arcade GUI Modular) inicializada com sucesso.
[2026-09-05 20:44:28,832] [INFO] [src.ui.player_window]: PlayerWindow instanciada e conectada ao SessionManager.
[2026-09-05 20:44:28,833] [INFO] [MedusaMain]: Janelas ativas: Tela do Mestre (DMWindow) e Tela dos Jogadores (PlayerWindow).
[2026-09-05 20:44:28,833] [INFO] [MedusaMain]: Utilize o painel do Mestre para projetar mídias, gerenciar iniciativas ou movimentar tokens no Grid!
[2026-09-05 20:44:28,834] [INFO] [MedusaMain]: Atalhos Globais: F10 = Abrir/Fechar Tela do Jogador | F11 = Alternar Tela Cheia (Fullscreen).
[2026-09-05 20:44:28,834] [INFO] [src.ui.player_window]: PlayerWindow redimensionada para 1024x768 (fullscreen=False). Viewport recalculada.
[2026-09-05 20:44:35,473] [INFO] [src.ui.player_window]: PlayerWindow redimensionada para 1024x768 (fullscreen=False). Viewport recalculada.
[2026-09-05 20:44:35,475] [INFO] [src.ui.player_window]: Listeners da PlayerWindow pausados graciosamente (soft close).
[2026-09-05 20:44:35,476] [INFO] [src.ui.dm_window]: DMWindow notificada da ocultação da PlayerWindow.
[2026-09-05 20:44:35,476] [INFO] [src.ui.dm_window]: PlayerWindow ocultada e desconectada da DMWindow.
[2026-09-05 20:44:35,979] [INFO] [src.ui.player_window]: PlayerWindow exibida e reconectada ao SessionManager.
[2026-09-05 20:44:35,982] [INFO] [src.ui.dm_window]: PlayerWindow reexibida com sucesso.
[2026-09-05 20:44:36,745] [INFO] [src.ui.player_window]: Listeners da PlayerWindow pausados graciosamente (soft close).
[2026-09-05 20:44:36,746] [INFO] [src.ui.dm_window]: DMWindow notificada da ocultação da PlayerWindow.
[2026-09-05 20:44:36,748] [INFO] [src.ui.dm_window]: PlayerWindow ocultada e desconectada da DMWindow.
[2026-09-05 20:44:37,562] [INFO] [src.ui.player_window]: PlayerWindow exibida e reconectada ao SessionManager.
[2026-09-05 20:44:37,564] [INFO] [src.ui.dm_window]: PlayerWindow reexibida com sucesso.
[2026-09-05 20:44:39,813] [INFO] [src.ui.player_window]: PlayerWindow redimensionada para 1920x1080 (fullscreen=True). Viewport recalculada.
[2026-09-05 20:44:39,817] [INFO] [src.ui.player_window]: PlayerWindow redimensionada para 1920x1080 (fullscreen=True). Viewport recalculada.
[2026-09-05 20:44:39,818] [INFO] [src.ui.player_window]: PlayerWindow redimensionada para 1920x1080 (fullscreen=True). Viewport recalculada.
[2026-09-05 20:44:39,819] [INFO] [src.ui.player_window]: PlayerWindow colocada em tela cheia.
[2026-09-05 20:44:48,699] [INFO] [src.manager.session_manager]: Iniciando encontro: encounter_04092026132531
[2026-09-05 20:44:48,705] [INFO] [src.domain.loaders.tile_map_loader]: TileMap carregado com sucesso a partir de 'acampamento_vale.json'.
[2026-09-05 20:44:48,705] [INFO] [src.manager.combat_manager]: Encontro carregado: 'Retardatarios no caminho' (encounter_04092026132531) [tipo=tilemap] com 16 combatentes.
[2026-09-05 20:44:48,728] [INFO] [src.domain.loaders.tileset_manager]: TilesetManager 'Sprite-007' inicializado: 70 tiles fatiados a partir de 'Sprite-0007.png'.
[2026-09-05 20:44:48,740] [INFO] [src.ui.utils.tilemap_renderer]: TileMapRenderer montado: 252 ground sprites e 1 prop sprites para mapa 'Sprite-007' (21x12).
[2026-09-05 20:44:49,080] [INFO] [src.ui.utils.tilemap_renderer]: TileMapRenderer montado: 252 ground sprites e 1 prop sprites para mapa 'Sprite-007' (21x12).
[2026-09-05 20:45:12,960] [INFO] [src.ui.player_window]: Listeners da PlayerWindow pausados graciosamente (soft close).
[2026-09-05 20:45:12,961] [INFO] [src.ui.dm_window]: DMWindow notificada da ocultação da PlayerWindow.
[2026-09-05 20:45:12,961] [INFO] [src.ui.dm_window]: PlayerWindow ocultada e desconectada da DMWindow.
[2026-09-05 20:45:14,247] [INFO] [src.ui.player_window]: PlayerWindow exibida e reconectada ao SessionManager.
[2026-09-05 20:45:14,252] [INFO] [src.ui.dm_window]: PlayerWindow reexibida com sucesso.
[2026-09-05 20:45:21,714] [INFO] [src.manager.session_manager]: Retornando Tela dos Jogadores para IDLE
[2026-09-05 20:45:21,715] [INFO] [src.manager.combat_manager]: Resetando estado de combate do encontro: 'Retardatarios no caminho' (encounter_04092026132531).
[2026-09-05 20:45:21,715] [INFO] [src.manager.combat_manager]: Estado do CombatManager resetado com sucesso.
[2026-09-05 20:45:26,286] [INFO] [src.manager.session_manager]: Projetando imagem: 'raiders_camp.jpg' (C:\Users\aguia\OneDrive\Documentos\Medusa\medusa_controler\assets\images\maps\raiders_camp.jpg)
[2026-09-05 20:45:38,639] [INFO] [src.ui.dm_window]: DMWindow sendo fechada. Encerrando aplicação...
[2026-09-05 20:45:38,641] [INFO] [src.ui.player_window]: Recursos e listeners da PlayerWindow liberados definitivamente (hard close).
[2026-09-05 20:45:38,821] [INFO] [src.ui.dm_window]: DMWindow notificada da ocultação da PlayerWindow.
[2026-09-05 20:47:11,731] [INFO] [MedusaMain]: 🐉 MEDUSA VTT - SISTEMA DE COMBATE E MESA DIGITAL D&D 5E
[2026-09-05 20:47:11,732] [INFO] [MedusaMain]: SessionManager inicializado no estado DisplayState.IDLE.
[2026-09-05 20:47:12,262] [INFO] [src.ui.dm_window]: DMWindow (Arcade GUI Modular) inicializada com sucesso.
[2026-09-05 20:47:12,416] [INFO] [src.ui.player_window]: PlayerWindow instanciada e conectada ao SessionManager.
[2026-09-05 20:47:12,416] [INFO] [MedusaMain]: Janelas ativas: Tela do Mestre (DMWindow) e Tela dos Jogadores (PlayerWindow).
[2026-09-05 20:47:12,417] [INFO] [MedusaMain]: Utilize o painel do Mestre para projetar mídias, gerenciar iniciativas ou movimentar tokens no Grid!
[2026-09-05 20:47:12,417] [INFO] [MedusaMain]: Atalhos Globais: F10 = Abrir/Fechar Tela do Jogador | F11 = Alternar Tela Cheia (Fullscreen).
[2026-09-05 20:47:12,419] [INFO] [src.ui.player_window]: PlayerWindow redimensionada para 1024x768 (fullscreen=False). Viewport recalculada.
[2026-09-05 20:47:20,216] [INFO] [src.manager.session_manager]: Iniciando encontro: encounter_04092026132531
[2026-09-05 20:47:20,222] [INFO] [src.domain.loaders.tile_map_loader]: TileMap carregado com sucesso a partir de 'acampamento_vale.json'.
[2026-09-05 20:47:20,224] [INFO] [src.manager.combat_manager]: Encontro carregado: 'Retardatarios no caminho' (encounter_04092026132531) [tipo=tilemap] com 16 combatentes.
[2026-09-05 20:47:20,457] [INFO] [src.domain.loaders.tileset_manager]: TilesetManager 'Sprite-007' inicializado: 70 tiles fatiados a partir de 'Sprite-0007.png'.
[2026-09-05 20:47:20,472] [ERROR] [src.ui.utils.sprite_utils]: Erro ao carregar textura do Sprite 'assets/sprites/tree.png' (resolvido: 'assets/sprites/tree.png'): [WinError 2] O sistema não pode encontrar o arquivo especificado: 'C:\\Users\\aguia\\OneDrive\\Documentos\\Medusa\\medusa_controler\\assets\\sprites\\tree.png'
[2026-09-05 20:47:20,473] [INFO] [src.ui.utils.tilemap_renderer]: TileMapRenderer montado: 252 ground sprites e 2 prop sprites para mapa 'Sprite-007' (21x12).
[2026-09-05 20:47:20,536] [ERROR] [src.ui.utils.sprite_utils]: Erro ao carregar textura do Sprite 'assets/sprites/tree.png' (resolvido: 'assets/sprites/tree.png'): [WinError 2] O sistema não pode encontrar o arquivo especificado: 'C:\\Users\\aguia\\OneDrive\\Documentos\\Medusa\\medusa_controler\\assets\\sprites\\tree.png'
[2026-09-05 20:47:20,537] [INFO] [src.ui.utils.tilemap_renderer]: TileMapRenderer montado: 252 ground sprites e 2 prop sprites para mapa 'Sprite-007' (21x12).
[2026-09-05 20:47:38,765] [INFO] [src.manager.session_manager]: Iniciando encontro: encounter_04092026132531
[2026-09-05 20:47:38,771] [INFO] [src.domain.loaders.tile_map_loader]: TileMap carregado com sucesso a partir de 'acampamento_vale.json'.
[2026-09-05 20:47:38,772] [INFO] [src.manager.combat_manager]: Encontro carregado: 'Retardatarios no caminho' (encounter_04092026132531) [tipo=tilemap] com 16 combatentes.
[2026-09-05 20:47:38,795] [ERROR] [src.ui.utils.sprite_utils]: Erro ao carregar textura do Sprite 'assets/sprites/tree.png' (resolvido: 'assets/sprites/tree.png'): [WinError 2] O sistema não pode encontrar o arquivo especificado: 'C:\\Users\\aguia\\OneDrive\\Documentos\\Medusa\\medusa_controler\\assets\\sprites\\tree.png'
[2026-09-05 20:47:38,797] [INFO] [src.ui.utils.tilemap_renderer]: TileMapRenderer montado: 252 ground sprites e 2 prop sprites para mapa 'Sprite-007' (21x12).
[2026-09-05 20:47:38,809] [ERROR] [src.ui.utils.sprite_utils]: Erro ao carregar textura do Sprite 'assets/sprites/tree.png' (resolvido: 'assets/sprites/tree.png'): [WinError 2] O sistema não pode encontrar o arquivo especificado: 'C:\\Users\\aguia\\OneDrive\\Documentos\\Medusa\\medusa_controler\\assets\\sprites\\tree.png'
[2026-09-05 20:47:38,809] [INFO] [src.ui.utils.tilemap_renderer]: TileMapRenderer montado: 252 ground sprites e 2 prop sprites para mapa 'Sprite-007' (21x12).
[2026-09-05 20:47:44,884] [INFO] [src.manager.session_manager]: Iniciando encontro: encounter_04092026132531
[2026-09-05 20:47:44,889] [INFO] [src.domain.loaders.tile_map_loader]: TileMap carregado com sucesso a partir de 'acampamento_vale.json'.
[2026-09-05 20:47:44,889] [INFO] [src.manager.combat_manager]: Encontro carregado: 'Retardatarios no caminho' (encounter_04092026132531) [tipo=tilemap] com 16 combatentes.
[2026-09-05 20:47:44,917] [INFO] [src.ui.utils.tilemap_renderer]: TileMapRenderer montado: 252 ground sprites e 2 prop sprites para mapa 'Sprite-007' (21x12).
[2026-09-05 20:47:44,931] [INFO] [src.ui.utils.tilemap_renderer]: TileMapRenderer montado: 252 ground sprites e 2 prop sprites para mapa 'Sprite-007' (21x12).
[2026-09-05 20:47:56,439] [INFO] [src.manager.session_manager]: Iniciando encontro: encounter_04092026132531
[2026-09-05 20:47:56,445] [INFO] [src.domain.loaders.tile_map_loader]: TileMap carregado com sucesso a partir de 'acampamento_vale.json'.
[2026-09-05 20:47:56,446] [INFO] [src.manager.combat_manager]: Encontro carregado: 'Retardatarios no caminho' (encounter_04092026132531) [tipo=tilemap] com 16 combatentes.
[2026-09-05 20:47:56,465] [INFO] [src.ui.utils.tilemap_renderer]: TileMapRenderer montado: 252 ground sprites e 2 prop sprites para mapa 'Sprite-007' (21x12).
[2026-09-05 20:47:56,477] [INFO] [src.ui.utils.tilemap_renderer]: TileMapRenderer montado: 252 ground sprites e 2 prop sprites para mapa 'Sprite-007' (21x12).
[2026-09-05 20:48:24,963] [INFO] [src.manager.session_manager]: Iniciando encontro: encounter_04092026132531
[2026-09-05 20:48:24,967] [INFO] [src.domain.loaders.tile_map_loader]: TileMap carregado com sucesso a partir de 'acampamento_vale.json'.
[2026-09-05 20:48:24,968] [INFO] [src.manager.combat_manager]: Encontro carregado: 'Retardatarios no caminho' (encounter_04092026132531) [tipo=tilemap] com 16 combatentes.
[2026-09-05 20:48:24,986] [INFO] [src.ui.utils.tilemap_renderer]: TileMapRenderer montado: 252 ground sprites e 3 prop sprites para mapa 'Sprite-007' (21x12).
[2026-09-05 20:48:24,999] [INFO] [src.ui.utils.tilemap_renderer]: TileMapRenderer montado: 252 ground sprites e 3 prop sprites para mapa 'Sprite-007' (21x12).
[2026-09-05 20:48:50,517] [INFO] [src.manager.session_manager]: Iniciando encontro: encounter_04092026132531
[2026-09-05 20:48:50,522] [INFO] [src.domain.loaders.tile_map_loader]: TileMap carregado com sucesso a partir de 'acampamento_vale.json'.
[2026-09-05 20:48:50,523] [INFO] [src.manager.combat_manager]: Encontro carregado: 'Retardatarios no caminho' (encounter_04092026132531) [tipo=tilemap] com 16 combatentes.
[2026-09-05 20:48:50,546] [INFO] [src.ui.utils.tilemap_renderer]: TileMapRenderer montado: 252 ground sprites e 4 prop sprites para mapa 'Sprite-007' (21x12).
[2026-09-05 20:48:50,562] [INFO] [src.ui.utils.tilemap_renderer]: TileMapRenderer montado: 252 ground sprites e 4 prop sprites para mapa 'Sprite-007' (21x12).
[2026-09-05 20:48:58,925] [INFO] [src.manager.session_manager]: Iniciando encontro: encounter_04092026132531
[2026-09-05 20:48:58,931] [INFO] [src.domain.loaders.tile_map_loader]: TileMap carregado com sucesso a partir de 'acampamento_vale.json'.
[2026-09-05 20:48:58,932] [INFO] [src.manager.combat_manager]: Encontro carregado: 'Retardatarios no caminho' (encounter_04092026132531) [tipo=tilemap] com 16 combatentes.
[2026-09-05 20:48:58,940] [INFO] [src.ui.utils.tilemap_renderer]: TileMapRenderer montado: 252 ground sprites e 4 prop sprites para mapa 'Sprite-007' (21x12).
[2026-09-05 20:48:58,990] [INFO] [src.ui.utils.tilemap_renderer]: TileMapRenderer montado: 252 ground sprites e 4 prop sprites para mapa 'Sprite-007' (21x12).
[2026-09-05 20:49:25,070] [INFO] [src.manager.session_manager]: Iniciando encontro: encounter_04092026132531
[2026-09-05 20:49:25,074] [INFO] [src.domain.loaders.tile_map_loader]: TileMap carregado com sucesso a partir de 'acampamento_vale.json'.
[2026-09-05 20:49:25,077] [INFO] [src.manager.combat_manager]: Encontro carregado: 'Retardatarios no caminho' (encounter_04092026132531) [tipo=tilemap] com 16 combatentes.
[2026-09-05 20:49:25,087] [INFO] [src.ui.utils.tilemap_renderer]: TileMapRenderer montado: 252 ground sprites e 5 prop sprites para mapa 'Sprite-007' (21x12).
[2026-09-05 20:49:25,138] [INFO] [src.ui.utils.tilemap_renderer]: TileMapRenderer montado: 252 ground sprites e 5 prop sprites para mapa 'Sprite-007' (21x12).
[2026-09-05 20:49:59,280] [INFO] [src.manager.session_manager]: Iniciando encontro: encounter_04092026132531
[2026-09-05 20:49:59,285] [INFO] [src.domain.loaders.tile_map_loader]: TileMap carregado com sucesso a partir de 'acampamento_vale.json'.
[2026-09-05 20:49:59,285] [INFO] [src.manager.combat_manager]: Encontro carregado: 'Retardatarios no caminho' (encounter_04092026132531) [tipo=tilemap] com 16 combatentes.
[2026-09-05 20:49:59,297] [INFO] [src.ui.utils.tilemap_renderer]: TileMapRenderer montado: 252 ground sprites e 6 prop sprites para mapa 'Sprite-007' (21x12).
[2026-09-05 20:49:59,348] [INFO] [src.ui.utils.tilemap_renderer]: TileMapRenderer montado: 252 ground sprites e 6 prop sprites para mapa 'Sprite-007' (21x12).
[2026-09-05 20:50:08,266] [INFO] [src.manager.session_manager]: Iniciando encontro: encounter_04092026132531
[2026-09-05 20:50:08,272] [INFO] [src.domain.loaders.tile_map_loader]: TileMap carregado com sucesso a partir de 'acampamento_vale.json'.
[2026-09-05 20:50:08,273] [INFO] [src.manager.combat_manager]: Encontro carregado: 'Retardatarios no caminho' (encounter_04092026132531) [tipo=tilemap] com 16 combatentes.
[2026-09-05 20:50:08,284] [INFO] [src.ui.utils.tilemap_renderer]: TileMapRenderer montado: 252 ground sprites e 6 prop sprites para mapa 'Sprite-007' (21x12).
[2026-09-05 20:50:08,338] [INFO] [src.ui.utils.tilemap_renderer]: TileMapRenderer montado: 252 ground sprites e 6 prop sprites para mapa 'Sprite-007' (21x12).
[2026-09-05 20:50:32,005] [INFO] [src.manager.session_manager]: Iniciando encontro: encounter_04092026132531
[2026-09-05 20:50:32,010] [INFO] [src.domain.loaders.tile_map_loader]: TileMap carregado com sucesso a partir de 'acampamento_vale.json'.
[2026-09-05 20:50:32,011] [INFO] [src.manager.combat_manager]: Encontro carregado: 'Retardatarios no caminho' (encounter_04092026132531) [tipo=tilemap] com 16 combatentes.
[2026-09-05 20:50:32,023] [INFO] [src.ui.utils.tilemap_renderer]: TileMapRenderer montado: 252 ground sprites e 7 prop sprites para mapa 'Sprite-007' (21x12).
[2026-09-05 20:50:32,076] [INFO] [src.ui.utils.tilemap_renderer]: TileMapRenderer montado: 252 ground sprites e 7 prop sprites para mapa 'Sprite-007' (21x12).
[2026-09-05 20:50:41,006] [INFO] [src.manager.session_manager]: Iniciando encontro: encounter_04092026132531
[2026-09-05 20:50:41,011] [INFO] [src.domain.loaders.tile_map_loader]: TileMap carregado com sucesso a partir de 'acampamento_vale.json'.
[2026-09-05 20:50:41,013] [INFO] [src.manager.combat_manager]: Encontro carregado: 'Retardatarios no caminho' (encounter_04092026132531) [tipo=tilemap] com 16 combatentes.
[2026-09-05 20:50:41,036] [INFO] [src.ui.utils.tilemap_renderer]: TileMapRenderer montado: 252 ground sprites e 7 prop sprites para mapa 'Sprite-007' (21x12).
[2026-09-05 20:50:41,052] [INFO] [src.ui.utils.tilemap_renderer]: TileMapRenderer montado: 252 ground sprites e 7 prop sprites para mapa 'Sprite-007' (21x12).
[2026-09-05 20:51:06,027] [INFO] [src.manager.session_manager]: Iniciando encontro: encounter_04092026132531
[2026-09-05 20:51:06,034] [INFO] [src.domain.loaders.tile_map_loader]: TileMap carregado com sucesso a partir de 'acampamento_vale.json'.
[2026-09-05 20:51:06,036] [INFO] [src.manager.combat_manager]: Encontro carregado: 'Retardatarios no caminho' (encounter_04092026132531) [tipo=tilemap] com 16 combatentes.
[2026-09-05 20:51:06,054] [INFO] [src.ui.utils.tilemap_renderer]: TileMapRenderer montado: 252 ground sprites e 8 prop sprites para mapa 'Sprite-007' (21x12).
[2026-09-05 20:51:06,130] [INFO] [src.ui.utils.tilemap_renderer]: TileMapRenderer montado: 252 ground sprites e 8 prop sprites para mapa 'Sprite-007' (21x12).
[2026-09-05 20:51:15,857] [INFO] [src.manager.session_manager]: Iniciando encontro: encounter_04092026132531
[2026-09-05 20:51:15,861] [INFO] [src.domain.loaders.tile_map_loader]: TileMap carregado com sucesso a partir de 'acampamento_vale.json'.
[2026-09-05 20:51:15,862] [INFO] [src.manager.combat_manager]: Encontro carregado: 'Retardatarios no caminho' (encounter_04092026132531) [tipo=tilemap] com 16 combatentes.
[2026-09-05 20:51:15,873] [INFO] [src.ui.utils.tilemap_renderer]: TileMapRenderer montado: 252 ground sprites e 8 prop sprites para mapa 'Sprite-007' (21x12).
[2026-09-05 20:51:15,925] [INFO] [src.ui.utils.tilemap_renderer]: TileMapRenderer montado: 252 ground sprites e 8 prop sprites para mapa 'Sprite-007' (21x12).
[2026-09-05 20:52:53,327] [INFO] [src.manager.session_manager]: Iniciando encontro: encounter_04092026132531
[2026-09-05 20:52:53,332] [INFO] [src.domain.loaders.tile_map_loader]: TileMap carregado com sucesso a partir de 'acampamento_vale.json'.
[2026-09-05 20:52:53,334] [INFO] [src.manager.combat_manager]: Encontro carregado: 'Retardatarios no caminho' (encounter_04092026132531) [tipo=tilemap] com 16 combatentes.
[2026-09-05 20:52:53,348] [INFO] [src.ui.utils.tilemap_renderer]: TileMapRenderer montado: 252 ground sprites e 8 prop sprites para mapa 'Sprite-007' (21x12).
[2026-09-05 20:52:53,402] [INFO] [src.ui.utils.tilemap_renderer]: TileMapRenderer montado: 252 ground sprites e 8 prop sprites para mapa 'Sprite-007' (21x12).
[2026-09-05 20:53:03,126] [INFO] [src.manager.session_manager]: Iniciando encontro: encounter_04092026132531
[2026-09-05 20:53:03,131] [INFO] [src.domain.loaders.tile_map_loader]: TileMap carregado com sucesso a partir de 'acampamento_vale.json'.
[2026-09-05 20:53:03,132] [INFO] [src.manager.combat_manager]: Encontro carregado: 'Retardatarios no caminho' (encounter_04092026132531) [tipo=tilemap] com 16 combatentes.
[2026-09-05 20:53:03,156] [INFO] [src.ui.utils.tilemap_renderer]: TileMapRenderer montado: 252 ground sprites e 8 prop sprites para mapa 'Sprite-007' (21x12).
[2026-09-05 20:53:03,173] [INFO] [src.ui.utils.tilemap_renderer]: TileMapRenderer montado: 252 ground sprites e 8 prop sprites para mapa 'Sprite-007' (21x12).
[2026-09-05 20:53:34,234] [INFO] [src.manager.session_manager]: Iniciando encontro: encounter_04092026132531
[2026-09-05 20:53:34,239] [INFO] [src.domain.loaders.tile_map_loader]: TileMap carregado com sucesso a partir de 'acampamento_vale.json'.
[2026-09-05 20:53:34,241] [INFO] [src.manager.combat_manager]: Encontro carregado: 'Retardatarios no caminho' (encounter_04092026132531) [tipo=tilemap] com 16 combatentes.
[2026-09-05 20:53:34,254] [INFO] [src.ui.utils.tilemap_renderer]: TileMapRenderer montado: 252 ground sprites e 8 prop sprites para mapa 'Sprite-007' (21x12).
[2026-09-05 20:53:34,306] [INFO] [src.ui.utils.tilemap_renderer]: TileMapRenderer montado: 252 ground sprites e 8 prop sprites para mapa 'Sprite-007' (21x12).
[2026-09-05 20:53:44,543] [INFO] [src.manager.session_manager]: Iniciando encontro: encounter_04092026132531
[2026-09-05 20:53:44,549] [INFO] [src.domain.loaders.tile_map_loader]: TileMap carregado com sucesso a partir de 'acampamento_vale.json'.
[2026-09-05 20:53:44,550] [INFO] [src.manager.combat_manager]: Encontro carregado: 'Retardatarios no caminho' (encounter_04092026132531) [tipo=tilemap] com 16 combatentes.
[2026-09-05 20:53:44,579] [INFO] [src.ui.utils.tilemap_renderer]: TileMapRenderer montado: 252 ground sprites e 8 prop sprites para mapa 'Sprite-007' (21x12).
[2026-09-05 20:53:44,674] [INFO] [src.ui.utils.tilemap_renderer]: TileMapRenderer montado: 252 ground sprites e 8 prop sprites para mapa 'Sprite-007' (21x12).
[2026-09-05 20:54:58,109] [INFO] [src.manager.session_manager]: Iniciando encontro: encounter_04092026064728
[2026-09-05 20:54:58,127] [ERROR] [src.domain.loaders.tile_map_loader]: Arquivo de mapa não encontrado: 'creations/maps/Sprite-0007_map.json'
[2026-09-05 20:54:58,128] [WARNING] [src.manager.combat_manager]: Não foi possível carregar TileMap a partir de 'creations/maps/Sprite-0007_map.json': Arquivo de mapa não encontrado: 'creations/maps/Sprite-0007_map.json'
[2026-09-05 20:54:58,129] [INFO] [src.manager.combat_manager]: Encontro carregado: 'Emboscada na Floresta' (encounter_04092026064728) [tipo=tilemap] com 5 combatentes.
[2026-09-05 20:55:56,090] [INFO] [src.manager.session_manager]: Iniciando encontro: encounter_04092026064728
[2026-09-05 20:55:56,095] [INFO] [src.domain.loaders.tile_map_loader]: TileMap carregado com sucesso a partir de 'estrada_vale.json'.
[2026-09-05 20:55:56,097] [INFO] [src.manager.combat_manager]: Encontro carregado: 'Emboscada na Floresta' (encounter_04092026064728) [tipo=tilemap] com 5 combatentes.
[2026-09-05 20:55:56,127] [WARNING] [src.domain.loaders.tileset_manager]: Atlas JSON do tileset 'estrada_vale' não foi encontrado. Nenhum tile fatiado carregado.
[2026-09-05 20:55:56,133] [WARNING] [src.domain.loaders.tileset_manager]: tile_id 16 fora dos limites para tileset 'estrada_vale' (total de tiles: 0).
[2026-09-05 20:55:56,134] [WARNING] [src.ui.utils.tilemap_renderer]: Textura para tile_id 16 na célula (0, 0) não encontrada.
[2026-09-05 20:55:56,135] [WARNING] [src.domain.loaders.tileset_manager]: tile_id 16 fora dos limites para tileset 'estrada_vale' (total de tiles: 0).
[2026-09-05 20:55:56,135] [WARNING] [src.ui.utils.tilemap_renderer]: Textura para tile_id 16 na célula (1, 0) não encontrada.
[2026-09-05 20:55:56,136] [WARNING] [src.domain.loaders.tileset_manager]: tile_id 16 fora dos limites para tileset 'estrada_vale' (total de tiles: 0).
[2026-09-05 20:55:56,136] [WARNING] [src.ui.utils.tilemap_renderer]: Textura para tile_id 16 na célula (2, 0) não encontrada.
[2026-09-05 20:55:56,137] [WARNING] [src.domain.loaders.tileset_manager]: tile_id 16 fora dos limites para tileset 'estrada_vale' (total de tiles: 0).
[2026-09-05 20:55:56,137] [WARNING] [src.ui.utils.tilemap_renderer]: Textura para tile_id 16 na célula (3, 0) não encontrada.
[2026-09-05 20:55:56,137] [WARNING] [src.domain.loaders.tileset_manager]: tile_id 16 fora dos limites para tileset 'estrada_vale' (total de tiles: 0).
[2026-09-05 20:55:56,138] [WARNING] [src.ui.utils.tilemap_renderer]: Textura para tile_id 16 na célula (4, 0) não encontrada.
[2026-09-05 20:55:56,138] [WARNING] [src.domain.loaders.tileset_manager]: tile_id 16 fora dos limites para tileset 'estrada_vale' (total de tiles: 0).
[2026-09-05 20:55:56,139] [WARNING] [src.ui.utils.tilemap_renderer]: Textura para tile_id 16 na célula (5, 0) não encontrada.
[2026-09-05 20:55:56,139] [WARNING] [src.domain.loaders.tileset_manager]: tile_id 16 fora dos limites para tileset 'estrada_vale' (total de tiles: 0).
[2026-09-05 20:55:56,140] [WARNING] [src.ui.utils.tilemap_renderer]: Textura para tile_id 16 na célula (6, 0) não encontrada.
[2026-09-05 20:55:56,140] [WARNING] [src.domain.loaders.tileset_manager]: tile_id 16 fora dos limites para tileset 'estrada_vale' (total de tiles: 0).
[2026-09-05 20:55:56,141] [WARNING] [src.ui.utils.tilemap_renderer]: Textura para tile_id 16 na célula (7, 0) não encontrada.
[2026-09-05 20:55:56,141] [WARNING] [src.domain.loaders.tileset_manager]: tile_id 16 fora dos limites para tileset 'estrada_vale' (total de tiles: 0).
[2026-09-05 20:55:56,142] [WARNING] [src.ui.utils.tilemap_renderer]: Textura para tile_id 16 na célula (8, 0) não encontrada.
[2026-09-05 20:55:56,142] [WARNING] [src.domain.loaders.tileset_manager]: tile_id 16 fora dos limites para tileset 'estrada_vale' (total de tiles: 0).
[2026-09-05 20:55:56,142] [WARNING] [src.ui.utils.tilemap_renderer]: Textura para tile_id 16 na célula (9, 0) não encontrada.
[2026-09-05 20:55:56,143] [WARNING] [src.domain.loaders.tileset_manager]: tile_id 16 fora dos limites para tileset 'estrada_vale' (total de tiles: 0).
[2026-09-05 20:55:56,143] [WARNING] [src.ui.utils.tilemap_renderer]: Textura para tile_id 16 na célula (10, 0) não encontrada.
[2026-09-05 20:55:56,143] [WARNING] [src.domain.loaders.tileset_manager]: tile_id 16 fora dos limites para tileset 'estrada_vale' (total de tiles: 0).
[2026-09-05 20:55:56,144] [WARNING] [src.ui.utils.tilemap_renderer]: Textura para tile_id 16 na célula (11, 0) não encontrada.
[2026-09-05 20:55:56,144] [WARNING] [src.domain.loaders.tileset_manager]: tile_id 16 fora dos limites para tileset 'estrada_vale' (total de tiles: 0).
[2026-09-05 20:55:56,145] [WARNING] [src.ui.utils.tilemap_renderer]: Textura para tile_id 16 na célula (12, 0) não encontrada.
[2026-09-05 20:55:56,145] [WARNING] [src.domain.loaders.tileset_manager]: tile_id 16 fora dos limites para tileset 'estrada_vale' (total de tiles: 0).
[2026-09-05 20:55:56,145] [WARNING] [src.ui.utils.tilemap_renderer]: Textura para tile_id 16 na célula (13, 0) não encontrada.
[2026-09-05 20:55:56,146] [WARNING] [src.domain.loaders.tileset_manager]: tile_id 16 fora dos limites para tileset 'estrada_vale' (total de tiles: 0).
[2026-09-05 20:55:56,146] [WARNING] [src.ui.utils.tilemap_renderer]: Textura para tile_id 16 na célula (14, 0) não encontrada.
[2026-09-05 20:55:56,146] [WARNING] [src.domain.loaders.tileset_manager]: tile_id 16 fora dos limites para tileset 'estrada_vale' (total de tiles: 0).
[2026-09-05 20:55:56,147] [WARNING] [src.ui.utils.tilemap_renderer]: Textura para tile_id 16 na célula (15, 0) não encontrada.
[2026-09-05 20:55:56,147] [WARNING] [src.domain.loaders.tileset_manager]: tile_id 16 fora dos limites para tileset 'estrada_vale' (total de tiles: 0).
[2026-09-05 20:55:56,147] [WARNING] [src.ui.utils.tilemap_renderer]: Textura para tile_id 16 na célula (16, 0) não encontrada.
[2026-09-05 20:55:56,148] [WARNING] [src.domain.loaders.tileset_manager]: tile_id 16 fora dos limites para tileset 'estrada_vale' (total de tiles: 0).
[2026-09-05 20:55:56,148] [WARNING] [src.ui.utils.tilemap_renderer]: Textura para tile_id 16 na célula (17, 0) não encontrada.
[2026-09-05 20:55:56,148] [WARNING] [src.domain.loaders.tileset_manager]: tile_id 16 fora dos limites para tileset 'estrada_vale' (total de tiles: 0).
[2026-09-05 20:55:56,148] [WARNING] [src.ui.utils.tilemap_renderer]: Textura para tile_id 16 na célula (18, 0) não encontrada.
[2026-09-05 20:55:56,149] [WARNING] [src.domain.loaders.tileset_manager]: tile_id 16 fora dos limites para tileset 'estrada_vale' (total de tiles: 0).
[2026-09-05 20:55:56,149] [WARNING] [src.ui.utils.tilemap_renderer]: Textura para tile_id 16 na célula (19, 0) não encontrada.
[2026-09-05 20:55:56,149] [WARNING] [src.domain.loaders.tileset_manager]: tile_id 16 fora dos limites para tileset 'estrada_vale' (total de tiles: 0).
[2026-09-05 20:55:56,150] [WARNING] [src.ui.utils.tilemap_renderer]: Textura para tile_id 16 na célula (20, 0) não encontrada.
[2026-09-05 20:55:56,150] [WARNING] [src.domain.loaders.tileset_manager]: tile_id 1 fora dos limites para tileset 'estrada_vale' (total de tiles: 0).
[2026-09-05 20:55:56,150] [WARNING] [src.ui.utils.tilemap_renderer]: Textura para tile_id 1 na célula (0, 1) não encontrada.
[2026-09-05 20:55:56,151] [WARNING] [src.domain.loaders.tileset_manager]: tile_id 1 fora dos limites para tileset 'estrada_vale' (total de tiles: 0).
[2026-09-05 20:55:56,151] [WARNING] [src.ui.utils.tilemap_renderer]: Textura para tile_id 1 na célula (1, 1) não encontrada.
[2026-09-05 20:55:56,152] [WARNING] [src.domain.loaders.tileset_manager]: tile_id 1 fora dos limites para tileset 'estrada_vale' (total de tiles: 0).
[2026-09-05 20:55:56,152] [WARNING] [src.ui.utils.tilemap_renderer]: Textura para tile_id 1 na célula (2, 1) não encontrada.
[2026-09-05 20:55:56,152] [WARNING] [src.domain.loaders.tileset_manager]: tile_id 1 fora dos limites para tileset 'estrada_vale' (total de tiles: 0).
[2026-09-05 20:55:56,153] [WARNING] [src.ui.utils.tilemap_renderer]: Textura para tile_id 1 na célula (3, 1) não encontrada.
[2026-09-05 20:55:56,153] [WARNING] [src.domain.loaders.tileset_manager]: tile_id 1 fora dos limites para tileset 'estrada_vale' (total de tiles: 0).
[2026-09-05 20:55:56,153] [WARNING] [src.ui.utils.tilemap_renderer]: Textura para tile_id 1 na célula (4, 1) não encontrada.
[2026-09-05 20:55:56,153] [WARNING] [src.domain.loaders.tileset_manager]: tile_id 1 fora dos limites para tileset 'estrada_vale' (total de tiles: 0).
[2026-09-05 20:55:56,153] [WARNING] [src.ui.utils.tilemap_renderer]: Textura para tile_id 1 na célula (5, 1) não encontrada.
[2026-09-05 20:55:56,154] [WARNING] [src.domain.loaders.tileset_manager]: tile_id 1 fora dos limites para tileset 'estrada_vale' (total de tiles: 0).
[2026-09-05 20:55:56,154] [WARNING] [src.ui.utils.tilemap_renderer]: Textura para tile_id 1 na célula (6, 1) não encontrada.
[2026-09-05 20:55:56,155] [WARNING] [src.domain.loaders.tileset_manager]: tile_id 1 fora dos limites para tileset 'estrada_vale' (total de tiles: 0).
[2026-09-05 20:55:56,155] [WARNING] [src.ui.utils.tilemap_renderer]: Textura para tile_id 1 na célula (7, 1) não encontrada.
[2026-09-05 20:55:56,155] [WARNING] [src.domain.loaders.tileset_manager]: tile_id 1 fora dos limites para tileset 'estrada_vale' (total de tiles: 0).
[2026-09-05 20:55:56,155] [WARNING] [src.ui.utils.tilemap_renderer]: Textura para tile_id 1 na célula (8, 1) não encontrada.
[2026-09-05 20:55:56,156] [WARNING] [src.domain.loaders.tileset_manager]: tile_id 1 fora dos limites para tileset 'estrada_vale' (total de tiles: 0).
[2026-09-05 20:55:56,156] [WARNING] [src.ui.utils.tilemap_renderer]: Textura para tile_id 1 na célula (9, 1) não encontrada.
[2026-09-05 20:55:56,156] [WARNING] [src.domain.loaders.tileset_manager]: tile_id 1 fora dos limites para tileset 'estrada_vale' (total de tiles: 0).
[2026-09-05 20:55:56,156] [WARNING] [src.ui.utils.tilemap_renderer]: Textura para tile_id 1 na célula (10, 1) não encontrada.
[2026-09-05 20:55:56,158] [WARNING] [src.domain.loaders.tileset_manager]: tile_id 1 fora dos limites para tileset 'estrada_vale' (total de tiles: 0).
[2026-09-05 20:55:56,158] [WARNING] [src.ui.utils.tilemap_renderer]: Textura para tile_id 1 na célula (11, 1) não encontrada.
[2026-09-05 20:55:56,158] [WARNING] [src.domain.loaders.tileset_manager]: tile_id 1 fora dos limites para tileset 'estrada_vale' (total de tiles: 0).
[2026-09-05 20:55:56,159] [WARNING] [src.ui.utils.tilemap_renderer]: Textura para tile_id 1 na célula (12, 1) não encontrada.
[2026-09-05 20:55:56,159] [WARNING] [src.domain.loaders.tileset_manager]: tile_id 1 fora dos limites para tileset 'estrada_vale' (total de tiles: 0).
[2026-09-05 20:55:56,159] [WARNING] [src.ui.utils.tilemap_renderer]: Textura para tile_id 1 na célula (13, 1) não encontrada.
[2026-09-05 20:55:56,160] [WARNING] [src.domain.loaders.tileset_manager]: tile_id 1 fora dos limites para tileset 'estrada_vale' (total de tiles: 0).
[2026-09-05 20:55:56,160] [WARNING] [src.ui.utils.tilemap_renderer]: Textura para tile_id 1 na célula (14, 1) não encontrada.
[2026-09-05 20:55:56,160] [WARNING] [src.domain.loaders.tileset_manager]: tile_id 1 fora dos limites para tileset 'estrada_vale' (total de tiles: 0).
[2026-09-05 20:55:56,161] [WARNING] [src.ui.utils.tilemap_renderer]: Textura para tile_id 1 na célula (15, 1) não encontrada.
[2026-09-05 20:55:56,161] [WARNING] [src.domain.loaders.tileset_manager]: tile_id 1 fora dos limites para tileset 'estrada_vale' (total de tiles: 0).
[2026-09-05 20:55:56,161] [WARNING] [src.ui.utils.tilemap_renderer]: Textura para tile_id 1 na célula (16, 1) não encontrada.
[2026-09-05 20:55:56,162] [WARNING] [src.domain.loaders.tileset_manager]: tile_id 1 fora dos limites para tileset 'estrada_vale' (total de tiles: 0).
[2026-09-05 20:55:56,163] [WARNING] [src.ui.utils.tilemap_renderer]: Textura para tile_id 1 na célula (17, 1) não encontrada.
[2026-09-05 20:55:56,163] [WARNING] [src.domain.loaders.tileset_manager]: tile_id 1 fora dos limites para tileset 'estrada_vale' (total de tiles: 0).
[2026-09-05 20:55:56,163] [WARNING] [src.ui.utils.tilemap_renderer]: Textura para tile_id 1 na célula (18, 1) não encontrada.
[2026-09-05 20:55:56,163] [WARNING] [src.domain.loaders.tileset_manager]: tile_id 1 fora dos limites para tileset 'estrada_vale' (total de tiles: 0).
[2026-09-05 20:55:56,163] [WARNING] [src.ui.utils.tilemap_renderer]: Textura para tile_id 1 na célula (19, 1) não encontrada.
[2026-09-05 20:55:56,164] [WARNING] [src.domain.loaders.tileset_manager]: tile_id 1 fora dos limites para tileset 'estrada_vale' (total de tiles: 0).
[2026-09-05 20:55:56,164] [WARNING] [src.ui.utils.tilemap_renderer]: Textura para tile_id 1 na célula (20, 1) não encontrada.
[2026-09-05 20:55:56,164] [WARNING] [src.domain.loaders.tileset_manager]: tile_id 5 fora dos limites para tileset 'estrada_vale' (total de tiles: 0).
[2026-09-05 20:55:56,165] [WARNING] [src.ui.utils.tilemap_renderer]: Textura para tile_id 5 na célula (0, 2) não encontrada.
[2026-09-05 20:55:56,165] [WARNING] [src.domain.loaders.tileset_manager]: tile_id 5 fora dos limites para tileset 'estrada_vale' (total de tiles: 0).
[2026-09-05 20:55:56,165] [WARNING] [src.ui.utils.tilemap_renderer]: Textura para tile_id 5 na célula (1, 2) não encontrada.
[2026-09-05 20:55:56,165] [WARNING] [src.domain.loaders.tileset_manager]: tile_id 5 fora dos limites para tileset 'estrada_vale' (total de tiles: 0).
[2026-09-05 20:55:56,166] [WARNING] [src.ui.utils.tilemap_renderer]: Textura para tile_id 5 na célula (2, 2) não encontrada.
[2026-09-05 20:55:56,166] [WARNING] [src.domain.loaders.tileset_manager]: tile_id 5 fora dos limites para tileset 'estrada_vale' (total de tiles: 0).
[2026-09-05 20:55:56,166] [WARNING] [src.ui.utils.tilemap_renderer]: Textura para tile_id 5 na célula (3, 2) não encontrada.
[2026-09-05 20:55:56,167] [WARNING] [src.domain.loaders.tileset_manager]: tile_id 5 fora dos limites para tileset 'estrada_vale' (total de tiles: 0).
[2026-09-05 20:55:56,167] [WARNING] [src.ui.utils.tilemap_renderer]: Textura para tile_id 5 na célula (4, 2) não encontrada.
[2026-09-05 20:55:56,167] [WARNING] [src.domain.loaders.tileset_manager]: tile_id 5 fora dos limites para tileset 'estrada_vale' (total de tiles: 0).
[2026-09-05 20:55:56,168] [WARNING] [src.ui.utils.tilemap_renderer]: Textura para tile_id 5 na célula (5, 2) não encontrada.
[2026-09-05 20:55:56,168] [WARNING] [src.domain.loaders.tileset_manager]: tile_id 5 fora dos limites para tileset 'estrada_vale' (total de tiles: 0).
[2026-09-05 20:55:56,168] [WARNING] [src.ui.utils.tilemap_renderer]: Textura para tile_id 5 na célula (6, 2) não encontrada.
[2026-09-05 20:55:56,169] [WARNING] [src.domain.loaders.tileset_manager]: tile_id 5 fora dos limites para tileset 'estrada_vale' (total de tiles: 0).
[2026-09-05 20:55:56,169] [WARNING] [src.ui.utils.tilemap_renderer]: Textura para tile_id 5 na célula (7, 2) não encontrada.
[2026-09-05 20:55:56,169] [WARNING] [src.domain.loaders.tileset_manager]: tile_id 5 fora dos limites para tileset 'estrada_vale' (total de tiles: 0).
[2026-09-05 20:55:56,170] [WARNING] [src.ui.utils.tilemap_renderer]: Textura para tile_id 5 na célula (8, 2) não encontrada.
[2026-09-05 20:55:56,170] [WARNING] [src.domain.loaders.tileset_manager]: tile_id 5 fora dos limites para tileset 'estrada_vale' (total de tiles: 0).
[2026-09-05 20:55:56,170] [WARNING] [src.ui.utils.tilemap_renderer]: Textura para tile_id 5 na célula (9, 2) não encontrada.
[2026-09-05 20:55:56,171] [WARNING] [src.domain.loaders.tileset_manager]: tile_id 5 fora dos limites para tileset 'estrada_vale' (total de tiles: 0).
[2026-09-05 20:55:56,171] [WARNING] [src.ui.utils.tilemap_renderer]: Textura para tile_id 5 na célula (10, 2) não encontrada.
[2026-09-05 20:55:56,171] [WARNING] [src.domain.loaders.tileset_manager]: tile_id 5 fora dos limites para tileset 'estrada_vale' (total de tiles: 0).
[2026-09-05 20:55:56,172] [WARNING] [src.ui.utils.tilemap_renderer]: Textura para tile_id 5 na célula (11, 2) não encontrada.
[2026-09-05 20:55:56,172] [WARNING] [src.domain.loaders.tileset_manager]: tile_id 5 fora dos limites para tileset 'estrada_vale' (total de tiles: 0).
[2026-09-05 20:55:56,172] [WARNING] [src.ui.utils.tilemap_renderer]: Textura para tile_id 5 na célula (12, 2) não encontrada.
[2026-09-05 20:55:56,172] [WARNING] [src.domain.loaders.tileset_manager]: tile_id 5 fora dos limites para tileset 'estrada_vale' (total de tiles: 0).
[2026-09-05 20:55:56,172] [WARNING] [src.ui.utils.tilemap_renderer]: Textura para tile_id 5 na célula (13, 2) não encontrada.
[2026-09-05 20:55:56,174] [WARNING] [src.domain.loaders.tileset_manager]: tile_id 5 fora dos limites para tileset 'estrada_vale' (total de tiles: 0).
[2026-09-05 20:55:56,174] [WARNING] [src.ui.utils.tilemap_renderer]: Textura para tile_id 5 na célula (14, 2) não encontrada.
[2026-09-05 20:55:56,174] [WARNING] [src.domain.loaders.tileset_manager]: tile_id 5 fora dos limites para tileset 'estrada_vale' (total de tiles: 0).
[2026-09-05 20:55:56,174] [WARNING] [src.ui.utils.tilemap_renderer]: Textura para tile_id 5 na célula (15, 2) não encontrada.
[2026-09-05 20:55:56,175] [WARNING] [src.domain.loaders.tileset_manager]: tile_id 5 fora dos limites para tileset 'estrada_vale' (total de tiles: 0).
[2026-09-05 20:55:56,175] [WARNING] [src.ui.utils.tilemap_renderer]: Textura para tile_id 5 na célula (16, 2) não encontrada.
[2026-09-05 20:55:56,176] [WARNING] [src.domain.loaders.tileset_manager]: tile_id 5 fora dos limites para tileset 'estrada_vale' (total de tiles: 0).
[2026-09-05 20:55:56,177] [WARNING] [src.ui.utils.tilemap_renderer]: Textura para tile_id 5 na célula (17, 2) não encontrada.
[2026-09-05 20:55:56,177] [WARNING] [src.domain.loaders.tileset_manager]: tile_id 5 fora dos limites para tileset 'estrada_vale' (total de tiles: 0).
[2026-09-05 20:55:56,177] [WARNING] [src.ui.utils.tilemap_renderer]: Textura para tile_id 5 na célula (18, 2) não encontrada.
[2026-09-05 20:55:56,178] [WARNING] [src.domain.loaders.tileset_manager]: tile_id 5 fora dos limites para tileset 'estrada_vale' (total de tiles: 0).
[2026-09-05 20:55:56,178] [WARNING] [src.ui.utils.tilemap_renderer]: Textura para tile_id 5 na célula (19, 2) não encontrada.
[2026-09-05 20:55:56,178] [WARNING] [src.domain.loaders.tileset_manager]: tile_id 5 fora dos limites para tileset 'estrada_vale' (total de tiles: 0).
[2026-09-05 20:55:56,179] [WARNING] [src.ui.utils.tilemap_renderer]: Textura para tile_id 5 na célula (20, 2) não encontrada.
[2026-09-05 20:55:56,179] [WARNING] [src.domain.loaders.tileset_manager]: tile_id 55 fora dos limites para tileset 'estrada_vale' (total de tiles: 0).
[2026-09-05 20:55:56,179] [WARNING] [src.ui.utils.tilemap_renderer]: Textura para tile_id 55 na célula (0, 3) não encontrada.
[2026-09-05 20:55:56,179] [WARNING] [src.domain.loaders.tileset_manager]: tile_id 55 fora dos limites para tileset 'estrada_vale' (total de tiles: 0).
[2026-09-05 20:55:56,180] [WARNING] [src.ui.utils.tilemap_renderer]: Textura para tile_id 55 na célula (1, 3) não encontrada.
[2026-09-05 20:55:56,180] [WARNING] [src.domain.loaders.tileset_manager]: tile_id 55 fora dos limites para tileset 'estrada_vale' (total de tiles: 0).
[2026-09-05 20:55:56,180] [WARNING] [src.ui.utils.tilemap_renderer]: Textura para tile_id 55 na célula (2, 3) não encontrada.
[2026-09-05 20:55:56,181] [WARNING] [src.domain.loaders.tileset_manager]: tile_id 55 fora dos limites para tileset 'estrada_vale' (total de tiles: 0).
[2026-09-05 20:55:56,181] [WARNING] [src.ui.utils.tilemap_renderer]: Textura para tile_id 55 na célula (3, 3) não encontrada.
[2026-09-05 20:55:56,181] [WARNING] [src.domain.loaders.tileset_manager]: tile_id 55 fora dos limites para tileset 'estrada_vale' (total de tiles: 0).
[2026-09-05 20:55:56,182] [WARNING] [src.ui.utils.tilemap_renderer]: Textura para tile_id 55 na célula (4, 3) não encontrada.
[2026-09-05 20:55:56,182] [WARNING] [src.domain.loaders.tileset_manager]: tile_id 55 fora dos limites para tileset 'estrada_vale' (total de tiles: 0).
[2026-09-05 20:55:56,182] [WARNING] [src.ui.utils.tilemap_renderer]: Textura para tile_id 55 na célula (5, 3) não encontrada.
[2026-09-05 20:55:56,183] [WARNING] [src.domain.loaders.tileset_manager]: tile_id 55 fora dos limites para tileset 'estrada_vale' (total de tiles: 0).
[2026-09-05 20:55:56,183] [WARNING] [src.ui.utils.tilemap_renderer]: Textura para tile_id 55 na célula (6, 3) não encontrada.
[2026-09-05 20:55:56,184] [WARNING] [src.domain.loaders.tileset_manager]: tile_id 55 fora dos limites para tileset 'estrada_vale' (total de tiles: 0).
[2026-09-05 20:55:56,184] [WARNING] [src.ui.utils.tilemap_renderer]: Textura para tile_id 55 na célula (7, 3) não encontrada.
[2026-09-05 20:55:56,184] [WARNING] [src.domain.loaders.tileset_manager]: tile_id 55 fora dos limites para tileset 'estrada_vale' (total de tiles: 0).
[2026-09-05 20:55:56,184] [WARNING] [src.ui.utils.tilemap_renderer]: Textura para tile_id 55 na célula (8, 3) não encontrada.
[2026-09-05 20:55:56,185] [WARNING] [src.domain.loaders.tileset_manager]: tile_id 55 fora dos limites para tileset 'estrada_vale' (total de tiles: 0).
[2026-09-05 20:55:56,185] [WARNING] [src.ui.utils.tilemap_renderer]: Textura para tile_id 55 na célula (9, 3) não encontrada.
[2026-09-05 20:55:56,185] [WARNING] [src.domain.loaders.tileset_manager]: tile_id 55 fora dos limites para tileset 'estrada_vale' (total de tiles: 0).
[2026-09-05 20:55:56,186] [WARNING] [src.ui.utils.tilemap_renderer]: Textura para tile_id 55 na célula (10, 3) não encontrada.
[2026-09-05 20:55:56,186] [WARNING] [src.domain.loaders.tileset_manager]: tile_id 55 fora dos limites para tileset 'estrada_vale' (total de tiles: 0).
[2026-09-05 20:55:56,186] [WARNING] [src.ui.utils.tilemap_renderer]: Textura para tile_id 55 na célula (11, 3) não encontrada.
[2026-09-05 20:55:56,186] [WARNING] [src.domain.loaders.tileset_manager]: tile_id 55 fora dos limites para tileset 'estrada_vale' (total de tiles: 0).
[2026-09-05 20:55:56,187] [WARNING] [src.ui.utils.tilemap_renderer]: Textura para tile_id 55 na célula (12, 3) não encontrada.
[2026-09-05 20:55:56,187] [WARNING] [src.domain.loaders.tileset_manager]: tile_id 55 fora dos limites para tileset 'estrada_vale' (total de tiles: 0).
[2026-09-05 20:55:56,187] [WARNING] [src.ui.utils.tilemap_renderer]: Textura para tile_id 55 na célula (13, 3) não encontrada.
[2026-09-05 20:55:56,188] [WARNING] [src.domain.loaders.tileset_manager]: tile_id 55 fora dos limites para tileset 'estrada_vale' (total de tiles: 0).
[2026-09-05 20:55:56,188] [WARNING] [src.ui.utils.tilemap_renderer]: Textura para tile_id 55 na célula (14, 3) não encontrada.
[2026-09-05 20:55:56,188] [WARNING] [src.domain.loaders.tileset_manager]: tile_id 55 fora dos limites para tileset 'estrada_vale' (total de tiles: 0).
[2026-09-05 20:55:56,188] [WARNING] [src.ui.utils.tilemap_renderer]: Textura para tile_id 55 na célula (15, 3) não encontrada.
[2026-09-05 20:55:56,188] [WARNING] [src.domain.loaders.tileset_manager]: tile_id 55 fora dos limites para tileset 'estrada_vale' (total de tiles: 0).
[2026-09-05 20:55:56,188] [WARNING] [src.ui.utils.tilemap_renderer]: Textura para tile_id 55 na célula (16, 3) não encontrada.
[2026-09-05 20:55:56,190] [WARNING] [src.domain.loaders.tileset_manager]: tile_id 55 fora dos limites para tileset 'estrada_vale' (total de tiles: 0).
[2026-09-05 20:55:56,190] [WARNING] [src.ui.utils.tilemap_renderer]: Textura para tile_id 55 na célula (17, 3) não encontrada.
[2026-09-05 20:55:56,191] [WARNING] [src.domain.loaders.tileset_manager]: tile_id 55 fora dos limites para tileset 'estrada_vale' (total de tiles: 0).
[2026-09-05 20:55:56,191] [WARNING] [src.ui.utils.tilemap_renderer]: Textura para tile_id 55 na célula (18, 3) não encontrada.
[2026-09-05 20:55:56,191] [WARNING] [src.domain.loaders.tileset_manager]: tile_id 55 fora dos limites para tileset 'estrada_vale' (total de tiles: 0).
[2026-09-05 20:55:56,192] [WARNING] [src.ui.utils.tilemap_renderer]: Textura para tile_id 55 na célula (19, 3) não encontrada.
[2026-09-05 20:55:56,192] [WARNING] [src.domain.loaders.tileset_manager]: tile_id 55 fora dos limites para tileset 'estrada_vale' (total de tiles: 0).
[2026-09-05 20:55:56,192] [WARNING] [src.ui.utils.tilemap_renderer]: Textura para tile_id 55 na célula (20, 3) não encontrada.
[2026-09-05 20:55:56,193] [WARNING] [src.domain.loaders.tileset_manager]: tile_id 58 fora dos limites para tileset 'estrada_vale' (total de tiles: 0).
[2026-09-05 20:55:56,193] [WARNING] [src.ui.utils.tilemap_renderer]: Textura para tile_id 58 na célula (0, 4) não encontrada.
[2026-09-05 20:55:56,193] [WARNING] [src.domain.loaders.tileset_manager]: tile_id 58 fora dos limites para tileset 'estrada_vale' (total de tiles: 0).
[2026-09-05 20:55:56,194] [WARNING] [src.ui.utils.tilemap_renderer]: Textura para tile_id 58 na célula (1, 4) não encontrada.
[2026-09-05 20:55:56,194] [WARNING] [src.domain.loaders.tileset_manager]: tile_id 59 fora dos limites para tileset 'estrada_vale' (total de tiles: 0).
[2026-09-05 20:55:56,194] [WARNING] [src.ui.utils.tilemap_renderer]: Textura para tile_id 59 na célula (2, 4) não encontrada.
[2026-09-05 20:55:56,195] [WARNING] [src.domain.loaders.tileset_manager]: tile_id 61 fora dos limites para tileset 'estrada_vale' (total de tiles: 0).
[2026-09-05 20:55:56,195] [WARNING] [src.ui.utils.tilemap_renderer]: Textura para tile_id 61 na célula (3, 4) não encontrada.
[2026-09-05 20:55:56,195] [WARNING] [src.domain.loaders.tileset_manager]: tile_id 61 fora dos limites para tileset 'estrada_vale' (total de tiles: 0).
[2026-09-05 20:55:56,196] [WARNING] [src.ui.utils.tilemap_renderer]: Textura para tile_id 61 na célula (4, 4) não encontrada.
[2026-09-05 20:55:56,196] [WARNING] [src.domain.loaders.tileset_manager]: tile_id 61 fora dos limites para tileset 'estrada_vale' (total de tiles: 0).
[2026-09-05 20:55:56,196] [WARNING] [src.ui.utils.tilemap_renderer]: Textura para tile_id 61 na célula (5, 4) não encontrada.
[2026-09-05 20:55:56,197] [WARNING] [src.domain.loaders.tileset_manager]: tile_id 61 fora dos limites para tileset 'estrada_vale' (total de tiles: 0).
[2026-09-05 20:55:56,197] [WARNING] [src.ui.utils.tilemap_renderer]: Textura para tile_id 61 na célula (6, 4) não encontrada.
[2026-09-05 20:55:56,197] [WARNING] [src.domain.loaders.tileset_manager]: tile_id 61 fora dos limites para tileset 'estrada_vale' (total de tiles: 0).
[2026-09-05 20:55:56,197] [WARNING] [src.ui.utils.tilemap_renderer]: Textura para tile_id 61 na célula (7, 4) não encontrada.
[2026-09-05 20:55:56,198] [WARNING] [src.domain.loaders.tileset_manager]: tile_id 61 fora dos limites para tileset 'estrada_vale' (total de tiles: 0).
[2026-09-05 20:55:56,198] [WARNING] [src.ui.utils.tilemap_renderer]: Textura para tile_id 61 na célula (8, 4) não encontrada.
[2026-09-05 20:55:56,199] [WARNING] [src.domain.loaders.tileset_manager]: tile_id 61 fora dos limites para tileset 'estrada_vale' (total de tiles: 0).
[2026-09-05 20:55:56,199] [WARNING] [src.ui.utils.tilemap_renderer]: Textura para tile_id 61 na célula (9, 4) não encontrada.
[2026-09-05 20:55:56,199] [WARNING] [src.domain.loaders.tileset_manager]: tile_id 61 fora dos limites para tileset 'estrada_vale' (total de tiles: 0).
[2026-09-05 20:55:56,199] [WARNING] [src.ui.utils.tilemap_renderer]: Textura para tile_id 61 na célula (10, 4) não encontrada.
[2026-09-05 20:55:56,200] [WARNING] [src.domain.loaders.tileset_manager]: tile_id 61 fora dos limites para tileset 'estrada_vale' (total de tiles: 0).
[2026-09-05 20:55:56,200] [WARNING] [src.ui.utils.tilemap_renderer]: Textura para tile_id 61 na célula (11, 4) não encontrada.
[2026-09-05 20:55:56,200] [WARNING] [src.domain.loaders.tileset_manager]: tile_id 61 fora dos limites para tileset 'estrada_vale' (total de tiles: 0).
[2026-09-05 20:55:56,201] [WARNING] [src.ui.utils.tilemap_renderer]: Textura para tile_id 61 na célula (12, 4) não encontrada.
[2026-09-05 20:55:56,201] [WARNING] [src.domain.loaders.tileset_manager]: tile_id 61 fora dos limites para tileset 'estrada_vale' (total de tiles: 0).
[2026-09-05 20:55:56,201] [WARNING] [src.ui.utils.tilemap_renderer]: Textura para tile_id 61 na célula (13, 4) não encontrada.
[2026-09-05 20:55:56,202] [WARNING] [src.domain.loaders.tileset_manager]: tile_id 61 fora dos limites para tileset 'estrada_vale' (total de tiles: 0).
[2026-09-05 20:55:56,202] [WARNING] [src.ui.utils.tilemap_renderer]: Textura para tile_id 61 na célula (14, 4) não encontrada.
[2026-09-05 20:55:56,202] [WARNING] [src.domain.loaders.tileset_manager]: tile_id 61 fora dos limites para tileset 'estrada_vale' (total de tiles: 0).
[2026-09-05 20:55:56,203] [WARNING] [src.ui.utils.tilemap_renderer]: Textura para tile_id 61 na célula (15, 4) não encontrada.
[2026-09-05 20:55:56,203] [WARNING] [src.domain.loaders.tileset_manager]: tile_id 61 fora dos limites para tileset 'estrada_vale' (total de tiles: 0).
[2026-09-05 20:55:56,203] [WARNING] [src.ui.utils.tilemap_renderer]: Textura para tile_id 61 na célula (16, 4) não encontrada.
[2026-09-05 20:55:56,203] [WARNING] [src.domain.loaders.tileset_manager]: tile_id 61 fora dos limites para tileset 'estrada_vale' (total de tiles: 0).
[2026-09-05 20:55:56,204] [WARNING] [src.ui.utils.tilemap_renderer]: Textura para tile_id 61 na célula (17, 4) não encontrada.
[2026-09-05 20:55:56,204] [WARNING] [src.domain.loaders.tileset_manager]: tile_id 61 fora dos limites para tileset 'estrada_vale' (total de tiles: 0).
[2026-09-05 20:55:56,204] [WARNING] [src.ui.utils.tilemap_renderer]: Textura para tile_id 61 na célula (18, 4) não encontrada.
[2026-09-05 20:55:56,204] [WARNING] [src.domain.loaders.tileset_manager]: tile_id 61 fora dos limites para tileset 'estrada_vale' (total de tiles: 0).
[2026-09-05 20:55:56,204] [WARNING] [src.ui.utils.tilemap_renderer]: Textura para tile_id 61 na célula (19, 4) não encontrada.
[2026-09-05 20:55:56,204] [WARNING] [src.domain.loaders.tileset_manager]: tile_id 61 fora dos limites para tileset 'estrada_vale' (total de tiles: 0).
[2026-09-05 20:55:56,204] [WARNING] [src.ui.utils.tilemap_renderer]: Textura para tile_id 61 na célula (20, 4) não encontrada.
[2026-09-05 20:55:56,206] [WARNING] [src.domain.loaders.tileset_manager]: tile_id 58 fora dos limites para tileset 'estrada_vale' (total de tiles: 0).
[2026-09-05 20:55:56,206] [WARNING] [src.ui.utils.tilemap_renderer]: Textura para tile_id 58 na célula (0, 5) não encontrada.
[2026-09-05 20:55:56,206] [WARNING] [src.domain.loaders.tileset_manager]: tile_id 59 fora dos limites para tileset 'estrada_vale' (total de tiles: 0).
[2026-09-05 20:55:56,207] [WARNING] [src.ui.utils.tilemap_renderer]: Textura para tile_id 59 na célula (1, 5) não encontrada.
[2026-09-05 20:55:56,207] [WARNING] [src.domain.loaders.tileset_manager]: tile_id 67 fora dos limites para tileset 'estrada_vale' (total de tiles: 0).
[2026-09-05 20:55:56,208] [WARNING] [src.ui.utils.tilemap_renderer]: Textura para tile_id 67 na célula (2, 5) não encontrada.
[2026-09-05 20:55:56,208] [WARNING] [src.domain.loaders.tileset_manager]: tile_id 23 fora dos limites para tileset 'estrada_vale' (total de tiles: 0).
[2026-09-05 20:55:56,208] [WARNING] [src.ui.utils.tilemap_renderer]: Textura para tile_id 23 na célula (3, 5) não encontrada.
[2026-09-05 20:55:56,209] [WARNING] [src.domain.loaders.tileset_manager]: tile_id 69 fora dos limites para tileset 'estrada_vale' (total de tiles: 0).
[2026-09-05 20:55:56,209] [WARNING] [src.ui.utils.tilemap_renderer]: Textura para tile_id 69 na célula (4, 5) não encontrada.
[2026-09-05 20:55:56,209] [WARNING] [src.domain.loaders.tileset_manager]: tile_id 27 fora dos limites para tileset 'estrada_vale' (total de tiles: 0).
[2026-09-05 20:55:56,209] [WARNING] [src.ui.utils.tilemap_renderer]: Textura para tile_id 27 na célula (5, 5) não encontrada.
[2026-09-05 20:55:56,210] [WARNING] [src.domain.loaders.tileset_manager]: tile_id 68 fora dos limites para tileset 'estrada_vale' (total de tiles: 0).
[2026-09-05 20:55:56,210] [WARNING] [src.ui.utils.tilemap_renderer]: Textura para tile_id 68 na célula (6, 5) não encontrada.
[2026-09-05 20:55:56,211] [WARNING] [src.domain.loaders.tileset_manager]: tile_id 23 fora dos limites para tileset 'estrada_vale' (total de tiles: 0).
[2026-09-05 20:55:56,211] [WARNING] [src.ui.utils.tilemap_renderer]: Textura para tile_id 23 na célula (7, 5) não encontrada.
[2026-09-05 20:55:56,211] [WARNING] [src.domain.loaders.tileset_manager]: tile_id 23 fora dos limites para tileset 'estrada_vale' (total de tiles: 0).
[2026-09-05 20:55:56,212] [WARNING] [src.ui.utils.tilemap_renderer]: Textura para tile_id 23 na célula (8, 5) não encontrada.
[2026-09-05 20:55:56,212] [WARNING] [src.domain.loaders.tileset_manager]: tile_id 23 fora dos limites para tileset 'estrada_vale' (total de tiles: 0).
[2026-09-05 20:55:56,212] [WARNING] [src.ui.utils.tilemap_renderer]: Textura para tile_id 23 na célula (9, 5) não encontrada.
[2026-09-05 20:55:56,212] [WARNING] [src.domain.loaders.tileset_manager]: tile_id 23 fora dos limites para tileset 'estrada_vale' (total de tiles: 0).
[2026-09-05 20:55:56,212] [WARNING] [src.ui.utils.tilemap_renderer]: Textura para tile_id 23 na célula (10, 5) não encontrada.
[2026-09-05 20:55:56,214] [WARNING] [src.domain.loaders.tileset_manager]: tile_id 23 fora dos limites para tileset 'estrada_vale' (total de tiles: 0).
[2026-09-05 20:55:56,214] [WARNING] [src.ui.utils.tilemap_renderer]: Textura para tile_id 23 na célula (11, 5) não encontrada.
[2026-09-05 20:55:56,214] [WARNING] [src.domain.loaders.tileset_manager]: tile_id 23 fora dos limites para tileset 'estrada_vale' (total de tiles: 0).
[2026-09-05 20:55:56,215] [WARNING] [src.ui.utils.tilemap_renderer]: Textura para tile_id 23 na célula (12, 5) não encontrada.
[2026-09-05 20:55:56,215] [WARNING] [src.domain.loaders.tileset_manager]: tile_id 23 fora dos limites para tileset 'estrada_vale' (total de tiles: 0).
[2026-09-05 20:55:56,215] [WARNING] [src.ui.utils.tilemap_renderer]: Textura para tile_id 23 na célula (13, 5) não encontrada.
[2026-09-05 20:55:56,216] [WARNING] [src.domain.loaders.tileset_manager]: tile_id 23 fora dos limites para tileset 'estrada_vale' (total de tiles: 0).
[2026-09-05 20:55:56,216] [WARNING] [src.ui.utils.tilemap_renderer]: Textura para tile_id 23 na célula (14, 5) não encontrada.
[2026-09-05 20:55:56,216] [WARNING] [src.domain.loaders.tileset_manager]: tile_id 23 fora dos limites para tileset 'estrada_vale' (total de tiles: 0).
[2026-09-05 20:55:56,216] [WARNING] [src.ui.utils.tilemap_renderer]: Textura para tile_id 23 na célula (15, 5) não encontrada.
[2026-09-05 20:55:56,217] [WARNING] [src.domain.loaders.tileset_manager]: tile_id 23 fora dos limites para tileset 'estrada_vale' (total de tiles: 0).
[2026-09-05 20:55:56,217] [WARNING] [src.ui.utils.tilemap_renderer]: Textura para tile_id 23 na célula (16, 5) não encontrada.
[2026-09-05 20:55:56,217] [WARNING] [src.domain.loaders.tileset_manager]: tile_id 23 fora dos limites para tileset 'estrada_vale' (total de tiles: 0).
[2026-09-05 20:55:56,218] [WARNING] [src.ui.utils.tilemap_renderer]: Textura para tile_id 23 na célula (17, 5) não encontrada.
[2026-09-05 20:55:56,218] [WARNING] [src.domain.loaders.tileset_manager]: tile_id 23 fora dos limites para tileset 'estrada_vale' (total de tiles: 0).
[2026-09-05 20:55:56,218] [WARNING] [src.ui.utils.tilemap_renderer]: Textura para tile_id 23 na célula (18, 5) não encontrada.
[2026-09-05 20:55:56,219] [WARNING] [src.domain.loaders.tileset_manager]: tile_id 23 fora dos limites para tileset 'estrada_vale' (total de tiles: 0).
[2026-09-05 20:55:56,219] [WARNING] [src.ui.utils.tilemap_renderer]: Textura para tile_id 23 na célula (19, 5) não encontrada.
[2026-09-05 20:55:56,219] [WARNING] [src.domain.loaders.tileset_manager]: tile_id 23 fora dos limites para tileset 'estrada_vale' (total de tiles: 0).
[2026-09-05 20:55:56,220] [WARNING] [src.ui.utils.tilemap_renderer]: Textura para tile_id 23 na célula (20, 5) não encontrada.
[2026-09-05 20:55:56,220] [WARNING] [src.domain.loaders.tileset_manager]: tile_id 61 fora dos limites para tileset 'estrada_vale' (total de tiles: 0).
[2026-09-05 20:55:56,220] [WARNING] [src.ui.utils.tilemap_renderer]: Textura para tile_id 61 na célula (0, 6) não encontrada.
[2026-09-05 20:55:56,220] [WARNING] [src.domain.loaders.tileset_manager]: tile_id 67 fora dos limites para tileset 'estrada_vale' (total de tiles: 0).
[2026-09-05 20:55:56,221] [WARNING] [src.ui.utils.tilemap_renderer]: Textura para tile_id 67 na célula (1, 6) não encontrada.
[2026-09-05 20:55:56,221] [WARNING] [src.domain.loaders.tileset_manager]: tile_id 23 fora dos limites para tileset 'estrada_vale' (total de tiles: 0).
[2026-09-05 20:55:56,221] [WARNING] [src.ui.utils.tilemap_renderer]: Textura para tile_id 23 na célula (2, 6) não encontrada.
[2026-09-05 20:55:56,222] [WARNING] [src.domain.loaders.tileset_manager]: tile_id 32 fora dos limites para tileset 'estrada_vale' (total de tiles: 0).
[2026-09-05 20:55:56,222] [WARNING] [src.ui.utils.tilemap_renderer]: Textura para tile_id 32 na célula (3, 6) não encontrada.
[2026-09-05 20:55:56,222] [WARNING] [src.domain.loaders.tileset_manager]: tile_id 33 fora dos limites para tileset 'estrada_vale' (total de tiles: 0).
[2026-09-05 20:55:56,222] [WARNING] [src.ui.utils.tilemap_renderer]: Textura para tile_id 33 na célula (4, 6) não encontrada.
[2026-09-05 20:55:56,222] [WARNING] [src.domain.loaders.tileset_manager]: tile_id 31 fora dos limites para tileset 'estrada_vale' (total de tiles: 0).
[2026-09-05 20:55:56,222] [WARNING] [src.ui.utils.tilemap_renderer]: Textura para tile_id 31 na célula (5, 6) não encontrada.
[2026-09-05 20:55:56,222] [WARNING] [src.domain.loaders.tileset_manager]: tile_id 28 fora dos limites para tileset 'estrada_vale' (total de tiles: 0).
[2026-09-05 20:55:56,224] [WARNING] [src.ui.utils.tilemap_renderer]: Textura para tile_id 28 na célula (6, 6) não encontrada.
[2026-09-05 20:55:56,224] [WARNING] [src.domain.loaders.tileset_manager]: tile_id 32 fora dos limites para tileset 'estrada_vale' (total de tiles: 0).
[2026-09-05 20:55:56,225] [WARNING] [src.ui.utils.tilemap_renderer]: Textura para tile_id 32 na célula (7, 6) não encontrada.
[2026-09-05 20:55:56,225] [WARNING] [src.domain.loaders.tileset_manager]: tile_id 32 fora dos limites para tileset 'estrada_vale' (total de tiles: 0).
[2026-09-05 20:55:56,225] [WARNING] [src.ui.utils.tilemap_renderer]: Textura para tile_id 32 na célula (8, 6) não encontrada.
[2026-09-05 20:55:56,225] [WARNING] [src.domain.loaders.tileset_manager]: tile_id 32 fora dos limites para tileset 'estrada_vale' (total de tiles: 0).
[2026-09-05 20:55:56,225] [WARNING] [src.ui.utils.tilemap_renderer]: Textura para tile_id 32 na célula (9, 6) não encontrada.
[2026-09-05 20:55:56,226] [WARNING] [src.domain.loaders.tileset_manager]: tile_id 19 fora dos limites para tileset 'estrada_vale' (total de tiles: 0).
[2026-09-05 20:55:56,226] [WARNING] [src.ui.utils.tilemap_renderer]: Textura para tile_id 19 na célula (10, 6) não encontrada.
[2026-09-05 20:55:56,226] [WARNING] [src.domain.loaders.tileset_manager]: tile_id 35 fora dos limites para tileset 'estrada_vale' (total de tiles: 0).
[2026-09-05 20:55:56,227] [WARNING] [src.ui.utils.tilemap_renderer]: Textura para tile_id 35 na célula (11, 6) não encontrada.
[2026-09-05 20:55:56,227] [WARNING] [src.domain.loaders.tileset_manager]: tile_id 32 fora dos limites para tileset 'estrada_vale' (total de tiles: 0).
[2026-09-05 20:55:56,227] [WARNING] [src.ui.utils.tilemap_renderer]: Textura para tile_id 32 na célula (12, 6) não encontrada.
[2026-09-05 20:55:56,228] [WARNING] [src.domain.loaders.tileset_manager]: tile_id 32 fora dos limites para tileset 'estrada_vale' (total de tiles: 0).
[2026-09-05 20:55:56,228] [WARNING] [src.ui.utils.tilemap_renderer]: Textura para tile_id 32 na célula (13, 6) não encontrada.
[2026-09-05 20:55:56,228] [WARNING] [src.domain.loaders.tileset_manager]: tile_id 32 fora dos limites para tileset 'estrada_vale' (total de tiles: 0).
[2026-09-05 20:55:56,229] [WARNING] [src.ui.utils.tilemap_renderer]: Textura para tile_id 32 na célula (14, 6) não encontrada.
[2026-09-05 20:55:56,229] [WARNING] [src.domain.loaders.tileset_manager]: tile_id 32 fora dos limites para tileset 'estrada_vale' (total de tiles: 0).
[2026-09-05 20:55:56,229] [WARNING] [src.ui.utils.tilemap_renderer]: Textura para tile_id 32 na célula (15, 6) não encontrada.
[2026-09-05 20:55:56,230] [WARNING] [src.domain.loaders.tileset_manager]: tile_id 32 fora dos limites para tileset 'estrada_vale' (total de tiles: 0).
[2026-09-05 20:55:56,230] [WARNING] [src.ui.utils.tilemap_renderer]: Textura para tile_id 32 na célula (16, 6) não encontrada.
[2026-09-05 20:55:56,230] [WARNING] [src.domain.loaders.tileset_manager]: tile_id 32 fora dos limites para tileset 'estrada_vale' (total de tiles: 0).
[2026-09-05 20:55:56,230] [WARNING] [src.ui.utils.tilemap_renderer]: Textura para tile_id 32 na célula (17, 6) não encontrada.
[2026-09-05 20:55:56,231] [WARNING] [src.domain.loaders.tileset_manager]: tile_id 32 fora dos limites para tileset 'estrada_vale' (total de tiles: 0).
[2026-09-05 20:55:56,231] [WARNING] [src.ui.utils.tilemap_renderer]: Textura para tile_id 32 na célula (18, 6) não encontrada.
[2026-09-05 20:55:56,231] [WARNING] [src.domain.loaders.tileset_manager]: tile_id 32 fora dos limites para tileset 'estrada_vale' (total de tiles: 0).
[2026-09-05 20:55:56,232] [WARNING] [src.ui.utils.tilemap_renderer]: Textura para tile_id 32 na célula (19, 6) não encontrada.
[2026-09-05 20:55:56,232] [WARNING] [src.domain.loaders.tileset_manager]: tile_id 32 fora dos limites para tileset 'estrada_vale' (total de tiles: 0).
[2026-09-05 20:55:56,232] [WARNING] [src.ui.utils.tilemap_renderer]: Textura para tile_id 32 na célula (20, 6) não encontrada.
[2026-09-05 20:55:56,232] [WARNING] [src.domain.loaders.tileset_manager]: tile_id 23 fora dos limites para tileset 'estrada_vale' (total de tiles: 0).
[2026-09-05 20:55:56,232] [WARNING] [src.ui.utils.tilemap_renderer]: Textura para tile_id 23 na célula (0, 7) não encontrada.
[2026-09-05 20:55:56,234] [WARNING] [src.domain.loaders.tileset_manager]: tile_id 23 fora dos limites para tileset 'estrada_vale' (total de tiles: 0).
[2026-09-05 20:55:56,234] [WARNING] [src.ui.utils.tilemap_renderer]: Textura para tile_id 23 na célula (1, 7) não encontrada.
[2026-09-05 20:55:56,234] [WARNING] [src.domain.loaders.tileset_manager]: tile_id 32 fora dos limites para tileset 'estrada_vale' (total de tiles: 0).
[2026-09-05 20:55:56,235] [WARNING] [src.ui.utils.tilemap_renderer]: Textura para tile_id 32 na célula (2, 7) não encontrada.
[2026-09-05 20:55:56,235] [WARNING] [src.domain.loaders.tileset_manager]: tile_id 32 fora dos limites para tileset 'estrada_vale' (total de tiles: 0).
[2026-09-05 20:55:56,235] [WARNING] [src.ui.utils.tilemap_renderer]: Textura para tile_id 32 na célula (3, 7) não encontrada.
[2026-09-05 20:55:56,236] [WARNING] [src.domain.loaders.tileset_manager]: tile_id 32 fora dos limites para tileset 'estrada_vale' (total de tiles: 0).
[2026-09-05 20:55:56,236] [WARNING] [src.ui.utils.tilemap_renderer]: Textura para tile_id 32 na célula (4, 7) não encontrada.
[2026-09-05 20:55:56,236] [WARNING] [src.domain.loaders.tileset_manager]: tile_id 32 fora dos limites para tileset 'estrada_vale' (total de tiles: 0).
[2026-09-05 20:55:56,236] [WARNING] [src.ui.utils.tilemap_renderer]: Textura para tile_id 32 na célula (5, 7) não encontrada.
[2026-09-05 20:55:56,237] [WARNING] [src.domain.loaders.tileset_manager]: tile_id 32 fora dos limites para tileset 'estrada_vale' (total de tiles: 0).
[2026-09-05 20:55:56,237] [WARNING] [src.ui.utils.tilemap_renderer]: Textura para tile_id 32 na célula (6, 7) não encontrada.
[2026-09-05 20:55:56,237] [WARNING] [src.domain.loaders.tileset_manager]: tile_id 32 fora dos limites para tileset 'estrada_vale' (total de tiles: 0).
[2026-09-05 20:55:56,238] [WARNING] [src.ui.utils.tilemap_renderer]: Textura para tile_id 32 na célula (7, 7) não encontrada.
[2026-09-05 20:55:56,238] [WARNING] [src.domain.loaders.tileset_manager]: tile_id 32 fora dos limites para tileset 'estrada_vale' (total de tiles: 0).
[2026-09-05 20:55:56,238] [WARNING] [src.ui.utils.tilemap_renderer]: Textura para tile_id 32 na célula (8, 7) não encontrada.
[2026-09-05 20:55:56,238] [WARNING] [src.domain.loaders.tileset_manager]: tile_id 32 fora dos limites para tileset 'estrada_vale' (total de tiles: 0).
[2026-09-05 20:55:56,238] [WARNING] [src.ui.utils.tilemap_renderer]: Textura para tile_id 32 na célula (9, 7) não encontrada.
[2026-09-05 20:55:56,239] [WARNING] [src.domain.loaders.tileset_manager]: tile_id 33 fora dos limites para tileset 'estrada_vale' (total de tiles: 0).
[2026-09-05 20:55:56,239] [WARNING] [src.ui.utils.tilemap_renderer]: Textura para tile_id 33 na célula (10, 7) não encontrada.
[2026-09-05 20:55:56,239] [WARNING] [src.domain.loaders.tileset_manager]: tile_id 28 fora dos limites para tileset 'estrada_vale' (total de tiles: 0).
[2026-09-05 20:55:56,240] [WARNING] [src.ui.utils.tilemap_renderer]: Textura para tile_id 28 na célula (11, 7) não encontrada.
[2026-09-05 20:55:56,240] [WARNING] [src.domain.loaders.tileset_manager]: tile_id 32 fora dos limites para tileset 'estrada_vale' (total de tiles: 0).
[2026-09-05 20:55:56,240] [WARNING] [src.ui.utils.tilemap_renderer]: Textura para tile_id 32 na célula (12, 7) não encontrada.
[2026-09-05 20:55:56,241] [WARNING] [src.domain.loaders.tileset_manager]: tile_id 32 fora dos limites para tileset 'estrada_vale' (total de tiles: 0).
[2026-09-05 20:55:56,242] [WARNING] [src.ui.utils.tilemap_renderer]: Textura para tile_id 32 na célula (13, 7) não encontrada.
[2026-09-05 20:55:56,242] [WARNING] [src.domain.loaders.tileset_manager]: tile_id 32 fora dos limites para tileset 'estrada_vale' (total de tiles: 0).
[2026-09-05 20:55:56,243] [WARNING] [src.ui.utils.tilemap_renderer]: Textura para tile_id 32 na célula (14, 7) não encontrada.
[2026-09-05 20:55:56,243] [WARNING] [src.domain.loaders.tileset_manager]: tile_id 32 fora dos limites para tileset 'estrada_vale' (total de tiles: 0).
[2026-09-05 20:55:56,243] [WARNING] [src.ui.utils.tilemap_renderer]: Textura para tile_id 32 na célula (15, 7) não encontrada.
[2026-09-05 20:55:56,244] [WARNING] [src.domain.loaders.tileset_manager]: tile_id 32 fora dos limites para tileset 'estrada_vale' (total de tiles: 0).
[2026-09-05 20:55:56,244] [WARNING] [src.ui.utils.tilemap_renderer]: Textura para tile_id 32 na célula (16, 7) não encontrada.
[2026-09-05 20:55:56,244] [WARNING] [src.domain.loaders.tileset_manager]: tile_id 32 fora dos limites para tileset 'estrada_vale' (total de tiles: 0).
[2026-09-05 20:55:56,244] [WARNING] [src.ui.utils.tilemap_renderer]: Textura para tile_id 32 na célula (17, 7) não encontrada.
[2026-09-05 20:55:56,245] [WARNING] [src.domain.loaders.tileset_manager]: tile_id 32 fora dos limites para tileset 'estrada_vale' (total de tiles: 0).
[2026-09-05 20:55:56,245] [WARNING] [src.ui.utils.tilemap_renderer]: Textura para tile_id 32 na célula (18, 7) não encontrada.
[2026-09-05 20:55:56,245] [WARNING] [src.domain.loaders.tileset_manager]: tile_id 32 fora dos limites para tileset 'estrada_vale' (total de tiles: 0).
[2026-09-05 20:55:56,246] [WARNING] [src.ui.utils.tilemap_renderer]: Textura para tile_id 32 na célula (19, 7) não encontrada.
[2026-09-05 20:55:56,246] [WARNING] [src.domain.loaders.tileset_manager]: tile_id 32 fora dos limites para tileset 'estrada_vale' (total de tiles: 0).
[2026-09-05 20:55:56,246] [WARNING] [src.ui.utils.tilemap_renderer]: Textura para tile_id 32 na célula (20, 7) não encontrada.
[2026-09-05 20:55:56,246] [WARNING] [src.domain.loaders.tileset_manager]: tile_id 32 fora dos limites para tileset 'estrada_vale' (total de tiles: 0).
[2026-09-05 20:55:56,247] [WARNING] [src.ui.utils.tilemap_renderer]: Textura para tile_id 32 na célula (0, 8) não encontrada.
[2026-09-05 20:55:56,247] [WARNING] [src.domain.loaders.tileset_manager]: tile_id 32 fora dos limites para tileset 'estrada_vale' (total de tiles: 0).
[2026-09-05 20:55:56,247] [WARNING] [src.ui.utils.tilemap_renderer]: Textura para tile_id 32 na célula (1, 8) não encontrada.
[2026-09-05 20:55:56,248] [WARNING] [src.domain.loaders.tileset_manager]: tile_id 19 fora dos limites para tileset 'estrada_vale' (total de tiles: 0).
[2026-09-05 20:55:56,248] [WARNING] [src.ui.utils.tilemap_renderer]: Textura para tile_id 19 na célula (2, 8) não encontrada.
[2026-09-05 20:55:56,248] [WARNING] [src.domain.loaders.tileset_manager]: tile_id 20 fora dos limites para tileset 'estrada_vale' (total de tiles: 0).
[2026-09-05 20:55:56,248] [WARNING] [src.ui.utils.tilemap_renderer]: Textura para tile_id 20 na célula (3, 8) não encontrada.
[2026-09-05 20:55:56,249] [WARNING] [src.domain.loaders.tileset_manager]: tile_id 20 fora dos limites para tileset 'estrada_vale' (total de tiles: 0).
[2026-09-05 20:55:56,249] [WARNING] [src.ui.utils.tilemap_renderer]: Textura para tile_id 20 na célula (4, 8) não encontrada.
[2026-09-05 20:55:56,249] [WARNING] [src.domain.loaders.tileset_manager]: tile_id 20 fora dos limites para tileset 'estrada_vale' (total de tiles: 0).
[2026-09-05 20:55:56,250] [WARNING] [src.ui.utils.tilemap_renderer]: Textura para tile_id 20 na célula (5, 8) não encontrada.
[2026-09-05 20:55:56,250] [WARNING] [src.domain.loaders.tileset_manager]: tile_id 20 fora dos limites para tileset 'estrada_vale' (total de tiles: 0).
[2026-09-05 20:55:56,250] [WARNING] [src.ui.utils.tilemap_renderer]: Textura para tile_id 20 na célula (6, 8) não encontrada.
[2026-09-05 20:55:56,251] [WARNING] [src.domain.loaders.tileset_manager]: tile_id 20 fora dos limites para tileset 'estrada_vale' (total de tiles: 0).
[2026-09-05 20:55:56,251] [WARNING] [src.ui.utils.tilemap_renderer]: Textura para tile_id 20 na célula (7, 8) não encontrada.
[2026-09-05 20:55:56,251] [WARNING] [src.domain.loaders.tileset_manager]: tile_id 20 fora dos limites para tileset 'estrada_vale' (total de tiles: 0).
[2026-09-05 20:55:56,252] [WARNING] [src.ui.utils.tilemap_renderer]: Textura para tile_id 20 na célula (8, 8) não encontrada.
[2026-09-05 20:55:56,252] [WARNING] [src.domain.loaders.tileset_manager]: tile_id 20 fora dos limites para tileset 'estrada_vale' (total de tiles: 0).
[2026-09-05 20:55:56,252] [WARNING] [src.ui.utils.tilemap_renderer]: Textura para tile_id 20 na célula (9, 8) não encontrada.
[2026-09-05 20:55:56,252] [WARNING] [src.domain.loaders.tileset_manager]: tile_id 20 fora dos limites para tileset 'estrada_vale' (total de tiles: 0).
[2026-09-05 20:55:56,252] [WARNING] [src.ui.utils.tilemap_renderer]: Textura para tile_id 20 na célula (10, 8) não encontrada.
[2026-09-05 20:55:56,254] [WARNING] [src.domain.loaders.tileset_manager]: tile_id 20 fora dos limites para tileset 'estrada_vale' (total de tiles: 0).
[2026-09-05 20:55:56,254] [WARNING] [src.ui.utils.tilemap_renderer]: Textura para tile_id 20 na célula (11, 8) não encontrada.
[2026-09-05 20:55:56,254] [WARNING] [src.domain.loaders.tileset_manager]: tile_id 35 fora dos limites para tileset 'estrada_vale' (total de tiles: 0).
[2026-09-05 20:55:56,255] [WARNING] [src.ui.utils.tilemap_renderer]: Textura para tile_id 35 na célula (12, 8) não encontrada.
[2026-09-05 20:55:56,255] [WARNING] [src.domain.loaders.tileset_manager]: tile_id 32 fora dos limites para tileset 'estrada_vale' (total de tiles: 0).
[2026-09-05 20:55:56,255] [WARNING] [src.ui.utils.tilemap_renderer]: Textura para tile_id 32 na célula (13, 8) não encontrada.
[2026-09-05 20:55:56,255] [WARNING] [src.domain.loaders.tileset_manager]: tile_id 32 fora dos limites para tileset 'estrada_vale' (total de tiles: 0).
[2026-09-05 20:55:56,256] [WARNING] [src.ui.utils.tilemap_renderer]: Textura para tile_id 32 na célula (14, 8) não encontrada.
[2026-09-05 20:55:56,256] [WARNING] [src.domain.loaders.tileset_manager]: tile_id 32 fora dos limites para tileset 'estrada_vale' (total de tiles: 0).
[2026-09-05 20:55:56,256] [WARNING] [src.ui.utils.tilemap_renderer]: Textura para tile_id 32 na célula (15, 8) não encontrada.
[2026-09-05 20:55:56,257] [WARNING] [src.domain.loaders.tileset_manager]: tile_id 32 fora dos limites para tileset 'estrada_vale' (total de tiles: 0).
[2026-09-05 20:55:56,257] [WARNING] [src.ui.utils.tilemap_renderer]: Textura para tile_id 32 na célula (16, 8) não encontrada.
[2026-09-05 20:55:56,257] [WARNING] [src.domain.loaders.tileset_manager]: tile_id 32 fora dos limites para tileset 'estrada_vale' (total de tiles: 0).
[2026-09-05 20:55:56,258] [WARNING] [src.ui.utils.tilemap_renderer]: Textura para tile_id 32 na célula (17, 8) não encontrada.
[2026-09-05 20:55:56,258] [WARNING] [src.domain.loaders.tileset_manager]: tile_id 32 fora dos limites para tileset 'estrada_vale' (total de tiles: 0).
[2026-09-05 20:55:56,258] [WARNING] [src.ui.utils.tilemap_renderer]: Textura para tile_id 32 na célula (18, 8) não encontrada.
[2026-09-05 20:55:56,259] [WARNING] [src.domain.loaders.tileset_manager]: tile_id 32 fora dos limites para tileset 'estrada_vale' (total de tiles: 0).
[2026-09-05 20:55:56,259] [WARNING] [src.ui.utils.tilemap_renderer]: Textura para tile_id 32 na célula (19, 8) não encontrada.
[2026-09-05 20:55:56,259] [WARNING] [src.domain.loaders.tileset_manager]: tile_id 32 fora dos limites para tileset 'estrada_vale' (total de tiles: 0).
[2026-09-05 20:55:56,260] [WARNING] [src.ui.utils.tilemap_renderer]: Textura para tile_id 32 na célula (20, 8) não encontrada.
[2026-09-05 20:55:56,260] [WARNING] [src.domain.loaders.tileset_manager]: tile_id 32 fora dos limites para tileset 'estrada_vale' (total de tiles: 0).
[2026-09-05 20:55:56,260] [WARNING] [src.ui.utils.tilemap_renderer]: Textura para tile_id 32 na célula (0, 9) não encontrada.
[2026-09-05 20:55:56,260] [WARNING] [src.domain.loaders.tileset_manager]: tile_id 19 fora dos limites para tileset 'estrada_vale' (total de tiles: 0).
[2026-09-05 20:55:56,260] [WARNING] [src.ui.utils.tilemap_renderer]: Textura para tile_id 19 na célula (1, 9) não encontrada.
[2026-09-05 20:55:56,262] [WARNING] [src.domain.loaders.tileset_manager]: tile_id 21 fora dos limites para tileset 'estrada_vale' (total de tiles: 0).
[2026-09-05 20:55:56,262] [WARNING] [src.ui.utils.tilemap_renderer]: Textura para tile_id 21 na célula (2, 9) não encontrada.
[2026-09-05 20:55:56,262] [WARNING] [src.domain.loaders.tileset_manager]: tile_id 13 fora dos limites para tileset 'estrada_vale' (total de tiles: 0).
[2026-09-05 20:55:56,263] [WARNING] [src.ui.utils.tilemap_renderer]: Textura para tile_id 13 na célula (3, 9) não encontrada.
[2026-09-05 20:55:56,263] [WARNING] [src.domain.loaders.tileset_manager]: tile_id 13 fora dos limites para tileset 'estrada_vale' (total de tiles: 0).
[2026-09-05 20:55:56,263] [WARNING] [src.ui.utils.tilemap_renderer]: Textura para tile_id 13 na célula (4, 9) não encontrada.
[2026-09-05 20:55:56,263] [WARNING] [src.domain.loaders.tileset_manager]: tile_id 13 fora dos limites para tileset 'estrada_vale' (total de tiles: 0).
[2026-09-05 20:55:56,264] [WARNING] [src.ui.utils.tilemap_renderer]: Textura para tile_id 13 na célula (5, 9) não encontrada.
[2026-09-05 20:55:56,264] [WARNING] [src.domain.loaders.tileset_manager]: tile_id 13 fora dos limites para tileset 'estrada_vale' (total de tiles: 0).
[2026-09-05 20:55:56,264] [WARNING] [src.ui.utils.tilemap_renderer]: Textura para tile_id 13 na célula (6, 9) não encontrada.
[2026-09-05 20:55:56,264] [WARNING] [src.domain.loaders.tileset_manager]: tile_id 13 fora dos limites para tileset 'estrada_vale' (total de tiles: 0).
[2026-09-05 20:55:56,265] [WARNING] [src.ui.utils.tilemap_renderer]: Textura para tile_id 13 na célula (7, 9) não encontrada.
[2026-09-05 20:55:56,265] [WARNING] [src.domain.loaders.tileset_manager]: tile_id 13 fora dos limites para tileset 'estrada_vale' (total de tiles: 0).
[2026-09-05 20:55:56,265] [WARNING] [src.ui.utils.tilemap_renderer]: Textura para tile_id 13 na célula (8, 9) não encontrada.
[2026-09-05 20:55:56,265] [WARNING] [src.domain.loaders.tileset_manager]: tile_id 13 fora dos limites para tileset 'estrada_vale' (total de tiles: 0).
[2026-09-05 20:55:56,266] [WARNING] [src.ui.utils.tilemap_renderer]: Textura para tile_id 13 na célula (9, 9) não encontrada.
[2026-09-05 20:55:56,266] [WARNING] [src.domain.loaders.tileset_manager]: tile_id 13 fora dos limites para tileset 'estrada_vale' (total de tiles: 0).
[2026-09-05 20:55:56,266] [WARNING] [src.ui.utils.tilemap_renderer]: Textura para tile_id 13 na célula (10, 9) não encontrada.
[2026-09-05 20:55:56,267] [WARNING] [src.domain.loaders.tileset_manager]: tile_id 13 fora dos limites para tileset 'estrada_vale' (total de tiles: 0).
[2026-09-05 20:55:56,267] [WARNING] [src.ui.utils.tilemap_renderer]: Textura para tile_id 13 na célula (11, 9) não encontrada.
[2026-09-05 20:55:56,267] [WARNING] [src.domain.loaders.tileset_manager]: tile_id 26 fora dos limites para tileset 'estrada_vale' (total de tiles: 0).
[2026-09-05 20:55:56,268] [WARNING] [src.ui.utils.tilemap_renderer]: Textura para tile_id 26 na célula (12, 9) não encontrada.
[2026-09-05 20:55:56,268] [WARNING] [src.domain.loaders.tileset_manager]: tile_id 20 fora dos limites para tileset 'estrada_vale' (total de tiles: 0).
[2026-09-05 20:55:56,268] [WARNING] [src.ui.utils.tilemap_renderer]: Textura para tile_id 20 na célula (13, 9) não encontrada.
[2026-09-05 20:55:56,268] [WARNING] [src.domain.loaders.tileset_manager]: tile_id 20 fora dos limites para tileset 'estrada_vale' (total de tiles: 0).
[2026-09-05 20:55:56,268] [WARNING] [src.ui.utils.tilemap_renderer]: Textura para tile_id 20 na célula (14, 9) não encontrada.
[2026-09-05 20:55:56,270] [WARNING] [src.domain.loaders.tileset_manager]: tile_id 20 fora dos limites para tileset 'estrada_vale' (total de tiles: 0).
[2026-09-05 20:55:56,270] [WARNING] [src.ui.utils.tilemap_renderer]: Textura para tile_id 20 na célula (15, 9) não encontrada.
[2026-09-05 20:55:56,270] [WARNING] [src.domain.loaders.tileset_manager]: tile_id 20 fora dos limites para tileset 'estrada_vale' (total de tiles: 0).
[2026-09-05 20:55:56,270] [WARNING] [src.ui.utils.tilemap_renderer]: Textura para tile_id 20 na célula (16, 9) não encontrada.
[2026-09-05 20:55:56,271] [WARNING] [src.domain.loaders.tileset_manager]: tile_id 20 fora dos limites para tileset 'estrada_vale' (total de tiles: 0).
[2026-09-05 20:55:56,271] [WARNING] [src.ui.utils.tilemap_renderer]: Textura para tile_id 20 na célula (17, 9) não encontrada.
[2026-09-05 20:55:56,271] [WARNING] [src.domain.loaders.tileset_manager]: tile_id 35 fora dos limites para tileset 'estrada_vale' (total de tiles: 0).
[2026-09-05 20:55:56,272] [WARNING] [src.ui.utils.tilemap_renderer]: Textura para tile_id 35 na célula (18, 9) não encontrada.
[2026-09-05 20:55:56,272] [WARNING] [src.domain.loaders.tileset_manager]: tile_id 32 fora dos limites para tileset 'estrada_vale' (total de tiles: 0).
[2026-09-05 20:55:56,272] [WARNING] [src.ui.utils.tilemap_renderer]: Textura para tile_id 32 na célula (19, 9) não encontrada.
[2026-09-05 20:55:56,273] [WARNING] [src.domain.loaders.tileset_manager]: tile_id 32 fora dos limites para tileset 'estrada_vale' (total de tiles: 0).
[2026-09-05 20:55:56,273] [WARNING] [src.ui.utils.tilemap_renderer]: Textura para tile_id 32 na célula (20, 9) não encontrada.
[2026-09-05 20:55:56,273] [WARNING] [src.domain.loaders.tileset_manager]: tile_id 20 fora dos limites para tileset 'estrada_vale' (total de tiles: 0).
[2026-09-05 20:55:56,274] [WARNING] [src.ui.utils.tilemap_renderer]: Textura para tile_id 20 na célula (0, 10) não encontrada.
[2026-09-05 20:55:56,275] [WARNING] [src.domain.loaders.tileset_manager]: tile_id 21 fora dos limites para tileset 'estrada_vale' (total de tiles: 0).
[2026-09-05 20:55:56,275] [WARNING] [src.ui.utils.tilemap_renderer]: Textura para tile_id 21 na célula (1, 10) não encontrada.
[2026-09-05 20:55:56,275] [WARNING] [src.domain.loaders.tileset_manager]: tile_id 13 fora dos limites para tileset 'estrada_vale' (total de tiles: 0).
[2026-09-05 20:55:56,276] [WARNING] [src.ui.utils.tilemap_renderer]: Textura para tile_id 13 na célula (2, 10) não encontrada.
[2026-09-05 20:55:56,276] [WARNING] [src.domain.loaders.tileset_manager]: tile_id 13 fora dos limites para tileset 'estrada_vale' (total de tiles: 0).
[2026-09-05 20:55:56,276] [WARNING] [src.ui.utils.tilemap_renderer]: Textura para tile_id 13 na célula (3, 10) não encontrada.
[2026-09-05 20:55:56,277] [WARNING] [src.domain.loaders.tileset_manager]: tile_id 13 fora dos limites para tileset 'estrada_vale' (total de tiles: 0).
[2026-09-05 20:55:56,277] [WARNING] [src.ui.utils.tilemap_renderer]: Textura para tile_id 13 na célula (4, 10) não encontrada.
[2026-09-05 20:55:56,277] [WARNING] [src.domain.loaders.tileset_manager]: tile_id 13 fora dos limites para tileset 'estrada_vale' (total de tiles: 0).
[2026-09-05 20:55:56,278] [WARNING] [src.ui.utils.tilemap_renderer]: Textura para tile_id 13 na célula (5, 10) não encontrada.
[2026-09-05 20:55:56,278] [WARNING] [src.domain.loaders.tileset_manager]: tile_id 13 fora dos limites para tileset 'estrada_vale' (total de tiles: 0).
[2026-09-05 20:55:56,278] [WARNING] [src.ui.utils.tilemap_renderer]: Textura para tile_id 13 na célula (6, 10) não encontrada.
[2026-09-05 20:55:56,279] [WARNING] [src.domain.loaders.tileset_manager]: tile_id 13 fora dos limites para tileset 'estrada_vale' (total de tiles: 0).
[2026-09-05 20:55:56,279] [WARNING] [src.ui.utils.tilemap_renderer]: Textura para tile_id 13 na célula (7, 10) não encontrada.
[2026-09-05 20:55:56,279] [WARNING] [src.domain.loaders.tileset_manager]: tile_id 13 fora dos limites para tileset 'estrada_vale' (total de tiles: 0).
[2026-09-05 20:55:56,280] [WARNING] [src.ui.utils.tilemap_renderer]: Textura para tile_id 13 na célula (8, 10) não encontrada.
[2026-09-05 20:55:56,280] [WARNING] [src.domain.loaders.tileset_manager]: tile_id 13 fora dos limites para tileset 'estrada_vale' (total de tiles: 0).
[2026-09-05 20:55:56,280] [WARNING] [src.ui.utils.tilemap_renderer]: Textura para tile_id 13 na célula (9, 10) não encontrada.
[2026-09-05 20:55:56,280] [WARNING] [src.domain.loaders.tileset_manager]: tile_id 13 fora dos limites para tileset 'estrada_vale' (total de tiles: 0).
[2026-09-05 20:55:56,281] [WARNING] [src.ui.utils.tilemap_renderer]: Textura para tile_id 13 na célula (10, 10) não encontrada.
[2026-09-05 20:55:56,281] [WARNING] [src.domain.loaders.tileset_manager]: tile_id 13 fora dos limites para tileset 'estrada_vale' (total de tiles: 0).
[2026-09-05 20:55:56,281] [WARNING] [src.ui.utils.tilemap_renderer]: Textura para tile_id 13 na célula (11, 10) não encontrada.
[2026-09-05 20:55:56,282] [WARNING] [src.domain.loaders.tileset_manager]: tile_id 13 fora dos limites para tileset 'estrada_vale' (total de tiles: 0).
[2026-09-05 20:55:56,282] [WARNING] [src.ui.utils.tilemap_renderer]: Textura para tile_id 13 na célula (12, 10) não encontrada.
[2026-09-05 20:55:56,282] [WARNING] [src.domain.loaders.tileset_manager]: tile_id 13 fora dos limites para tileset 'estrada_vale' (total de tiles: 0).
[2026-09-05 20:55:56,283] [WARNING] [src.ui.utils.tilemap_renderer]: Textura para tile_id 13 na célula (13, 10) não encontrada.
[2026-09-05 20:55:56,283] [WARNING] [src.domain.loaders.tileset_manager]: tile_id 13 fora dos limites para tileset 'estrada_vale' (total de tiles: 0).
[2026-09-05 20:55:56,283] [WARNING] [src.ui.utils.tilemap_renderer]: Textura para tile_id 13 na célula (14, 10) não encontrada.
[2026-09-05 20:55:56,283] [WARNING] [src.domain.loaders.tileset_manager]: tile_id 13 fora dos limites para tileset 'estrada_vale' (total de tiles: 0).
[2026-09-05 20:55:56,283] [WARNING] [src.ui.utils.tilemap_renderer]: Textura para tile_id 13 na célula (15, 10) não encontrada.
[2026-09-05 20:55:56,284] [WARNING] [src.domain.loaders.tileset_manager]: tile_id 13 fora dos limites para tileset 'estrada_vale' (total de tiles: 0).
[2026-09-05 20:55:56,284] [WARNING] [src.ui.utils.tilemap_renderer]: Textura para tile_id 13 na célula (16, 10) não encontrada.
[2026-09-05 20:55:56,284] [WARNING] [src.domain.loaders.tileset_manager]: tile_id 13 fora dos limites para tileset 'estrada_vale' (total de tiles: 0).
[2026-09-05 20:55:56,284] [WARNING] [src.ui.utils.tilemap_renderer]: Textura para tile_id 13 na célula (17, 10) não encontrada.
[2026-09-05 20:55:56,285] [WARNING] [src.domain.loaders.tileset_manager]: tile_id 26 fora dos limites para tileset 'estrada_vale' (total de tiles: 0).
[2026-09-05 20:55:56,285] [WARNING] [src.ui.utils.tilemap_renderer]: Textura para tile_id 26 na célula (18, 10) não encontrada.
[2026-09-05 20:55:56,285] [WARNING] [src.domain.loaders.tileset_manager]: tile_id 20 fora dos limites para tileset 'estrada_vale' (total de tiles: 0).
[2026-09-05 20:55:56,286] [WARNING] [src.ui.utils.tilemap_renderer]: Textura para tile_id 20 na célula (19, 10) não encontrada.
[2026-09-05 20:55:56,286] [WARNING] [src.domain.loaders.tileset_manager]: tile_id 20 fora dos limites para tileset 'estrada_vale' (total de tiles: 0).
[2026-09-05 20:55:56,287] [WARNING] [src.ui.utils.tilemap_renderer]: Textura para tile_id 20 na célula (20, 10) não encontrada.
[2026-09-05 20:55:56,287] [WARNING] [src.domain.loaders.tileset_manager]: tile_id 13 fora dos limites para tileset 'estrada_vale' (total de tiles: 0).
[2026-09-05 20:55:56,287] [WARNING] [src.ui.utils.tilemap_renderer]: Textura para tile_id 13 na célula (0, 11) não encontrada.
[2026-09-05 20:55:56,288] [WARNING] [src.domain.loaders.tileset_manager]: tile_id 13 fora dos limites para tileset 'estrada_vale' (total de tiles: 0).
[2026-09-05 20:55:56,288] [WARNING] [src.ui.utils.tilemap_renderer]: Textura para tile_id 13 na célula (1, 11) não encontrada.
[2026-09-05 20:55:56,288] [WARNING] [src.domain.loaders.tileset_manager]: tile_id 13 fora dos limites para tileset 'estrada_vale' (total de tiles: 0).
[2026-09-05 20:55:56,288] [WARNING] [src.ui.utils.tilemap_renderer]: Textura para tile_id 13 na célula (2, 11) não encontrada.
[2026-09-05 20:55:56,289] [WARNING] [src.domain.loaders.tileset_manager]: tile_id 13 fora dos limites para tileset 'estrada_vale' (total de tiles: 0).
[2026-09-05 20:55:56,289] [WARNING] [src.ui.utils.tilemap_renderer]: Textura para tile_id 13 na célula (3, 11) não encontrada.
[2026-09-05 20:55:56,289] [WARNING] [src.domain.loaders.tileset_manager]: tile_id 13 fora dos limites para tileset 'estrada_vale' (total de tiles: 0).
[2026-09-05 20:55:56,289] [WARNING] [src.ui.utils.tilemap_renderer]: Textura para tile_id 13 na célula (4, 11) não encontrada.
[2026-09-05 20:55:56,289] [WARNING] [src.domain.loaders.tileset_manager]: tile_id 13 fora dos limites para tileset 'estrada_vale' (total de tiles: 0).
[2026-09-05 20:55:56,290] [WARNING] [src.ui.utils.tilemap_renderer]: Textura para tile_id 13 na célula (5, 11) não encontrada.
[2026-09-05 20:55:56,290] [WARNING] [src.domain.loaders.tileset_manager]: tile_id 13 fora dos limites para tileset 'estrada_vale' (total de tiles: 0).
[2026-09-05 20:55:56,290] [WARNING] [src.ui.utils.tilemap_renderer]: Textura para tile_id 13 na célula (6, 11) não encontrada.
[2026-09-05 20:55:56,291] [WARNING] [src.domain.loaders.tileset_manager]: tile_id 13 fora dos limites para tileset 'estrada_vale' (total de tiles: 0).
[2026-09-05 20:55:56,291] [WARNING] [src.ui.utils.tilemap_renderer]: Textura para tile_id 13 na célula (7, 11) não encontrada.
[2026-09-05 20:55:56,292] [WARNING] [src.domain.loaders.tileset_manager]: tile_id 13 fora dos limites para tileset 'estrada_vale' (total de tiles: 0).
[2026-09-05 20:55:56,292] [WARNING] [src.ui.utils.tilemap_renderer]: Textura para tile_id 13 na célula (8, 11) não encontrada.
[2026-09-05 20:55:56,292] [WARNING] [src.domain.loaders.tileset_manager]: tile_id 13 fora dos limites para tileset 'estrada_vale' (total de tiles: 0).
[2026-09-05 20:55:56,293] [WARNING] [src.ui.utils.tilemap_renderer]: Textura para tile_id 13 na célula (9, 11) não encontrada.
[2026-09-05 20:55:56,293] [WARNING] [src.domain.loaders.tileset_manager]: tile_id 13 fora dos limites para tileset 'estrada_vale' (total de tiles: 0).
[2026-09-05 20:55:56,293] [WARNING] [src.ui.utils.tilemap_renderer]: Textura para tile_id 13 na célula (10, 11) não encontrada.
[2026-09-05 20:55:56,294] [WARNING] [src.domain.loaders.tileset_manager]: tile_id 13 fora dos limites para tileset 'estrada_vale' (total de tiles: 0).
[2026-09-05 20:55:56,294] [WARNING] [src.ui.utils.tilemap_renderer]: Textura para tile_id 13 na célula (11, 11) não encontrada.
[2026-09-05 20:55:56,295] [WARNING] [src.domain.loaders.tileset_manager]: tile_id 13 fora dos limites para tileset 'estrada_vale' (total de tiles: 0).
[2026-09-05 20:55:56,295] [WARNING] [src.ui.utils.tilemap_renderer]: Textura para tile_id 13 na célula (12, 11) não encontrada.
[2026-09-05 20:55:56,295] [WARNING] [src.domain.loaders.tileset_manager]: tile_id 13 fora dos limites para tileset 'estrada_vale' (total de tiles: 0).
[2026-09-05 20:55:56,296] [WARNING] [src.ui.utils.tilemap_renderer]: Textura para tile_id 13 na célula (13, 11) não encontrada.
[2026-09-05 20:55:56,296] [WARNING] [src.domain.loaders.tileset_manager]: tile_id 13 fora dos limites para tileset 'estrada_vale' (total de tiles: 0).
[2026-09-05 20:55:56,296] [WARNING] [src.ui.utils.tilemap_renderer]: Textura para tile_id 13 na célula (14, 11) não encontrada.
[2026-09-05 20:55:56,297] [WARNING] [src.domain.loaders.tileset_manager]: tile_id 13 fora dos limites para tileset 'estrada_vale' (total de tiles: 0).
[2026-09-05 20:55:56,297] [WARNING] [src.ui.utils.tilemap_renderer]: Textura para tile_id 13 na célula (15, 11) não encontrada.
[2026-09-05 20:55:56,297] [WARNING] [src.domain.loaders.tileset_manager]: tile_id 13 fora dos limites para tileset 'estrada_vale' (total de tiles: 0).
[2026-09-05 20:55:56,298] [WARNING] [src.ui.utils.tilemap_renderer]: Textura para tile_id 13 na célula (16, 11) não encontrada.
[2026-09-05 20:55:56,298] [WARNING] [src.domain.loaders.tileset_manager]: tile_id 13 fora dos limites para tileset 'estrada_vale' (total de tiles: 0).
[2026-09-05 20:55:56,298] [WARNING] [src.ui.utils.tilemap_renderer]: Textura para tile_id 13 na célula (17, 11) não encontrada.
[2026-09-05 20:55:56,298] [WARNING] [src.domain.loaders.tileset_manager]: tile_id 13 fora dos limites para tileset 'estrada_vale' (total de tiles: 0).
[2026-09-05 20:55:56,299] [WARNING] [src.ui.utils.tilemap_renderer]: Textura para tile_id 13 na célula (18, 11) não encontrada.
[2026-09-05 20:55:56,299] [WARNING] [src.domain.loaders.tileset_manager]: tile_id 13 fora dos limites para tileset 'estrada_vale' (total de tiles: 0).
[2026-09-05 20:55:56,299] [WARNING] [src.ui.utils.tilemap_renderer]: Textura para tile_id 13 na célula (19, 11) não encontrada.
[2026-09-05 20:55:56,300] [WARNING] [src.domain.loaders.tileset_manager]: tile_id 13 fora dos limites para tileset 'estrada_vale' (total de tiles: 0).
[2026-09-05 20:55:56,300] [WARNING] [src.ui.utils.tilemap_renderer]: Textura para tile_id 13 na célula (20, 11) não encontrada.
[2026-09-05 20:55:56,340] [INFO] [src.ui.utils.tilemap_renderer]: TileMapRenderer montado: 0 ground sprites e 15 prop sprites para mapa 'estrada_vale' (21x12).
[2026-09-05 20:55:56,351] [WARNING] [src.domain.loaders.tileset_manager]: tile_id 16 fora dos limites para tileset 'estrada_vale' (total de tiles: 0).
[2026-09-05 20:55:56,351] [WARNING] [src.ui.utils.tilemap_renderer]: Textura para tile_id 16 na célula (0, 0) não encontrada.
[2026-09-05 20:55:56,352] [WARNING] [src.domain.loaders.tileset_manager]: tile_id 16 fora dos limites para tileset 'estrada_vale' (total de tiles: 0).
[2026-09-05 20:55:56,353] [WARNING] [src.ui.utils.tilemap_renderer]: Textura para tile_id 16 na célula (1, 0) não encontrada.
[2026-09-05 20:55:56,354] [WARNING] [src.domain.loaders.tileset_manager]: tile_id 16 fora dos limites para tileset 'estrada_vale' (total de tiles: 0).
[2026-09-05 20:55:56,354] [WARNING] [src.ui.utils.tilemap_renderer]: Textura para tile_id 16 na célula (2, 0) não encontrada.
[2026-09-05 20:55:56,355] [WARNING] [src.domain.loaders.tileset_manager]: tile_id 16 fora dos limites para tileset 'estrada_vale' (total de tiles: 0).
[2026-09-05 20:55:56,355] [WARNING] [src.ui.utils.tilemap_renderer]: Textura para tile_id 16 na célula (3, 0) não encontrada.
[2026-09-05 20:55:56,355] [WARNING] [src.domain.loaders.tileset_manager]: tile_id 16 fora dos limites para tileset 'estrada_vale' (total de tiles: 0).
[2026-09-05 20:55:56,355] [WARNING] [src.ui.utils.tilemap_renderer]: Textura para tile_id 16 na célula (4, 0) não encontrada.
[2026-09-05 20:55:56,356] [WARNING] [src.domain.loaders.tileset_manager]: tile_id 16 fora dos limites para tileset 'estrada_vale' (total de tiles: 0).
[2026-09-05 20:55:56,357] [WARNING] [src.ui.utils.tilemap_renderer]: Textura para tile_id 16 na célula (5, 0) não encontrada.
[2026-09-05 20:55:56,362] [WARNING] [src.domain.loaders.tileset_manager]: tile_id 16 fora dos limites para tileset 'estrada_vale' (total de tiles: 0).
[2026-09-05 20:55:56,362] [WARNING] [src.ui.utils.tilemap_renderer]: Textura para tile_id 16 na célula (6, 0) não encontrada.
[2026-09-05 20:55:56,364] [WARNING] [src.domain.loaders.tileset_manager]: tile_id 16 fora dos limites para tileset 'estrada_vale' (total de tiles: 0).
[2026-09-05 20:55:56,364] [WARNING] [src.ui.utils.tilemap_renderer]: Textura para tile_id 16 na célula (7, 0) não encontrada.
[2026-09-05 20:55:56,365] [WARNING] [src.domain.loaders.tileset_manager]: tile_id 16 fora dos limites para tileset 'estrada_vale' (total de tiles: 0).
[2026-09-05 20:55:56,366] [WARNING] [src.ui.utils.tilemap_renderer]: Textura para tile_id 16 na célula (8, 0) não encontrada.
[2026-09-05 20:55:56,367] [WARNING] [src.domain.loaders.tileset_manager]: tile_id 16 fora dos limites para tileset 'estrada_vale' (total de tiles: 0).
[2026-09-05 20:55:56,367] [WARNING] [src.ui.utils.tilemap_renderer]: Textura para tile_id 16 na célula (9, 0) não encontrada.
[2026-09-05 20:55:56,367] [WARNING] [src.domain.loaders.tileset_manager]: tile_id 16 fora dos limites para tileset 'estrada_vale' (total de tiles: 0).
[2026-09-05 20:55:56,367] [WARNING] [src.ui.utils.tilemap_renderer]: Textura para tile_id 16 na célula (10, 0) não encontrada.
[2026-09-05 20:55:56,368] [WARNING] [src.domain.loaders.tileset_manager]: tile_id 16 fora dos limites para tileset 'estrada_vale' (total de tiles: 0).
[2026-09-05 20:55:56,368] [WARNING] [src.ui.utils.tilemap_renderer]: Textura para tile_id 16 na célula (11, 0) não encontrada.
[2026-09-05 20:55:56,368] [WARNING] [src.domain.loaders.tileset_manager]: tile_id 16 fora dos limites para tileset 'estrada_vale' (total de tiles: 0).
[2026-09-05 20:55:56,371] [WARNING] [src.ui.utils.tilemap_renderer]: Textura para tile_id 16 na célula (12, 0) não encontrada.
[2026-09-05 20:55:56,371] [WARNING] [src.domain.loaders.tileset_manager]: tile_id 16 fora dos limites para tileset 'estrada_vale' (total de tiles: 0).
[2026-09-05 20:55:56,372] [WARNING] [src.ui.utils.tilemap_renderer]: Textura para tile_id 16 na célula (13, 0) não encontrada.
[2026-09-05 20:55:56,372] [WARNING] [src.domain.loaders.tileset_manager]: tile_id 16 fora dos limites para tileset 'estrada_vale' (total de tiles: 0).
[2026-09-05 20:55:56,372] [WARNING] [src.ui.utils.tilemap_renderer]: Textura para tile_id 16 na célula (14, 0) não encontrada.
[2026-09-05 20:55:56,372] [WARNING] [src.domain.loaders.tileset_manager]: tile_id 16 fora dos limites para tileset 'estrada_vale' (total de tiles: 0).
[2026-09-05 20:55:56,372] [WARNING] [src.ui.utils.tilemap_renderer]: Textura para tile_id 16 na célula (15, 0) não encontrada.
[2026-09-05 20:55:56,372] [WARNING] [src.domain.loaders.tileset_manager]: tile_id 16 fora dos limites para tileset 'estrada_vale' (total de tiles: 0).
[2026-09-05 20:55:56,374] [WARNING] [src.ui.utils.tilemap_renderer]: Textura para tile_id 16 na célula (16, 0) não encontrada.
[2026-09-05 20:55:56,374] [WARNING] [src.domain.loaders.tileset_manager]: tile_id 16 fora dos limites para tileset 'estrada_vale' (total de tiles: 0).
[2026-09-05 20:55:56,374] [WARNING] [src.ui.utils.tilemap_renderer]: Textura para tile_id 16 na célula (17, 0) não encontrada.
[2026-09-05 20:55:56,375] [WARNING] [src.domain.loaders.tileset_manager]: tile_id 16 fora dos limites para tileset 'estrada_vale' (total de tiles: 0).
[2026-09-05 20:55:56,375] [WARNING] [src.ui.utils.tilemap_renderer]: Textura para tile_id 16 na célula (18, 0) não encontrada.
[2026-09-05 20:55:56,376] [WARNING] [src.domain.loaders.tileset_manager]: tile_id 16 fora dos limites para tileset 'estrada_vale' (total de tiles: 0).
[2026-09-05 20:55:56,376] [WARNING] [src.ui.utils.tilemap_renderer]: Textura para tile_id 16 na célula (19, 0) não encontrada.
[2026-09-05 20:55:56,376] [WARNING] [src.domain.loaders.tileset_manager]: tile_id 16 fora dos limites para tileset 'estrada_vale' (total de tiles: 0).
[2026-09-05 20:55:56,377] [WARNING] [src.ui.utils.tilemap_renderer]: Textura para tile_id 16 na célula (20, 0) não encontrada.
[2026-09-05 20:55:56,377] [WARNING] [src.domain.loaders.tileset_manager]: tile_id 1 fora dos limites para tileset 'estrada_vale' (total de tiles: 0).
[2026-09-05 20:55:56,377] [WARNING] [src.ui.utils.tilemap_renderer]: Textura para tile_id 1 na célula (0, 1) não encontrada.
[2026-09-05 20:55:56,378] [WARNING] [src.domain.loaders.tileset_manager]: tile_id 1 fora dos limites para tileset 'estrada_vale' (total de tiles: 0).
[2026-09-05 20:55:56,378] [WARNING] [src.ui.utils.tilemap_renderer]: Textura para tile_id 1 na célula (1, 1) não encontrada.
[2026-09-05 20:55:56,378] [WARNING] [src.domain.loaders.tileset_manager]: tile_id 1 fora dos limites para tileset 'estrada_vale' (total de tiles: 0).
[2026-09-05 20:55:56,379] [WARNING] [src.ui.utils.tilemap_renderer]: Textura para tile_id 1 na célula (2, 1) não encontrada.
[2026-09-05 20:55:56,379] [WARNING] [src.domain.loaders.tileset_manager]: tile_id 1 fora dos limites para tileset 'estrada_vale' (total de tiles: 0).
[2026-09-05 20:55:56,379] [WARNING] [src.ui.utils.tilemap_renderer]: Textura para tile_id 1 na célula (3, 1) não encontrada.
[2026-09-05 20:55:56,380] [WARNING] [src.domain.loaders.tileset_manager]: tile_id 1 fora dos limites para tileset 'estrada_vale' (total de tiles: 0).
[2026-09-05 20:55:56,380] [WARNING] [src.ui.utils.tilemap_renderer]: Textura para tile_id 1 na célula (4, 1) não encontrada.
[2026-09-05 20:55:56,380] [WARNING] [src.domain.loaders.tileset_manager]: tile_id 1 fora dos limites para tileset 'estrada_vale' (total de tiles: 0).
[2026-09-05 20:55:56,381] [WARNING] [src.ui.utils.tilemap_renderer]: Textura para tile_id 1 na célula (5, 1) não encontrada.
[2026-09-05 20:55:56,381] [WARNING] [src.domain.loaders.tileset_manager]: tile_id 1 fora dos limites para tileset 'estrada_vale' (total de tiles: 0).
[2026-09-05 20:55:56,381] [WARNING] [src.ui.utils.tilemap_renderer]: Textura para tile_id 1 na célula (6, 1) não encontrada.
[2026-09-05 20:55:56,381] [WARNING] [src.domain.loaders.tileset_manager]: tile_id 1 fora dos limites para tileset 'estrada_vale' (total de tiles: 0).
[2026-09-05 20:55:56,382] [WARNING] [src.ui.utils.tilemap_renderer]: Textura para tile_id 1 na célula (7, 1) não encontrada.
[2026-09-05 20:55:56,382] [WARNING] [src.domain.loaders.tileset_manager]: tile_id 1 fora dos limites para tileset 'estrada_vale' (total de tiles: 0).
[2026-09-05 20:55:56,382] [WARNING] [src.ui.utils.tilemap_renderer]: Textura para tile_id 1 na célula (8, 1) não encontrada.
[2026-09-05 20:55:56,383] [WARNING] [src.domain.loaders.tileset_manager]: tile_id 1 fora dos limites para tileset 'estrada_vale' (total de tiles: 0).
[2026-09-05 20:55:56,383] [WARNING] [src.ui.utils.tilemap_renderer]: Textura para tile_id 1 na célula (9, 1) não encontrada.
[2026-09-05 20:55:56,383] [WARNING] [src.domain.loaders.tileset_manager]: tile_id 1 fora dos limites para tileset 'estrada_vale' (total de tiles: 0).
[2026-09-05 20:55:56,384] [WARNING] [src.ui.utils.tilemap_renderer]: Textura para tile_id 1 na célula (10, 1) não encontrada.
[2026-09-05 20:55:56,384] [WARNING] [src.domain.loaders.tileset_manager]: tile_id 1 fora dos limites para tileset 'estrada_vale' (total de tiles: 0).
[2026-09-05 20:55:56,384] [WARNING] [src.ui.utils.tilemap_renderer]: Textura para tile_id 1 na célula (11, 1) não encontrada.
[2026-09-05 20:55:56,384] [WARNING] [src.domain.loaders.tileset_manager]: tile_id 1 fora dos limites para tileset 'estrada_vale' (total de tiles: 0).
[2026-09-05 20:55:56,384] [WARNING] [src.ui.utils.tilemap_renderer]: Textura para tile_id 1 na célula (12, 1) não encontrada.
[2026-09-05 20:55:56,384] [WARNING] [src.domain.loaders.tileset_manager]: tile_id 1 fora dos limites para tileset 'estrada_vale' (total de tiles: 0).
[2026-09-05 20:55:56,386] [WARNING] [src.ui.utils.tilemap_renderer]: Textura para tile_id 1 na célula (13, 1) não encontrada.
[2026-09-05 20:55:56,386] [WARNING] [src.domain.loaders.tileset_manager]: tile_id 1 fora dos limites para tileset 'estrada_vale' (total de tiles: 0).
[2026-09-05 20:55:56,386] [WARNING] [src.ui.utils.tilemap_renderer]: Textura para tile_id 1 na célula (14, 1) não encontrada.
[2026-09-05 20:55:56,387] [WARNING] [src.domain.loaders.tileset_manager]: tile_id 1 fora dos limites para tileset 'estrada_vale' (total de tiles: 0).
[2026-09-05 20:55:56,387] [WARNING] [src.ui.utils.tilemap_renderer]: Textura para tile_id 1 na célula (15, 1) não encontrada.
[2026-09-05 20:55:56,387] [WARNING] [src.domain.loaders.tileset_manager]: tile_id 1 fora dos limites para tileset 'estrada_vale' (total de tiles: 0).
[2026-09-05 20:55:56,388] [WARNING] [src.ui.utils.tilemap_renderer]: Textura para tile_id 1 na célula (16, 1) não encontrada.
[2026-09-05 20:55:56,388] [WARNING] [src.domain.loaders.tileset_manager]: tile_id 1 fora dos limites para tileset 'estrada_vale' (total de tiles: 0).
[2026-09-05 20:55:56,388] [WARNING] [src.ui.utils.tilemap_renderer]: Textura para tile_id 1 na célula (17, 1) não encontrada.
[2026-09-05 20:55:56,389] [WARNING] [src.domain.loaders.tileset_manager]: tile_id 1 fora dos limites para tileset 'estrada_vale' (total de tiles: 0).
[2026-09-05 20:55:56,389] [WARNING] [src.ui.utils.tilemap_renderer]: Textura para tile_id 1 na célula (18, 1) não encontrada.
[2026-09-05 20:55:56,390] [WARNING] [src.domain.loaders.tileset_manager]: tile_id 1 fora dos limites para tileset 'estrada_vale' (total de tiles: 0).
[2026-09-05 20:55:56,390] [WARNING] [src.ui.utils.tilemap_renderer]: Textura para tile_id 1 na célula (19, 1) não encontrada.
[2026-09-05 20:55:56,391] [WARNING] [src.domain.loaders.tileset_manager]: tile_id 1 fora dos limites para tileset 'estrada_vale' (total de tiles: 0).
[2026-09-05 20:55:56,392] [WARNING] [src.ui.utils.tilemap_renderer]: Textura para tile_id 1 na célula (20, 1) não encontrada.
[2026-09-05 20:55:56,392] [WARNING] [src.domain.loaders.tileset_manager]: tile_id 5 fora dos limites para tileset 'estrada_vale' (total de tiles: 0).
[2026-09-05 20:55:56,395] [WARNING] [src.ui.utils.tilemap_renderer]: Textura para tile_id 5 na célula (0, 2) não encontrada.
[2026-09-05 20:55:56,396] [WARNING] [src.domain.loaders.tileset_manager]: tile_id 5 fora dos limites para tileset 'estrada_vale' (total de tiles: 0).
[2026-09-05 20:55:56,396] [WARNING] [src.ui.utils.tilemap_renderer]: Textura para tile_id 5 na célula (1, 2) não encontrada.
[2026-09-05 20:55:56,397] [WARNING] [src.domain.loaders.tileset_manager]: tile_id 5 fora dos limites para tileset 'estrada_vale' (total de tiles: 0).
[2026-09-05 20:55:56,397] [WARNING] [src.ui.utils.tilemap_renderer]: Textura para tile_id 5 na célula (2, 2) não encontrada.
[2026-09-05 20:55:56,398] [WARNING] [src.domain.loaders.tileset_manager]: tile_id 5 fora dos limites para tileset 'estrada_vale' (total de tiles: 0).
[2026-09-05 20:55:56,399] [WARNING] [src.ui.utils.tilemap_renderer]: Textura para tile_id 5 na célula (3, 2) não encontrada.
[2026-09-05 20:55:56,399] [WARNING] [src.domain.loaders.tileset_manager]: tile_id 5 fora dos limites para tileset 'estrada_vale' (total de tiles: 0).
[2026-09-05 20:55:56,400] [WARNING] [src.ui.utils.tilemap_renderer]: Textura para tile_id 5 na célula (4, 2) não encontrada.
[2026-09-05 20:55:56,400] [WARNING] [src.domain.loaders.tileset_manager]: tile_id 5 fora dos limites para tileset 'estrada_vale' (total de tiles: 0).
[2026-09-05 20:55:56,401] [WARNING] [src.ui.utils.tilemap_renderer]: Textura para tile_id 5 na célula (5, 2) não encontrada.
[2026-09-05 20:55:56,401] [WARNING] [src.domain.loaders.tileset_manager]: tile_id 5 fora dos limites para tileset 'estrada_vale' (total de tiles: 0).
[2026-09-05 20:55:56,402] [WARNING] [src.ui.utils.tilemap_renderer]: Textura para tile_id 5 na célula (6, 2) não encontrada.
[2026-09-05 20:55:56,402] [WARNING] [src.domain.loaders.tileset_manager]: tile_id 5 fora dos limites para tileset 'estrada_vale' (total de tiles: 0).
[2026-09-05 20:55:56,402] [WARNING] [src.ui.utils.tilemap_renderer]: Textura para tile_id 5 na célula (7, 2) não encontrada.
[2026-09-05 20:55:56,402] [WARNING] [src.domain.loaders.tileset_manager]: tile_id 5 fora dos limites para tileset 'estrada_vale' (total de tiles: 0).
[2026-09-05 20:55:56,402] [WARNING] [src.ui.utils.tilemap_renderer]: Textura para tile_id 5 na célula (8, 2) não encontrada.
[2026-09-05 20:55:56,404] [WARNING] [src.domain.loaders.tileset_manager]: tile_id 5 fora dos limites para tileset 'estrada_vale' (total de tiles: 0).
[2026-09-05 20:55:56,404] [WARNING] [src.ui.utils.tilemap_renderer]: Textura para tile_id 5 na célula (9, 2) não encontrada.
[2026-09-05 20:55:56,404] [WARNING] [src.domain.loaders.tileset_manager]: tile_id 5 fora dos limites para tileset 'estrada_vale' (total de tiles: 0).
[2026-09-05 20:55:56,404] [WARNING] [src.ui.utils.tilemap_renderer]: Textura para tile_id 5 na célula (10, 2) não encontrada.
[2026-09-05 20:55:56,405] [WARNING] [src.domain.loaders.tileset_manager]: tile_id 5 fora dos limites para tileset 'estrada_vale' (total de tiles: 0).
[2026-09-05 20:55:56,405] [WARNING] [src.ui.utils.tilemap_renderer]: Textura para tile_id 5 na célula (11, 2) não encontrada.
[2026-09-05 20:55:56,406] [WARNING] [src.domain.loaders.tileset_manager]: tile_id 5 fora dos limites para tileset 'estrada_vale' (total de tiles: 0).
[2026-09-05 20:55:56,406] [WARNING] [src.ui.utils.tilemap_renderer]: Textura para tile_id 5 na célula (12, 2) não encontrada.
[2026-09-05 20:55:56,406] [WARNING] [src.domain.loaders.tileset_manager]: tile_id 5 fora dos limites para tileset 'estrada_vale' (total de tiles: 0).
[2026-09-05 20:55:56,407] [WARNING] [src.ui.utils.tilemap_renderer]: Textura para tile_id 5 na célula (13, 2) não encontrada.
[2026-09-05 20:55:56,407] [WARNING] [src.domain.loaders.tileset_manager]: tile_id 5 fora dos limites para tileset 'estrada_vale' (total de tiles: 0).
[2026-09-05 20:55:56,408] [WARNING] [src.ui.utils.tilemap_renderer]: Textura para tile_id 5 na célula (14, 2) não encontrada.
[2026-09-05 20:55:56,408] [WARNING] [src.domain.loaders.tileset_manager]: tile_id 5 fora dos limites para tileset 'estrada_vale' (total de tiles: 0).
[2026-09-05 20:55:56,408] [WARNING] [src.ui.utils.tilemap_renderer]: Textura para tile_id 5 na célula (15, 2) não encontrada.
[2026-09-05 20:55:56,409] [WARNING] [src.domain.loaders.tileset_manager]: tile_id 5 fora dos limites para tileset 'estrada_vale' (total de tiles: 0).
[2026-09-05 20:55:56,409] [WARNING] [src.ui.utils.tilemap_renderer]: Textura para tile_id 5 na célula (16, 2) não encontrada.
[2026-09-05 20:55:56,409] [WARNING] [src.domain.loaders.tileset_manager]: tile_id 5 fora dos limites para tileset 'estrada_vale' (total de tiles: 0).
[2026-09-05 20:55:56,410] [WARNING] [src.ui.utils.tilemap_renderer]: Textura para tile_id 5 na célula (17, 2) não encontrada.
[2026-09-05 20:55:56,410] [WARNING] [src.domain.loaders.tileset_manager]: tile_id 5 fora dos limites para tileset 'estrada_vale' (total de tiles: 0).
[2026-09-05 20:55:56,410] [WARNING] [src.ui.utils.tilemap_renderer]: Textura para tile_id 5 na célula (18, 2) não encontrada.
[2026-09-05 20:55:56,411] [WARNING] [src.domain.loaders.tileset_manager]: tile_id 5 fora dos limites para tileset 'estrada_vale' (total de tiles: 0).
[2026-09-05 20:55:56,411] [WARNING] [src.ui.utils.tilemap_renderer]: Textura para tile_id 5 na célula (19, 2) não encontrada.
[2026-09-05 20:55:56,411] [WARNING] [src.domain.loaders.tileset_manager]: tile_id 5 fora dos limites para tileset 'estrada_vale' (total de tiles: 0).
[2026-09-05 20:55:56,412] [WARNING] [src.ui.utils.tilemap_renderer]: Textura para tile_id 5 na célula (20, 2) não encontrada.
[2026-09-05 20:55:56,412] [WARNING] [src.domain.loaders.tileset_manager]: tile_id 55 fora dos limites para tileset 'estrada_vale' (total de tiles: 0).
[2026-09-05 20:55:56,412] [WARNING] [src.ui.utils.tilemap_renderer]: Textura para tile_id 55 na célula (0, 3) não encontrada.
[2026-09-05 20:55:56,412] [WARNING] [src.domain.loaders.tileset_manager]: tile_id 55 fora dos limites para tileset 'estrada_vale' (total de tiles: 0).
[2026-09-05 20:55:56,414] [WARNING] [src.ui.utils.tilemap_renderer]: Textura para tile_id 55 na célula (1, 3) não encontrada.
[2026-09-05 20:55:56,414] [WARNING] [src.domain.loaders.tileset_manager]: tile_id 55 fora dos limites para tileset 'estrada_vale' (total de tiles: 0).
[2026-09-05 20:55:56,414] [WARNING] [src.ui.utils.tilemap_renderer]: Textura para tile_id 55 na célula (2, 3) não encontrada.
[2026-09-05 20:55:56,415] [WARNING] [src.domain.loaders.tileset_manager]: tile_id 55 fora dos limites para tileset 'estrada_vale' (total de tiles: 0).
[2026-09-05 20:55:56,415] [WARNING] [src.ui.utils.tilemap_renderer]: Textura para tile_id 55 na célula (3, 3) não encontrada.
[2026-09-05 20:55:56,415] [WARNING] [src.domain.loaders.tileset_manager]: tile_id 55 fora dos limites para tileset 'estrada_vale' (total de tiles: 0).
[2026-09-05 20:55:56,415] [WARNING] [src.ui.utils.tilemap_renderer]: Textura para tile_id 55 na célula (4, 3) não encontrada.
[2026-09-05 20:55:56,416] [WARNING] [src.domain.loaders.tileset_manager]: tile_id 55 fora dos limites para tileset 'estrada_vale' (total de tiles: 0).
[2026-09-05 20:55:56,416] [WARNING] [src.ui.utils.tilemap_renderer]: Textura para tile_id 55 na célula (5, 3) não encontrada.
[2026-09-05 20:55:56,416] [WARNING] [src.domain.loaders.tileset_manager]: tile_id 55 fora dos limites para tileset 'estrada_vale' (total de tiles: 0).
[2026-09-05 20:55:56,417] [WARNING] [src.ui.utils.tilemap_renderer]: Textura para tile_id 55 na célula (6, 3) não encontrada.
[2026-09-05 20:55:56,417] [WARNING] [src.domain.loaders.tileset_manager]: tile_id 55 fora dos limites para tileset 'estrada_vale' (total de tiles: 0).
[2026-09-05 20:55:56,417] [WARNING] [src.ui.utils.tilemap_renderer]: Textura para tile_id 55 na célula (7, 3) não encontrada.
[2026-09-05 20:55:56,417] [WARNING] [src.domain.loaders.tileset_manager]: tile_id 55 fora dos limites para tileset 'estrada_vale' (total de tiles: 0).
[2026-09-05 20:55:56,417] [WARNING] [src.ui.utils.tilemap_renderer]: Textura para tile_id 55 na célula (8, 3) não encontrada.
[2026-09-05 20:55:56,418] [WARNING] [src.domain.loaders.tileset_manager]: tile_id 55 fora dos limites para tileset 'estrada_vale' (total de tiles: 0).
[2026-09-05 20:55:56,418] [WARNING] [src.ui.utils.tilemap_renderer]: Textura para tile_id 55 na célula (9, 3) não encontrada.
[2026-09-05 20:55:56,418] [WARNING] [src.domain.loaders.tileset_manager]: tile_id 55 fora dos limites para tileset 'estrada_vale' (total de tiles: 0).
[2026-09-05 20:55:56,419] [WARNING] [src.ui.utils.tilemap_renderer]: Textura para tile_id 55 na célula (10, 3) não encontrada.
[2026-09-05 20:55:56,419] [WARNING] [src.domain.loaders.tileset_manager]: tile_id 55 fora dos limites para tileset 'estrada_vale' (total de tiles: 0).
[2026-09-05 20:55:56,419] [WARNING] [src.ui.utils.tilemap_renderer]: Textura para tile_id 55 na célula (11, 3) não encontrada.
[2026-09-05 20:55:56,420] [WARNING] [src.domain.loaders.tileset_manager]: tile_id 55 fora dos limites para tileset 'estrada_vale' (total de tiles: 0).
[2026-09-05 20:55:56,420] [WARNING] [src.ui.utils.tilemap_renderer]: Textura para tile_id 55 na célula (12, 3) não encontrada.
[2026-09-05 20:55:56,421] [WARNING] [src.domain.loaders.tileset_manager]: tile_id 55 fora dos limites para tileset 'estrada_vale' (total de tiles: 0).
[2026-09-05 20:55:56,421] [WARNING] [src.ui.utils.tilemap_renderer]: Textura para tile_id 55 na célula (13, 3) não encontrada.
[2026-09-05 20:55:56,421] [WARNING] [src.domain.loaders.tileset_manager]: tile_id 55 fora dos limites para tileset 'estrada_vale' (total de tiles: 0).
[2026-09-05 20:55:56,422] [WARNING] [src.ui.utils.tilemap_renderer]: Textura para tile_id 55 na célula (14, 3) não encontrada.
[2026-09-05 20:55:56,422] [WARNING] [src.domain.loaders.tileset_manager]: tile_id 55 fora dos limites para tileset 'estrada_vale' (total de tiles: 0).
[2026-09-05 20:55:56,422] [WARNING] [src.ui.utils.tilemap_renderer]: Textura para tile_id 55 na célula (15, 3) não encontrada.
[2026-09-05 20:55:56,422] [WARNING] [src.domain.loaders.tileset_manager]: tile_id 55 fora dos limites para tileset 'estrada_vale' (total de tiles: 0).
[2026-09-05 20:55:56,423] [WARNING] [src.ui.utils.tilemap_renderer]: Textura para tile_id 55 na célula (16, 3) não encontrada.
[2026-09-05 20:55:56,423] [WARNING] [src.domain.loaders.tileset_manager]: tile_id 55 fora dos limites para tileset 'estrada_vale' (total de tiles: 0).
[2026-09-05 20:55:56,424] [WARNING] [src.ui.utils.tilemap_renderer]: Textura para tile_id 55 na célula (17, 3) não encontrada.
[2026-09-05 20:55:56,424] [WARNING] [src.domain.loaders.tileset_manager]: tile_id 55 fora dos limites para tileset 'estrada_vale' (total de tiles: 0).
[2026-09-05 20:55:56,424] [WARNING] [src.ui.utils.tilemap_renderer]: Textura para tile_id 55 na célula (18, 3) não encontrada.
[2026-09-05 20:55:56,424] [WARNING] [src.domain.loaders.tileset_manager]: tile_id 55 fora dos limites para tileset 'estrada_vale' (total de tiles: 0).
[2026-09-05 20:55:56,425] [WARNING] [src.ui.utils.tilemap_renderer]: Textura para tile_id 55 na célula (19, 3) não encontrada.
[2026-09-05 20:55:56,425] [WARNING] [src.domain.loaders.tileset_manager]: tile_id 55 fora dos limites para tileset 'estrada_vale' (total de tiles: 0).
[2026-09-05 20:55:56,425] [WARNING] [src.ui.utils.tilemap_renderer]: Textura para tile_id 55 na célula (20, 3) não encontrada.
[2026-09-05 20:55:56,426] [WARNING] [src.domain.loaders.tileset_manager]: tile_id 58 fora dos limites para tileset 'estrada_vale' (total de tiles: 0).
[2026-09-05 20:55:56,426] [WARNING] [src.ui.utils.tilemap_renderer]: Textura para tile_id 58 na célula (0, 4) não encontrada.
[2026-09-05 20:55:56,426] [WARNING] [src.domain.loaders.tileset_manager]: tile_id 58 fora dos limites para tileset 'estrada_vale' (total de tiles: 0).
[2026-09-05 20:55:56,427] [WARNING] [src.ui.utils.tilemap_renderer]: Textura para tile_id 58 na célula (1, 4) não encontrada.
[2026-09-05 20:55:56,427] [WARNING] [src.domain.loaders.tileset_manager]: tile_id 59 fora dos limites para tileset 'estrada_vale' (total de tiles: 0).
[2026-09-05 20:55:56,427] [WARNING] [src.ui.utils.tilemap_renderer]: Textura para tile_id 59 na célula (2, 4) não encontrada.
[2026-09-05 20:55:56,428] [WARNING] [src.domain.loaders.tileset_manager]: tile_id 61 fora dos limites para tileset 'estrada_vale' (total de tiles: 0).
[2026-09-05 20:55:56,428] [WARNING] [src.ui.utils.tilemap_renderer]: Textura para tile_id 61 na célula (3, 4) não encontrada.
[2026-09-05 20:55:56,428] [WARNING] [src.domain.loaders.tileset_manager]: tile_id 61 fora dos limites para tileset 'estrada_vale' (total de tiles: 0).
[2026-09-05 20:55:56,429] [WARNING] [src.ui.utils.tilemap_renderer]: Textura para tile_id 61 na célula (4, 4) não encontrada.
[2026-09-05 20:55:56,429] [WARNING] [src.domain.loaders.tileset_manager]: tile_id 61 fora dos limites para tileset 'estrada_vale' (total de tiles: 0).
[2026-09-05 20:55:56,429] [WARNING] [src.ui.utils.tilemap_renderer]: Textura para tile_id 61 na célula (5, 4) não encontrada.
[2026-09-05 20:55:56,430] [WARNING] [src.domain.loaders.tileset_manager]: tile_id 61 fora dos limites para tileset 'estrada_vale' (total de tiles: 0).
[2026-09-05 20:55:56,430] [WARNING] [src.ui.utils.tilemap_renderer]: Textura para tile_id 61 na célula (6, 4) não encontrada.
[2026-09-05 20:55:56,430] [WARNING] [src.domain.loaders.tileset_manager]: tile_id 61 fora dos limites para tileset 'estrada_vale' (total de tiles: 0).
[2026-09-05 20:55:56,430] [WARNING] [src.ui.utils.tilemap_renderer]: Textura para tile_id 61 na célula (7, 4) não encontrada.
[2026-09-05 20:55:56,431] [WARNING] [src.domain.loaders.tileset_manager]: tile_id 61 fora dos limites para tileset 'estrada_vale' (total de tiles: 0).
[2026-09-05 20:55:56,431] [WARNING] [src.ui.utils.tilemap_renderer]: Textura para tile_id 61 na célula (8, 4) não encontrada.
[2026-09-05 20:55:56,431] [WARNING] [src.domain.loaders.tileset_manager]: tile_id 61 fora dos limites para tileset 'estrada_vale' (total de tiles: 0).
[2026-09-05 20:55:56,432] [WARNING] [src.ui.utils.tilemap_renderer]: Textura para tile_id 61 na célula (9, 4) não encontrada.
[2026-09-05 20:55:56,432] [WARNING] [src.domain.loaders.tileset_manager]: tile_id 61 fora dos limites para tileset 'estrada_vale' (total de tiles: 0).
[2026-09-05 20:55:56,432] [WARNING] [src.ui.utils.tilemap_renderer]: Textura para tile_id 61 na célula (10, 4) não encontrada.
[2026-09-05 20:55:56,432] [WARNING] [src.domain.loaders.tileset_manager]: tile_id 61 fora dos limites para tileset 'estrada_vale' (total de tiles: 0).
[2026-09-05 20:55:56,432] [WARNING] [src.ui.utils.tilemap_renderer]: Textura para tile_id 61 na célula (11, 4) não encontrada.
[2026-09-05 20:55:56,434] [WARNING] [src.domain.loaders.tileset_manager]: tile_id 61 fora dos limites para tileset 'estrada_vale' (total de tiles: 0).
[2026-09-05 20:55:56,434] [WARNING] [src.ui.utils.tilemap_renderer]: Textura para tile_id 61 na célula (12, 4) não encontrada.
[2026-09-05 20:55:56,434] [WARNING] [src.domain.loaders.tileset_manager]: tile_id 61 fora dos limites para tileset 'estrada_vale' (total de tiles: 0).
[2026-09-05 20:55:56,435] [WARNING] [src.ui.utils.tilemap_renderer]: Textura para tile_id 61 na célula (13, 4) não encontrada.
[2026-09-05 20:55:56,435] [WARNING] [src.domain.loaders.tileset_manager]: tile_id 61 fora dos limites para tileset 'estrada_vale' (total de tiles: 0).
[2026-09-05 20:55:56,435] [WARNING] [src.ui.utils.tilemap_renderer]: Textura para tile_id 61 na célula (14, 4) não encontrada.
[2026-09-05 20:55:56,435] [WARNING] [src.domain.loaders.tileset_manager]: tile_id 61 fora dos limites para tileset 'estrada_vale' (total de tiles: 0).
[2026-09-05 20:55:56,435] [WARNING] [src.ui.utils.tilemap_renderer]: Textura para tile_id 61 na célula (15, 4) não encontrada.
[2026-09-05 20:55:56,436] [WARNING] [src.domain.loaders.tileset_manager]: tile_id 61 fora dos limites para tileset 'estrada_vale' (total de tiles: 0).
[2026-09-05 20:55:56,436] [WARNING] [src.ui.utils.tilemap_renderer]: Textura para tile_id 61 na célula (16, 4) não encontrada.
[2026-09-05 20:55:56,437] [WARNING] [src.domain.loaders.tileset_manager]: tile_id 61 fora dos limites para tileset 'estrada_vale' (total de tiles: 0).
[2026-09-05 20:55:56,437] [WARNING] [src.ui.utils.tilemap_renderer]: Textura para tile_id 61 na célula (17, 4) não encontrada.
[2026-09-05 20:55:56,437] [WARNING] [src.domain.loaders.tileset_manager]: tile_id 61 fora dos limites para tileset 'estrada_vale' (total de tiles: 0).
[2026-09-05 20:55:56,438] [WARNING] [src.ui.utils.tilemap_renderer]: Textura para tile_id 61 na célula (18, 4) não encontrada.
[2026-09-05 20:55:56,438] [WARNING] [src.domain.loaders.tileset_manager]: tile_id 61 fora dos limites para tileset 'estrada_vale' (total de tiles: 0).
[2026-09-05 20:55:56,438] [WARNING] [src.ui.utils.tilemap_renderer]: Textura para tile_id 61 na célula (19, 4) não encontrada.
[2026-09-05 20:55:56,438] [WARNING] [src.domain.loaders.tileset_manager]: tile_id 61 fora dos limites para tileset 'estrada_vale' (total de tiles: 0).
[2026-09-05 20:55:56,439] [WARNING] [src.ui.utils.tilemap_renderer]: Textura para tile_id 61 na célula (20, 4) não encontrada.
[2026-09-05 20:55:56,439] [WARNING] [src.domain.loaders.tileset_manager]: tile_id 58 fora dos limites para tileset 'estrada_vale' (total de tiles: 0).
[2026-09-05 20:55:56,439] [WARNING] [src.ui.utils.tilemap_renderer]: Textura para tile_id 58 na célula (0, 5) não encontrada.
[2026-09-05 20:55:56,440] [WARNING] [src.domain.loaders.tileset_manager]: tile_id 59 fora dos limites para tileset 'estrada_vale' (total de tiles: 0).
[2026-09-05 20:55:56,440] [WARNING] [src.ui.utils.tilemap_renderer]: Textura para tile_id 59 na célula (1, 5) não encontrada.
[2026-09-05 20:55:56,440] [WARNING] [src.domain.loaders.tileset_manager]: tile_id 67 fora dos limites para tileset 'estrada_vale' (total de tiles: 0).
[2026-09-05 20:55:56,441] [WARNING] [src.ui.utils.tilemap_renderer]: Textura para tile_id 67 na célula (2, 5) não encontrada.
[2026-09-05 20:55:56,441] [WARNING] [src.domain.loaders.tileset_manager]: tile_id 23 fora dos limites para tileset 'estrada_vale' (total de tiles: 0).
[2026-09-05 20:55:56,442] [WARNING] [src.ui.utils.tilemap_renderer]: Textura para tile_id 23 na célula (3, 5) não encontrada.
[2026-09-05 20:55:56,442] [WARNING] [src.domain.loaders.tileset_manager]: tile_id 69 fora dos limites para tileset 'estrada_vale' (total de tiles: 0).
[2026-09-05 20:55:56,442] [WARNING] [src.ui.utils.tilemap_renderer]: Textura para tile_id 69 na célula (4, 5) não encontrada.
[2026-09-05 20:55:56,442] [WARNING] [src.domain.loaders.tileset_manager]: tile_id 27 fora dos limites para tileset 'estrada_vale' (total de tiles: 0).
[2026-09-05 20:55:56,443] [WARNING] [src.ui.utils.tilemap_renderer]: Textura para tile_id 27 na célula (5, 5) não encontrada.
[2026-09-05 20:55:56,443] [WARNING] [src.domain.loaders.tileset_manager]: tile_id 68 fora dos limites para tileset 'estrada_vale' (total de tiles: 0).
[2026-09-05 20:55:56,444] [WARNING] [src.ui.utils.tilemap_renderer]: Textura para tile_id 68 na célula (6, 5) não encontrada.
[2026-09-05 20:55:56,444] [WARNING] [src.domain.loaders.tileset_manager]: tile_id 23 fora dos limites para tileset 'estrada_vale' (total de tiles: 0).
[2026-09-05 20:55:56,444] [WARNING] [src.ui.utils.tilemap_renderer]: Textura para tile_id 23 na célula (7, 5) não encontrada.
[2026-09-05 20:55:56,444] [WARNING] [src.domain.loaders.tileset_manager]: tile_id 23 fora dos limites para tileset 'estrada_vale' (total de tiles: 0).
[2026-09-05 20:55:56,444] [WARNING] [src.ui.utils.tilemap_renderer]: Textura para tile_id 23 na célula (8, 5) não encontrada.
[2026-09-05 20:55:56,445] [WARNING] [src.domain.loaders.tileset_manager]: tile_id 23 fora dos limites para tileset 'estrada_vale' (total de tiles: 0).
[2026-09-05 20:55:56,445] [WARNING] [src.ui.utils.tilemap_renderer]: Textura para tile_id 23 na célula (9, 5) não encontrada.
[2026-09-05 20:55:56,445] [WARNING] [src.domain.loaders.tileset_manager]: tile_id 23 fora dos limites para tileset 'estrada_vale' (total de tiles: 0).
[2026-09-05 20:55:56,445] [WARNING] [src.ui.utils.tilemap_renderer]: Textura para tile_id 23 na célula (10, 5) não encontrada.
[2026-09-05 20:55:56,446] [WARNING] [src.domain.loaders.tileset_manager]: tile_id 23 fora dos limites para tileset 'estrada_vale' (total de tiles: 0).
[2026-09-05 20:55:56,446] [WARNING] [src.ui.utils.tilemap_renderer]: Textura para tile_id 23 na célula (11, 5) não encontrada.
[2026-09-05 20:55:56,446] [WARNING] [src.domain.loaders.tileset_manager]: tile_id 23 fora dos limites para tileset 'estrada_vale' (total de tiles: 0).
[2026-09-05 20:55:56,447] [WARNING] [src.ui.utils.tilemap_renderer]: Textura para tile_id 23 na célula (12, 5) não encontrada.
[2026-09-05 20:55:56,447] [WARNING] [src.domain.loaders.tileset_manager]: tile_id 23 fora dos limites para tileset 'estrada_vale' (total de tiles: 0).
[2026-09-05 20:55:56,447] [WARNING] [src.ui.utils.tilemap_renderer]: Textura para tile_id 23 na célula (13, 5) não encontrada.
[2026-09-05 20:55:56,447] [WARNING] [src.domain.loaders.tileset_manager]: tile_id 23 fora dos limites para tileset 'estrada_vale' (total de tiles: 0).
[2026-09-05 20:55:56,448] [WARNING] [src.ui.utils.tilemap_renderer]: Textura para tile_id 23 na célula (14, 5) não encontrada.
[2026-09-05 20:55:56,448] [WARNING] [src.domain.loaders.tileset_manager]: tile_id 23 fora dos limites para tileset 'estrada_vale' (total de tiles: 0).
[2026-09-05 20:55:56,448] [WARNING] [src.ui.utils.tilemap_renderer]: Textura para tile_id 23 na célula (15, 5) não encontrada.
[2026-09-05 20:55:56,449] [WARNING] [src.domain.loaders.tileset_manager]: tile_id 23 fora dos limites para tileset 'estrada_vale' (total de tiles: 0).
[2026-09-05 20:55:56,449] [WARNING] [src.ui.utils.tilemap_renderer]: Textura para tile_id 23 na célula (16, 5) não encontrada.
[2026-09-05 20:55:56,449] [WARNING] [src.domain.loaders.tileset_manager]: tile_id 23 fora dos limites para tileset 'estrada_vale' (total de tiles: 0).
[2026-09-05 20:55:56,450] [WARNING] [src.ui.utils.tilemap_renderer]: Textura para tile_id 23 na célula (17, 5) não encontrada.
[2026-09-05 20:55:56,450] [WARNING] [src.domain.loaders.tileset_manager]: tile_id 23 fora dos limites para tileset 'estrada_vale' (total de tiles: 0).
[2026-09-05 20:55:56,450] [WARNING] [src.ui.utils.tilemap_renderer]: Textura para tile_id 23 na célula (18, 5) não encontrada.
[2026-09-05 20:55:56,451] [WARNING] [src.domain.loaders.tileset_manager]: tile_id 23 fora dos limites para tileset 'estrada_vale' (total de tiles: 0).
[2026-09-05 20:55:56,451] [WARNING] [src.ui.utils.tilemap_renderer]: Textura para tile_id 23 na célula (19, 5) não encontrada.
[2026-09-05 20:55:56,452] [WARNING] [src.domain.loaders.tileset_manager]: tile_id 23 fora dos limites para tileset 'estrada_vale' (total de tiles: 0).
[2026-09-05 20:55:56,452] [WARNING] [src.ui.utils.tilemap_renderer]: Textura para tile_id 23 na célula (20, 5) não encontrada.
[2026-09-05 20:55:56,453] [WARNING] [src.domain.loaders.tileset_manager]: tile_id 61 fora dos limites para tileset 'estrada_vale' (total de tiles: 0).
[2026-09-05 20:55:56,453] [WARNING] [src.ui.utils.tilemap_renderer]: Textura para tile_id 61 na célula (0, 6) não encontrada.
[2026-09-05 20:55:56,453] [WARNING] [src.domain.loaders.tileset_manager]: tile_id 67 fora dos limites para tileset 'estrada_vale' (total de tiles: 0).
[2026-09-05 20:55:56,453] [WARNING] [src.ui.utils.tilemap_renderer]: Textura para tile_id 67 na célula (1, 6) não encontrada.
[2026-09-05 20:55:56,453] [WARNING] [src.domain.loaders.tileset_manager]: tile_id 23 fora dos limites para tileset 'estrada_vale' (total de tiles: 0).
[2026-09-05 20:55:56,454] [WARNING] [src.ui.utils.tilemap_renderer]: Textura para tile_id 23 na célula (2, 6) não encontrada.
[2026-09-05 20:55:56,454] [WARNING] [src.domain.loaders.tileset_manager]: tile_id 32 fora dos limites para tileset 'estrada_vale' (total de tiles: 0).
[2026-09-05 20:55:56,454] [WARNING] [src.ui.utils.tilemap_renderer]: Textura para tile_id 32 na célula (3, 6) não encontrada.
[2026-09-05 20:55:56,455] [WARNING] [src.domain.loaders.tileset_manager]: tile_id 33 fora dos limites para tileset 'estrada_vale' (total de tiles: 0).
[2026-09-05 20:55:56,455] [WARNING] [src.ui.utils.tilemap_renderer]: Textura para tile_id 33 na célula (4, 6) não encontrada.
[2026-09-05 20:55:56,455] [WARNING] [src.domain.loaders.tileset_manager]: tile_id 31 fora dos limites para tileset 'estrada_vale' (total de tiles: 0).
[2026-09-05 20:55:56,455] [WARNING] [src.ui.utils.tilemap_renderer]: Textura para tile_id 31 na célula (5, 6) não encontrada.
[2026-09-05 20:55:56,456] [WARNING] [src.domain.loaders.tileset_manager]: tile_id 28 fora dos limites para tileset 'estrada_vale' (total de tiles: 0).
[2026-09-05 20:55:56,456] [WARNING] [src.ui.utils.tilemap_renderer]: Textura para tile_id 28 na célula (6, 6) não encontrada.
[2026-09-05 20:55:56,456] [WARNING] [src.domain.loaders.tileset_manager]: tile_id 32 fora dos limites para tileset 'estrada_vale' (total de tiles: 0).
[2026-09-05 20:55:56,457] [WARNING] [src.ui.utils.tilemap_renderer]: Textura para tile_id 32 na célula (7, 6) não encontrada.
[2026-09-05 20:55:56,457] [WARNING] [src.domain.loaders.tileset_manager]: tile_id 32 fora dos limites para tileset 'estrada_vale' (total de tiles: 0).
[2026-09-05 20:55:56,458] [WARNING] [src.ui.utils.tilemap_renderer]: Textura para tile_id 32 na célula (8, 6) não encontrada.
[2026-09-05 20:55:56,458] [WARNING] [src.domain.loaders.tileset_manager]: tile_id 32 fora dos limites para tileset 'estrada_vale' (total de tiles: 0).
[2026-09-05 20:55:56,458] [WARNING] [src.ui.utils.tilemap_renderer]: Textura para tile_id 32 na célula (9, 6) não encontrada.
[2026-09-05 20:55:56,459] [WARNING] [src.domain.loaders.tileset_manager]: tile_id 19 fora dos limites para tileset 'estrada_vale' (total de tiles: 0).
[2026-09-05 20:55:56,459] [WARNING] [src.ui.utils.tilemap_renderer]: Textura para tile_id 19 na célula (10, 6) não encontrada.
[2026-09-05 20:55:56,459] [WARNING] [src.domain.loaders.tileset_manager]: tile_id 35 fora dos limites para tileset 'estrada_vale' (total de tiles: 0).
[2026-09-05 20:55:56,460] [WARNING] [src.ui.utils.tilemap_renderer]: Textura para tile_id 35 na célula (11, 6) não encontrada.
[2026-09-05 20:55:56,460] [WARNING] [src.domain.loaders.tileset_manager]: tile_id 32 fora dos limites para tileset 'estrada_vale' (total de tiles: 0).
[2026-09-05 20:55:56,460] [WARNING] [src.ui.utils.tilemap_renderer]: Textura para tile_id 32 na célula (12, 6) não encontrada.
[2026-09-05 20:55:56,461] [WARNING] [src.domain.loaders.tileset_manager]: tile_id 32 fora dos limites para tileset 'estrada_vale' (total de tiles: 0).
[2026-09-05 20:55:56,461] [WARNING] [src.ui.utils.tilemap_renderer]: Textura para tile_id 32 na célula (13, 6) não encontrada.
[2026-09-05 20:55:56,461] [WARNING] [src.domain.loaders.tileset_manager]: tile_id 32 fora dos limites para tileset 'estrada_vale' (total de tiles: 0).
[2026-09-05 20:55:56,461] [WARNING] [src.ui.utils.tilemap_renderer]: Textura para tile_id 32 na célula (14, 6) não encontrada.
[2026-09-05 20:55:56,462] [WARNING] [src.domain.loaders.tileset_manager]: tile_id 32 fora dos limites para tileset 'estrada_vale' (total de tiles: 0).
[2026-09-05 20:55:56,463] [WARNING] [src.ui.utils.tilemap_renderer]: Textura para tile_id 32 na célula (15, 6) não encontrada.
[2026-09-05 20:55:56,463] [WARNING] [src.domain.loaders.tileset_manager]: tile_id 32 fora dos limites para tileset 'estrada_vale' (total de tiles: 0).
[2026-09-05 20:55:56,463] [WARNING] [src.ui.utils.tilemap_renderer]: Textura para tile_id 32 na célula (16, 6) não encontrada.
[2026-09-05 20:55:56,463] [WARNING] [src.domain.loaders.tileset_manager]: tile_id 32 fora dos limites para tileset 'estrada_vale' (total de tiles: 0).
[2026-09-05 20:55:56,463] [WARNING] [src.ui.utils.tilemap_renderer]: Textura para tile_id 32 na célula (17, 6) não encontrada.
[2026-09-05 20:55:56,464] [WARNING] [src.domain.loaders.tileset_manager]: tile_id 32 fora dos limites para tileset 'estrada_vale' (total de tiles: 0).
[2026-09-05 20:55:56,464] [WARNING] [src.ui.utils.tilemap_renderer]: Textura para tile_id 32 na célula (18, 6) não encontrada.
[2026-09-05 20:55:56,464] [WARNING] [src.domain.loaders.tileset_manager]: tile_id 32 fora dos limites para tileset 'estrada_vale' (total de tiles: 0).
[2026-09-05 20:55:56,465] [WARNING] [src.ui.utils.tilemap_renderer]: Textura para tile_id 32 na célula (19, 6) não encontrada.
[2026-09-05 20:55:56,465] [WARNING] [src.domain.loaders.tileset_manager]: tile_id 32 fora dos limites para tileset 'estrada_vale' (total de tiles: 0).
[2026-09-05 20:55:56,465] [WARNING] [src.ui.utils.tilemap_renderer]: Textura para tile_id 32 na célula (20, 6) não encontrada.
[2026-09-05 20:55:56,465] [WARNING] [src.domain.loaders.tileset_manager]: tile_id 23 fora dos limites para tileset 'estrada_vale' (total de tiles: 0).
[2026-09-05 20:55:56,466] [WARNING] [src.ui.utils.tilemap_renderer]: Textura para tile_id 23 na célula (0, 7) não encontrada.
[2026-09-05 20:55:56,466] [WARNING] [src.domain.loaders.tileset_manager]: tile_id 23 fora dos limites para tileset 'estrada_vale' (total de tiles: 0).
[2026-09-05 20:55:56,466] [WARNING] [src.ui.utils.tilemap_renderer]: Textura para tile_id 23 na célula (1, 7) não encontrada.
[2026-09-05 20:55:56,466] [WARNING] [src.domain.loaders.tileset_manager]: tile_id 32 fora dos limites para tileset 'estrada_vale' (total de tiles: 0).
[2026-09-05 20:55:56,468] [WARNING] [src.ui.utils.tilemap_renderer]: Textura para tile_id 32 na célula (2, 7) não encontrada.
[2026-09-05 20:55:56,468] [WARNING] [src.domain.loaders.tileset_manager]: tile_id 32 fora dos limites para tileset 'estrada_vale' (total de tiles: 0).
[2026-09-05 20:55:56,468] [WARNING] [src.ui.utils.tilemap_renderer]: Textura para tile_id 32 na célula (3, 7) não encontrada.
[2026-09-05 20:55:56,468] [WARNING] [src.domain.loaders.tileset_manager]: tile_id 32 fora dos limites para tileset 'estrada_vale' (total de tiles: 0).
[2026-09-05 20:55:56,469] [WARNING] [src.ui.utils.tilemap_renderer]: Textura para tile_id 32 na célula (4, 7) não encontrada.
[2026-09-05 20:55:56,469] [WARNING] [src.domain.loaders.tileset_manager]: tile_id 32 fora dos limites para tileset 'estrada_vale' (total de tiles: 0).
[2026-09-05 20:55:56,469] [WARNING] [src.ui.utils.tilemap_renderer]: Textura para tile_id 32 na célula (5, 7) não encontrada.
[2026-09-05 20:55:56,469] [WARNING] [src.domain.loaders.tileset_manager]: tile_id 32 fora dos limites para tileset 'estrada_vale' (total de tiles: 0).
[2026-09-05 20:55:56,469] [WARNING] [src.ui.utils.tilemap_renderer]: Textura para tile_id 32 na célula (6, 7) não encontrada.
[2026-09-05 20:55:56,470] [WARNING] [src.domain.loaders.tileset_manager]: tile_id 32 fora dos limites para tileset 'estrada_vale' (total de tiles: 0).
[2026-09-05 20:55:56,470] [WARNING] [src.ui.utils.tilemap_renderer]: Textura para tile_id 32 na célula (7, 7) não encontrada.
[2026-09-05 20:55:56,470] [WARNING] [src.domain.loaders.tileset_manager]: tile_id 32 fora dos limites para tileset 'estrada_vale' (total de tiles: 0).
[2026-09-05 20:55:56,470] [WARNING] [src.ui.utils.tilemap_renderer]: Textura para tile_id 32 na célula (8, 7) não encontrada.
[2026-09-05 20:55:56,471] [WARNING] [src.domain.loaders.tileset_manager]: tile_id 32 fora dos limites para tileset 'estrada_vale' (total de tiles: 0).
[2026-09-05 20:55:56,471] [WARNING] [src.ui.utils.tilemap_renderer]: Textura para tile_id 32 na célula (9, 7) não encontrada.
[2026-09-05 20:55:56,471] [WARNING] [src.domain.loaders.tileset_manager]: tile_id 33 fora dos limites para tileset 'estrada_vale' (total de tiles: 0).
[2026-09-05 20:55:56,472] [WARNING] [src.ui.utils.tilemap_renderer]: Textura para tile_id 33 na célula (10, 7) não encontrada.
[2026-09-05 20:55:56,472] [WARNING] [src.domain.loaders.tileset_manager]: tile_id 28 fora dos limites para tileset 'estrada_vale' (total de tiles: 0).
[2026-09-05 20:55:56,472] [WARNING] [src.ui.utils.tilemap_renderer]: Textura para tile_id 28 na célula (11, 7) não encontrada.
[2026-09-05 20:55:56,473] [WARNING] [src.domain.loaders.tileset_manager]: tile_id 32 fora dos limites para tileset 'estrada_vale' (total de tiles: 0).
[2026-09-05 20:55:56,473] [WARNING] [src.ui.utils.tilemap_renderer]: Textura para tile_id 32 na célula (12, 7) não encontrada.
[2026-09-05 20:55:56,473] [WARNING] [src.domain.loaders.tileset_manager]: tile_id 32 fora dos limites para tileset 'estrada_vale' (total de tiles: 0).
[2026-09-05 20:55:56,474] [WARNING] [src.ui.utils.tilemap_renderer]: Textura para tile_id 32 na célula (13, 7) não encontrada.
[2026-09-05 20:55:56,475] [WARNING] [src.domain.loaders.tileset_manager]: tile_id 32 fora dos limites para tileset 'estrada_vale' (total de tiles: 0).
[2026-09-05 20:55:56,475] [WARNING] [src.ui.utils.tilemap_renderer]: Textura para tile_id 32 na célula (14, 7) não encontrada.
[2026-09-05 20:55:56,475] [WARNING] [src.domain.loaders.tileset_manager]: tile_id 32 fora dos limites para tileset 'estrada_vale' (total de tiles: 0).
[2026-09-05 20:55:56,476] [WARNING] [src.ui.utils.tilemap_renderer]: Textura para tile_id 32 na célula (15, 7) não encontrada.
[2026-09-05 20:55:56,476] [WARNING] [src.domain.loaders.tileset_manager]: tile_id 32 fora dos limites para tileset 'estrada_vale' (total de tiles: 0).
[2026-09-05 20:55:56,476] [WARNING] [src.ui.utils.tilemap_renderer]: Textura para tile_id 32 na célula (16, 7) não encontrada.
[2026-09-05 20:55:56,477] [WARNING] [src.domain.loaders.tileset_manager]: tile_id 32 fora dos limites para tileset 'estrada_vale' (total de tiles: 0).
[2026-09-05 20:55:56,477] [WARNING] [src.ui.utils.tilemap_renderer]: Textura para tile_id 32 na célula (17, 7) não encontrada.
[2026-09-05 20:55:56,477] [WARNING] [src.domain.loaders.tileset_manager]: tile_id 32 fora dos limites para tileset 'estrada_vale' (total de tiles: 0).
[2026-09-05 20:55:56,478] [WARNING] [src.ui.utils.tilemap_renderer]: Textura para tile_id 32 na célula (18, 7) não encontrada.
[2026-09-05 20:55:56,478] [WARNING] [src.domain.loaders.tileset_manager]: tile_id 32 fora dos limites para tileset 'estrada_vale' (total de tiles: 0).
[2026-09-05 20:55:56,478] [WARNING] [src.ui.utils.tilemap_renderer]: Textura para tile_id 32 na célula (19, 7) não encontrada.
[2026-09-05 20:55:56,479] [WARNING] [src.domain.loaders.tileset_manager]: tile_id 32 fora dos limites para tileset 'estrada_vale' (total de tiles: 0).
[2026-09-05 20:55:56,479] [WARNING] [src.ui.utils.tilemap_renderer]: Textura para tile_id 32 na célula (20, 7) não encontrada.
[2026-09-05 20:55:56,479] [WARNING] [src.domain.loaders.tileset_manager]: tile_id 32 fora dos limites para tileset 'estrada_vale' (total de tiles: 0).
[2026-09-05 20:55:56,479] [WARNING] [src.ui.utils.tilemap_renderer]: Textura para tile_id 32 na célula (0, 8) não encontrada.
[2026-09-05 20:55:56,480] [WARNING] [src.domain.loaders.tileset_manager]: tile_id 32 fora dos limites para tileset 'estrada_vale' (total de tiles: 0).
[2026-09-05 20:55:56,480] [WARNING] [src.ui.utils.tilemap_renderer]: Textura para tile_id 32 na célula (1, 8) não encontrada.
[2026-09-05 20:55:56,480] [WARNING] [src.domain.loaders.tileset_manager]: tile_id 19 fora dos limites para tileset 'estrada_vale' (total de tiles: 0).
[2026-09-05 20:55:56,481] [WARNING] [src.ui.utils.tilemap_renderer]: Textura para tile_id 19 na célula (2, 8) não encontrada.
[2026-09-05 20:55:56,481] [WARNING] [src.domain.loaders.tileset_manager]: tile_id 20 fora dos limites para tileset 'estrada_vale' (total de tiles: 0).
[2026-09-05 20:55:56,481] [WARNING] [src.ui.utils.tilemap_renderer]: Textura para tile_id 20 na célula (3, 8) não encontrada.
[2026-09-05 20:55:56,482] [WARNING] [src.domain.loaders.tileset_manager]: tile_id 20 fora dos limites para tileset 'estrada_vale' (total de tiles: 0).
[2026-09-05 20:55:56,482] [WARNING] [src.ui.utils.tilemap_renderer]: Textura para tile_id 20 na célula (4, 8) não encontrada.
[2026-09-05 20:55:56,482] [WARNING] [src.domain.loaders.tileset_manager]: tile_id 20 fora dos limites para tileset 'estrada_vale' (total de tiles: 0).
[2026-09-05 20:55:56,483] [WARNING] [src.ui.utils.tilemap_renderer]: Textura para tile_id 20 na célula (5, 8) não encontrada.
[2026-09-05 20:55:56,483] [WARNING] [src.domain.loaders.tileset_manager]: tile_id 20 fora dos limites para tileset 'estrada_vale' (total de tiles: 0).
[2026-09-05 20:55:56,483] [WARNING] [src.ui.utils.tilemap_renderer]: Textura para tile_id 20 na célula (6, 8) não encontrada.
[2026-09-05 20:55:56,483] [WARNING] [src.domain.loaders.tileset_manager]: tile_id 20 fora dos limites para tileset 'estrada_vale' (total de tiles: 0).
[2026-09-05 20:55:56,483] [WARNING] [src.ui.utils.tilemap_renderer]: Textura para tile_id 20 na célula (7, 8) não encontrada.
[2026-09-05 20:55:56,484] [WARNING] [src.domain.loaders.tileset_manager]: tile_id 20 fora dos limites para tileset 'estrada_vale' (total de tiles: 0).
[2026-09-05 20:55:56,484] [WARNING] [src.ui.utils.tilemap_renderer]: Textura para tile_id 20 na célula (8, 8) não encontrada.
[2026-09-05 20:55:56,485] [WARNING] [src.domain.loaders.tileset_manager]: tile_id 20 fora dos limites para tileset 'estrada_vale' (total de tiles: 0).
[2026-09-05 20:55:56,485] [WARNING] [src.ui.utils.tilemap_renderer]: Textura para tile_id 20 na célula (9, 8) não encontrada.
[2026-09-05 20:55:56,485] [WARNING] [src.domain.loaders.tileset_manager]: tile_id 20 fora dos limites para tileset 'estrada_vale' (total de tiles: 0).
[2026-09-05 20:55:56,486] [WARNING] [src.ui.utils.tilemap_renderer]: Textura para tile_id 20 na célula (10, 8) não encontrada.
[2026-09-05 20:55:56,486] [WARNING] [src.domain.loaders.tileset_manager]: tile_id 20 fora dos limites para tileset 'estrada_vale' (total de tiles: 0).
[2026-09-05 20:55:56,486] [WARNING] [src.ui.utils.tilemap_renderer]: Textura para tile_id 20 na célula (11, 8) não encontrada.
[2026-09-05 20:55:56,486] [WARNING] [src.domain.loaders.tileset_manager]: tile_id 35 fora dos limites para tileset 'estrada_vale' (total de tiles: 0).
[2026-09-05 20:55:56,487] [WARNING] [src.ui.utils.tilemap_renderer]: Textura para tile_id 35 na célula (12, 8) não encontrada.
[2026-09-05 20:55:56,487] [WARNING] [src.domain.loaders.tileset_manager]: tile_id 32 fora dos limites para tileset 'estrada_vale' (total de tiles: 0).
[2026-09-05 20:55:56,487] [WARNING] [src.ui.utils.tilemap_renderer]: Textura para tile_id 32 na célula (13, 8) não encontrada.
[2026-09-05 20:55:56,488] [WARNING] [src.domain.loaders.tileset_manager]: tile_id 32 fora dos limites para tileset 'estrada_vale' (total de tiles: 0).
[2026-09-05 20:55:56,488] [WARNING] [src.ui.utils.tilemap_renderer]: Textura para tile_id 32 na célula (14, 8) não encontrada.
[2026-09-05 20:55:56,488] [WARNING] [src.domain.loaders.tileset_manager]: tile_id 32 fora dos limites para tileset 'estrada_vale' (total de tiles: 0).
[2026-09-05 20:55:56,489] [WARNING] [src.ui.utils.tilemap_renderer]: Textura para tile_id 32 na célula (15, 8) não encontrada.
[2026-09-05 20:55:56,489] [WARNING] [src.domain.loaders.tileset_manager]: tile_id 32 fora dos limites para tileset 'estrada_vale' (total de tiles: 0).
[2026-09-05 20:55:56,489] [WARNING] [src.ui.utils.tilemap_renderer]: Textura para tile_id 32 na célula (16, 8) não encontrada.
[2026-09-05 20:55:56,490] [WARNING] [src.domain.loaders.tileset_manager]: tile_id 32 fora dos limites para tileset 'estrada_vale' (total de tiles: 0).
[2026-09-05 20:55:56,490] [WARNING] [src.ui.utils.tilemap_renderer]: Textura para tile_id 32 na célula (17, 8) não encontrada.
[2026-09-05 20:55:56,490] [WARNING] [src.domain.loaders.tileset_manager]: tile_id 32 fora dos limites para tileset 'estrada_vale' (total de tiles: 0).
[2026-09-05 20:55:56,491] [WARNING] [src.ui.utils.tilemap_renderer]: Textura para tile_id 32 na célula (18, 8) não encontrada.
[2026-09-05 20:55:56,491] [WARNING] [src.domain.loaders.tileset_manager]: tile_id 32 fora dos limites para tileset 'estrada_vale' (total de tiles: 0).
[2026-09-05 20:55:56,491] [WARNING] [src.ui.utils.tilemap_renderer]: Textura para tile_id 32 na célula (19, 8) não encontrada.
[2026-09-05 20:55:56,492] [WARNING] [src.domain.loaders.tileset_manager]: tile_id 32 fora dos limites para tileset 'estrada_vale' (total de tiles: 0).
[2026-09-05 20:55:56,492] [WARNING] [src.ui.utils.tilemap_renderer]: Textura para tile_id 32 na célula (20, 8) não encontrada.
[2026-09-05 20:55:56,493] [WARNING] [src.domain.loaders.tileset_manager]: tile_id 32 fora dos limites para tileset 'estrada_vale' (total de tiles: 0).
[2026-09-05 20:55:56,493] [WARNING] [src.ui.utils.tilemap_renderer]: Textura para tile_id 32 na célula (0, 9) não encontrada.
[2026-09-05 20:55:56,493] [WARNING] [src.domain.loaders.tileset_manager]: tile_id 19 fora dos limites para tileset 'estrada_vale' (total de tiles: 0).
[2026-09-05 20:55:56,493] [WARNING] [src.ui.utils.tilemap_renderer]: Textura para tile_id 19 na célula (1, 9) não encontrada.
[2026-09-05 20:55:56,493] [WARNING] [src.domain.loaders.tileset_manager]: tile_id 21 fora dos limites para tileset 'estrada_vale' (total de tiles: 0).
[2026-09-05 20:55:56,494] [WARNING] [src.ui.utils.tilemap_renderer]: Textura para tile_id 21 na célula (2, 9) não encontrada.
[2026-09-05 20:55:56,494] [WARNING] [src.domain.loaders.tileset_manager]: tile_id 13 fora dos limites para tileset 'estrada_vale' (total de tiles: 0).
[2026-09-05 20:55:56,494] [WARNING] [src.ui.utils.tilemap_renderer]: Textura para tile_id 13 na célula (3, 9) não encontrada.
[2026-09-05 20:55:56,494] [WARNING] [src.domain.loaders.tileset_manager]: tile_id 13 fora dos limites para tileset 'estrada_vale' (total de tiles: 0).
[2026-09-05 20:55:56,495] [WARNING] [src.ui.utils.tilemap_renderer]: Textura para tile_id 13 na célula (4, 9) não encontrada.
[2026-09-05 20:55:56,495] [WARNING] [src.domain.loaders.tileset_manager]: tile_id 13 fora dos limites para tileset 'estrada_vale' (total de tiles: 0).
[2026-09-05 20:55:56,495] [WARNING] [src.ui.utils.tilemap_renderer]: Textura para tile_id 13 na célula (5, 9) não encontrada.
[2026-09-05 20:55:56,496] [WARNING] [src.domain.loaders.tileset_manager]: tile_id 13 fora dos limites para tileset 'estrada_vale' (total de tiles: 0).
[2026-09-05 20:55:56,496] [WARNING] [src.ui.utils.tilemap_renderer]: Textura para tile_id 13 na célula (6, 9) não encontrada.
[2026-09-05 20:55:56,496] [WARNING] [src.domain.loaders.tileset_manager]: tile_id 13 fora dos limites para tileset 'estrada_vale' (total de tiles: 0).
[2026-09-05 20:55:56,497] [WARNING] [src.ui.utils.tilemap_renderer]: Textura para tile_id 13 na célula (7, 9) não encontrada.
[2026-09-05 20:55:56,497] [WARNING] [src.domain.loaders.tileset_manager]: tile_id 13 fora dos limites para tileset 'estrada_vale' (total de tiles: 0).
[2026-09-05 20:55:56,497] [WARNING] [src.ui.utils.tilemap_renderer]: Textura para tile_id 13 na célula (8, 9) não encontrada.
[2026-09-05 20:55:56,498] [WARNING] [src.domain.loaders.tileset_manager]: tile_id 13 fora dos limites para tileset 'estrada_vale' (total de tiles: 0).
[2026-09-05 20:55:56,498] [WARNING] [src.ui.utils.tilemap_renderer]: Textura para tile_id 13 na célula (9, 9) não encontrada.
[2026-09-05 20:55:56,498] [WARNING] [src.domain.loaders.tileset_manager]: tile_id 13 fora dos limites para tileset 'estrada_vale' (total de tiles: 0).
[2026-09-05 20:55:56,498] [WARNING] [src.ui.utils.tilemap_renderer]: Textura para tile_id 13 na célula (10, 9) não encontrada.
[2026-09-05 20:55:56,499] [WARNING] [src.domain.loaders.tileset_manager]: tile_id 13 fora dos limites para tileset 'estrada_vale' (total de tiles: 0).
[2026-09-05 20:55:56,499] [WARNING] [src.ui.utils.tilemap_renderer]: Textura para tile_id 13 na célula (11, 9) não encontrada.
[2026-09-05 20:55:56,499] [WARNING] [src.domain.loaders.tileset_manager]: tile_id 26 fora dos limites para tileset 'estrada_vale' (total de tiles: 0).
[2026-09-05 20:55:56,500] [WARNING] [src.ui.utils.tilemap_renderer]: Textura para tile_id 26 na célula (12, 9) não encontrada.
[2026-09-05 20:55:56,500] [WARNING] [src.domain.loaders.tileset_manager]: tile_id 20 fora dos limites para tileset 'estrada_vale' (total de tiles: 0).
[2026-09-05 20:55:56,501] [WARNING] [src.ui.utils.tilemap_renderer]: Textura para tile_id 20 na célula (13, 9) não encontrada.
[2026-09-05 20:55:56,501] [WARNING] [src.domain.loaders.tileset_manager]: tile_id 20 fora dos limites para tileset 'estrada_vale' (total de tiles: 0).
[2026-09-05 20:55:56,501] [WARNING] [src.ui.utils.tilemap_renderer]: Textura para tile_id 20 na célula (14, 9) não encontrada.
[2026-09-05 20:55:56,502] [WARNING] [src.domain.loaders.tileset_manager]: tile_id 20 fora dos limites para tileset 'estrada_vale' (total de tiles: 0).
[2026-09-05 20:55:56,502] [WARNING] [src.ui.utils.tilemap_renderer]: Textura para tile_id 20 na célula (15, 9) não encontrada.
[2026-09-05 20:55:56,502] [WARNING] [src.domain.loaders.tileset_manager]: tile_id 20 fora dos limites para tileset 'estrada_vale' (total de tiles: 0).
[2026-09-05 20:55:56,502] [WARNING] [src.ui.utils.tilemap_renderer]: Textura para tile_id 20 na célula (16, 9) não encontrada.
[2026-09-05 20:55:56,503] [WARNING] [src.domain.loaders.tileset_manager]: tile_id 20 fora dos limites para tileset 'estrada_vale' (total de tiles: 0).
[2026-09-05 20:55:56,503] [WARNING] [src.ui.utils.tilemap_renderer]: Textura para tile_id 20 na célula (17, 9) não encontrada.
[2026-09-05 20:55:56,503] [WARNING] [src.domain.loaders.tileset_manager]: tile_id 35 fora dos limites para tileset 'estrada_vale' (total de tiles: 0).
[2026-09-05 20:55:56,503] [WARNING] [src.ui.utils.tilemap_renderer]: Textura para tile_id 35 na célula (18, 9) não encontrada.
[2026-09-05 20:55:56,504] [WARNING] [src.domain.loaders.tileset_manager]: tile_id 32 fora dos limites para tileset 'estrada_vale' (total de tiles: 0).
[2026-09-05 20:55:56,504] [WARNING] [src.ui.utils.tilemap_renderer]: Textura para tile_id 32 na célula (19, 9) não encontrada.
[2026-09-05 20:55:56,504] [WARNING] [src.domain.loaders.tileset_manager]: tile_id 32 fora dos limites para tileset 'estrada_vale' (total de tiles: 0).
[2026-09-05 20:55:56,505] [WARNING] [src.ui.utils.tilemap_renderer]: Textura para tile_id 32 na célula (20, 9) não encontrada.
[2026-09-05 20:55:56,505] [WARNING] [src.domain.loaders.tileset_manager]: tile_id 20 fora dos limites para tileset 'estrada_vale' (total de tiles: 0).
[2026-09-05 20:55:56,505] [WARNING] [src.ui.utils.tilemap_renderer]: Textura para tile_id 20 na célula (0, 10) não encontrada.
[2026-09-05 20:55:56,505] [WARNING] [src.domain.loaders.tileset_manager]: tile_id 21 fora dos limites para tileset 'estrada_vale' (total de tiles: 0).
[2026-09-05 20:55:56,506] [WARNING] [src.ui.utils.tilemap_renderer]: Textura para tile_id 21 na célula (1, 10) não encontrada.
[2026-09-05 20:55:56,506] [WARNING] [src.domain.loaders.tileset_manager]: tile_id 13 fora dos limites para tileset 'estrada_vale' (total de tiles: 0).
[2026-09-05 20:55:56,506] [WARNING] [src.ui.utils.tilemap_renderer]: Textura para tile_id 13 na célula (2, 10) não encontrada.
[2026-09-05 20:55:56,507] [WARNING] [src.domain.loaders.tileset_manager]: tile_id 13 fora dos limites para tileset 'estrada_vale' (total de tiles: 0).
[2026-09-05 20:55:56,507] [WARNING] [src.ui.utils.tilemap_renderer]: Textura para tile_id 13 na célula (3, 10) não encontrada.
[2026-09-05 20:55:56,507] [WARNING] [src.domain.loaders.tileset_manager]: tile_id 13 fora dos limites para tileset 'estrada_vale' (total de tiles: 0).
[2026-09-05 20:55:56,508] [WARNING] [src.ui.utils.tilemap_renderer]: Textura para tile_id 13 na célula (4, 10) não encontrada.
[2026-09-05 20:55:56,508] [WARNING] [src.domain.loaders.tileset_manager]: tile_id 13 fora dos limites para tileset 'estrada_vale' (total de tiles: 0).
[2026-09-05 20:55:56,509] [WARNING] [src.ui.utils.tilemap_renderer]: Textura para tile_id 13 na célula (5, 10) não encontrada.
[2026-09-05 20:55:56,509] [WARNING] [src.domain.loaders.tileset_manager]: tile_id 13 fora dos limites para tileset 'estrada_vale' (total de tiles: 0).
[2026-09-05 20:55:56,509] [WARNING] [src.ui.utils.tilemap_renderer]: Textura para tile_id 13 na célula (6, 10) não encontrada.
[2026-09-05 20:55:56,510] [WARNING] [src.domain.loaders.tileset_manager]: tile_id 13 fora dos limites para tileset 'estrada_vale' (total de tiles: 0).
[2026-09-05 20:55:56,510] [WARNING] [src.ui.utils.tilemap_renderer]: Textura para tile_id 13 na célula (7, 10) não encontrada.
[2026-09-05 20:55:56,510] [WARNING] [src.domain.loaders.tileset_manager]: tile_id 13 fora dos limites para tileset 'estrada_vale' (total de tiles: 0).
[2026-09-05 20:55:56,511] [WARNING] [src.ui.utils.tilemap_renderer]: Textura para tile_id 13 na célula (8, 10) não encontrada.
[2026-09-05 20:55:56,511] [WARNING] [src.domain.loaders.tileset_manager]: tile_id 13 fora dos limites para tileset 'estrada_vale' (total de tiles: 0).
[2026-09-05 20:55:56,511] [WARNING] [src.ui.utils.tilemap_renderer]: Textura para tile_id 13 na célula (9, 10) não encontrada.
[2026-09-05 20:55:56,511] [WARNING] [src.domain.loaders.tileset_manager]: tile_id 13 fora dos limites para tileset 'estrada_vale' (total de tiles: 0).
[2026-09-05 20:55:56,512] [WARNING] [src.ui.utils.tilemap_renderer]: Textura para tile_id 13 na célula (10, 10) não encontrada.
[2026-09-05 20:55:56,512] [WARNING] [src.domain.loaders.tileset_manager]: tile_id 13 fora dos limites para tileset 'estrada_vale' (total de tiles: 0).
[2026-09-05 20:55:56,513] [WARNING] [src.ui.utils.tilemap_renderer]: Textura para tile_id 13 na célula (11, 10) não encontrada.
[2026-09-05 20:55:56,513] [WARNING] [src.domain.loaders.tileset_manager]: tile_id 13 fora dos limites para tileset 'estrada_vale' (total de tiles: 0).
[2026-09-05 20:55:56,513] [WARNING] [src.ui.utils.tilemap_renderer]: Textura para tile_id 13 na célula (12, 10) não encontrada.
[2026-09-05 20:55:56,513] [WARNING] [src.domain.loaders.tileset_manager]: tile_id 13 fora dos limites para tileset 'estrada_vale' (total de tiles: 0).
[2026-09-05 20:55:56,514] [WARNING] [src.ui.utils.tilemap_renderer]: Textura para tile_id 13 na célula (13, 10) não encontrada.
[2026-09-05 20:55:56,514] [WARNING] [src.domain.loaders.tileset_manager]: tile_id 13 fora dos limites para tileset 'estrada_vale' (total de tiles: 0).
[2026-09-05 20:55:56,515] [WARNING] [src.ui.utils.tilemap_renderer]: Textura para tile_id 13 na célula (14, 10) não encontrada.
[2026-09-05 20:55:56,515] [WARNING] [src.domain.loaders.tileset_manager]: tile_id 13 fora dos limites para tileset 'estrada_vale' (total de tiles: 0).
[2026-09-05 20:55:56,515] [WARNING] [src.ui.utils.tilemap_renderer]: Textura para tile_id 13 na célula (15, 10) não encontrada.
[2026-09-05 20:55:56,516] [WARNING] [src.domain.loaders.tileset_manager]: tile_id 13 fora dos limites para tileset 'estrada_vale' (total de tiles: 0).
[2026-09-05 20:55:56,516] [WARNING] [src.ui.utils.tilemap_renderer]: Textura para tile_id 13 na célula (16, 10) não encontrada.
[2026-09-05 20:55:56,516] [WARNING] [src.domain.loaders.tileset_manager]: tile_id 13 fora dos limites para tileset 'estrada_vale' (total de tiles: 0).
[2026-09-05 20:55:56,517] [WARNING] [src.ui.utils.tilemap_renderer]: Textura para tile_id 13 na célula (17, 10) não encontrada.
[2026-09-05 20:55:56,517] [WARNING] [src.domain.loaders.tileset_manager]: tile_id 26 fora dos limites para tileset 'estrada_vale' (total de tiles: 0).
[2026-09-05 20:55:56,517] [WARNING] [src.ui.utils.tilemap_renderer]: Textura para tile_id 26 na célula (18, 10) não encontrada.
[2026-09-05 20:55:56,517] [WARNING] [src.domain.loaders.tileset_manager]: tile_id 20 fora dos limites para tileset 'estrada_vale' (total de tiles: 0).
[2026-09-05 20:55:56,517] [WARNING] [src.ui.utils.tilemap_renderer]: Textura para tile_id 20 na célula (19, 10) não encontrada.
[2026-09-05 20:55:56,518] [WARNING] [src.domain.loaders.tileset_manager]: tile_id 20 fora dos limites para tileset 'estrada_vale' (total de tiles: 0).
[2026-09-05 20:55:56,518] [WARNING] [src.ui.utils.tilemap_renderer]: Textura para tile_id 20 na célula (20, 10) não encontrada.
[2026-09-05 20:55:56,518] [WARNING] [src.domain.loaders.tileset_manager]: tile_id 13 fora dos limites para tileset 'estrada_vale' (total de tiles: 0).
[2026-09-05 20:55:56,518] [WARNING] [src.ui.utils.tilemap_renderer]: Textura para tile_id 13 na célula (0, 11) não encontrada.
[2026-09-05 20:55:56,519] [WARNING] [src.domain.loaders.tileset_manager]: tile_id 13 fora dos limites para tileset 'estrada_vale' (total de tiles: 0).
[2026-09-05 20:55:56,519] [WARNING] [src.ui.utils.tilemap_renderer]: Textura para tile_id 13 na célula (1, 11) não encontrada.
[2026-09-05 20:55:56,519] [WARNING] [src.domain.loaders.tileset_manager]: tile_id 13 fora dos limites para tileset 'estrada_vale' (total de tiles: 0).
[2026-09-05 20:55:56,520] [WARNING] [src.ui.utils.tilemap_renderer]: Textura para tile_id 13 na célula (2, 11) não encontrada.
[2026-09-05 20:55:56,520] [WARNING] [src.domain.loaders.tileset_manager]: tile_id 13 fora dos limites para tileset 'estrada_vale' (total de tiles: 0).
[2026-09-05 20:55:56,520] [WARNING] [src.ui.utils.tilemap_renderer]: Textura para tile_id 13 na célula (3, 11) não encontrada.
[2026-09-05 20:55:56,520] [WARNING] [src.domain.loaders.tileset_manager]: tile_id 13 fora dos limites para tileset 'estrada_vale' (total de tiles: 0).
[2026-09-05 20:55:56,521] [WARNING] [src.ui.utils.tilemap_renderer]: Textura para tile_id 13 na célula (4, 11) não encontrada.
[2026-09-05 20:55:56,521] [WARNING] [src.domain.loaders.tileset_manager]: tile_id 13 fora dos limites para tileset 'estrada_vale' (total de tiles: 0).
[2026-09-05 20:55:56,521] [WARNING] [src.ui.utils.tilemap_renderer]: Textura para tile_id 13 na célula (5, 11) não encontrada.
[2026-09-05 20:55:56,522] [WARNING] [src.domain.loaders.tileset_manager]: tile_id 13 fora dos limites para tileset 'estrada_vale' (total de tiles: 0).
[2026-09-05 20:55:56,522] [WARNING] [src.ui.utils.tilemap_renderer]: Textura para tile_id 13 na célula (6, 11) não encontrada.
[2026-09-05 20:55:56,522] [WARNING] [src.domain.loaders.tileset_manager]: tile_id 13 fora dos limites para tileset 'estrada_vale' (total de tiles: 0).
[2026-09-05 20:55:56,522] [WARNING] [src.ui.utils.tilemap_renderer]: Textura para tile_id 13 na célula (7, 11) não encontrada.
[2026-09-05 20:55:56,523] [WARNING] [src.domain.loaders.tileset_manager]: tile_id 13 fora dos limites para tileset 'estrada_vale' (total de tiles: 0).
[2026-09-05 20:55:56,523] [WARNING] [src.ui.utils.tilemap_renderer]: Textura para tile_id 13 na célula (8, 11) não encontrada.
[2026-09-05 20:55:56,524] [WARNING] [src.domain.loaders.tileset_manager]: tile_id 13 fora dos limites para tileset 'estrada_vale' (total de tiles: 0).
[2026-09-05 20:55:56,524] [WARNING] [src.ui.utils.tilemap_renderer]: Textura para tile_id 13 na célula (9, 11) não encontrada.
[2026-09-05 20:55:56,525] [WARNING] [src.domain.loaders.tileset_manager]: tile_id 13 fora dos limites para tileset 'estrada_vale' (total de tiles: 0).
[2026-09-05 20:55:56,525] [WARNING] [src.ui.utils.tilemap_renderer]: Textura para tile_id 13 na célula (10, 11) não encontrada.
[2026-09-05 20:55:56,526] [WARNING] [src.domain.loaders.tileset_manager]: tile_id 13 fora dos limites para tileset 'estrada_vale' (total de tiles: 0).
[2026-09-05 20:55:56,526] [WARNING] [src.ui.utils.tilemap_renderer]: Textura para tile_id 13 na célula (11, 11) não encontrada.
[2026-09-05 20:55:56,526] [WARNING] [src.domain.loaders.tileset_manager]: tile_id 13 fora dos limites para tileset 'estrada_vale' (total de tiles: 0).
[2026-09-05 20:55:56,526] [WARNING] [src.ui.utils.tilemap_renderer]: Textura para tile_id 13 na célula (12, 11) não encontrada.
[2026-09-05 20:55:56,527] [WARNING] [src.domain.loaders.tileset_manager]: tile_id 13 fora dos limites para tileset 'estrada_vale' (total de tiles: 0).
[2026-09-05 20:55:56,527] [WARNING] [src.ui.utils.tilemap_renderer]: Textura para tile_id 13 na célula (13, 11) não encontrada.
[2026-09-05 20:55:56,527] [WARNING] [src.domain.loaders.tileset_manager]: tile_id 13 fora dos limites para tileset 'estrada_vale' (total de tiles: 0).
[2026-09-05 20:55:56,528] [WARNING] [src.ui.utils.tilemap_renderer]: Textura para tile_id 13 na célula (14, 11) não encontrada.
[2026-09-05 20:55:56,528] [WARNING] [src.domain.loaders.tileset_manager]: tile_id 13 fora dos limites para tileset 'estrada_vale' (total de tiles: 0).
[2026-09-05 20:55:56,528] [WARNING] [src.ui.utils.tilemap_renderer]: Textura para tile_id 13 na célula (15, 11) não encontrada.
[2026-09-05 20:55:56,529] [WARNING] [src.domain.loaders.tileset_manager]: tile_id 13 fora dos limites para tileset 'estrada_vale' (total de tiles: 0).
[2026-09-05 20:55:56,529] [WARNING] [src.ui.utils.tilemap_renderer]: Textura para tile_id 13 na célula (16, 11) não encontrada.
[2026-09-05 20:55:56,529] [WARNING] [src.domain.loaders.tileset_manager]: tile_id 13 fora dos limites para tileset 'estrada_vale' (total de tiles: 0).
[2026-09-05 20:55:56,530] [WARNING] [src.ui.utils.tilemap_renderer]: Textura para tile_id 13 na célula (17, 11) não encontrada.
[2026-09-05 20:55:56,530] [WARNING] [src.domain.loaders.tileset_manager]: tile_id 13 fora dos limites para tileset 'estrada_vale' (total de tiles: 0).
[2026-09-05 20:55:56,530] [WARNING] [src.ui.utils.tilemap_renderer]: Textura para tile_id 13 na célula (18, 11) não encontrada.
[2026-09-05 20:55:56,531] [WARNING] [src.domain.loaders.tileset_manager]: tile_id 13 fora dos limites para tileset 'estrada_vale' (total de tiles: 0).
[2026-09-05 20:55:56,531] [WARNING] [src.ui.utils.tilemap_renderer]: Textura para tile_id 13 na célula (19, 11) não encontrada.
[2026-09-05 20:55:56,531] [WARNING] [src.domain.loaders.tileset_manager]: tile_id 13 fora dos limites para tileset 'estrada_vale' (total de tiles: 0).
[2026-09-05 20:55:56,531] [WARNING] [src.ui.utils.tilemap_renderer]: Textura para tile_id 13 na célula (20, 11) não encontrada.
[2026-09-05 20:55:56,544] [INFO] [src.ui.utils.tilemap_renderer]: TileMapRenderer montado: 0 ground sprites e 15 prop sprites para mapa 'estrada_vale' (21x12).
[2026-09-05 20:56:04,356] [INFO] [src.manager.session_manager]: Iniciando encontro: encounter_03092026095002
[2026-09-05 20:56:04,362] [INFO] [src.domain.loaders.tile_map_loader]: TileMap carregado com sucesso a partir de 'test_map_1.json'.
[2026-09-05 20:56:04,363] [INFO] [src.manager.combat_manager]: Encontro carregado: 'Emboscada na Floresta' (encounter_03092026095002) [tipo=tilemap] com 6 combatentes.
[2026-09-05 20:56:04,375] [INFO] [src.domain.loaders.tileset_manager]: TilesetManager 'test_map_1' inicializado: 63 tiles fatiados a partir de 'test_map_1.png'.
[2026-09-05 20:56:04,379] [INFO] [src.ui.utils.tilemap_renderer]: TileMapRenderer montado: 16 ground sprites e 0 prop sprites para mapa 'test_map_1' (4x4).
[2026-09-05 20:56:04,481] [INFO] [src.ui.utils.tilemap_renderer]: TileMapRenderer montado: 16 ground sprites e 0 prop sprites para mapa 'test_map_1' (4x4).
[2026-09-05 20:56:18,008] [INFO] [src.manager.session_manager]: Iniciando encontro: encounter_04092026064728
[2026-09-05 20:56:18,011] [INFO] [src.domain.loaders.tile_map_loader]: TileMap carregado com sucesso a partir de 'estrada_vale.json'.
[2026-09-05 20:56:18,012] [INFO] [src.manager.combat_manager]: Encontro carregado: 'Emboscada na Floresta' (encounter_04092026064728) [tipo=tilemap] com 5 combatentes.
[2026-09-05 20:56:18,014] [WARNING] [src.domain.loaders.tileset_manager]: tile_id 16 fora dos limites para tileset 'estrada_vale' (total de tiles: 0).
[2026-09-05 20:56:18,014] [WARNING] [src.ui.utils.tilemap_renderer]: Textura para tile_id 16 na célula (0, 0) não encontrada.
[2026-09-05 20:56:18,015] [WARNING] [src.domain.loaders.tileset_manager]: tile_id 16 fora dos limites para tileset 'estrada_vale' (total de tiles: 0).
[2026-09-05 20:56:18,015] [WARNING] [src.ui.utils.tilemap_renderer]: Textura para tile_id 16 na célula (1, 0) não encontrada.
[2026-09-05 20:56:18,016] [WARNING] [src.domain.loaders.tileset_manager]: tile_id 16 fora dos limites para tileset 'estrada_vale' (total de tiles: 0).
[2026-09-05 20:56:18,016] [WARNING] [src.ui.utils.tilemap_renderer]: Textura para tile_id 16 na célula (2, 0) não encontrada.
[2026-09-05 20:56:18,017] [WARNING] [src.domain.loaders.tileset_manager]: tile_id 16 fora dos limites para tileset 'estrada_vale' (total de tiles: 0).
[2026-09-05 20:56:18,017] [WARNING] [src.ui.utils.tilemap_renderer]: Textura para tile_id 16 na célula (3, 0) não encontrada.
[2026-09-05 20:56:18,018] [WARNING] [src.domain.loaders.tileset_manager]: tile_id 16 fora dos limites para tileset 'estrada_vale' (total de tiles: 0).
[2026-09-05 20:56:18,018] [WARNING] [src.ui.utils.tilemap_renderer]: Textura para tile_id 16 na célula (4, 0) não encontrada.
[2026-09-05 20:56:18,019] [WARNING] [src.domain.loaders.tileset_manager]: tile_id 16 fora dos limites para tileset 'estrada_vale' (total de tiles: 0).
[2026-09-05 20:56:18,019] [WARNING] [src.ui.utils.tilemap_renderer]: Textura para tile_id 16 na célula (5, 0) não encontrada.
[2026-09-05 20:56:18,020] [WARNING] [src.domain.loaders.tileset_manager]: tile_id 16 fora dos limites para tileset 'estrada_vale' (total de tiles: 0).
[2026-09-05 20:56:18,020] [WARNING] [src.ui.utils.tilemap_renderer]: Textura para tile_id 16 na célula (6, 0) não encontrada.
[2026-09-05 20:56:18,021] [WARNING] [src.domain.loaders.tileset_manager]: tile_id 16 fora dos limites para tileset 'estrada_vale' (total de tiles: 0).
[2026-09-05 20:56:18,021] [WARNING] [src.ui.utils.tilemap_renderer]: Textura para tile_id 16 na célula (7, 0) não encontrada.
[2026-09-05 20:56:18,021] [WARNING] [src.domain.loaders.tileset_manager]: tile_id 16 fora dos limites para tileset 'estrada_vale' (total de tiles: 0).
[2026-09-05 20:56:18,022] [WARNING] [src.ui.utils.tilemap_renderer]: Textura para tile_id 16 na célula (8, 0) não encontrada.
[2026-09-05 20:56:18,023] [WARNING] [src.domain.loaders.tileset_manager]: tile_id 16 fora dos limites para tileset 'estrada_vale' (total de tiles: 0).
[2026-09-05 20:56:18,023] [WARNING] [src.ui.utils.tilemap_renderer]: Textura para tile_id 16 na célula (9, 0) não encontrada.
[2026-09-05 20:56:18,023] [WARNING] [src.domain.loaders.tileset_manager]: tile_id 16 fora dos limites para tileset 'estrada_vale' (total de tiles: 0).
[2026-09-05 20:56:18,024] [WARNING] [src.ui.utils.tilemap_renderer]: Textura para tile_id 16 na célula (10, 0) não encontrada.
[2026-09-05 20:56:18,024] [WARNING] [src.domain.loaders.tileset_manager]: tile_id 16 fora dos limites para tileset 'estrada_vale' (total de tiles: 0).
[2026-09-05 20:56:18,024] [WARNING] [src.ui.utils.tilemap_renderer]: Textura para tile_id 16 na célula (11, 0) não encontrada.
[2026-09-05 20:56:18,025] [WARNING] [src.domain.loaders.tileset_manager]: tile_id 16 fora dos limites para tileset 'estrada_vale' (total de tiles: 0).
[2026-09-05 20:56:18,025] [WARNING] [src.ui.utils.tilemap_renderer]: Textura para tile_id 16 na célula (12, 0) não encontrada.
[2026-09-05 20:56:18,026] [WARNING] [src.domain.loaders.tileset_manager]: tile_id 16 fora dos limites para tileset 'estrada_vale' (total de tiles: 0).
[2026-09-05 20:56:18,026] [WARNING] [src.ui.utils.tilemap_renderer]: Textura para tile_id 16 na célula (13, 0) não encontrada.
[2026-09-05 20:56:18,026] [WARNING] [src.domain.loaders.tileset_manager]: tile_id 16 fora dos limites para tileset 'estrada_vale' (total de tiles: 0).
[2026-09-05 20:56:18,027] [WARNING] [src.ui.utils.tilemap_renderer]: Textura para tile_id 16 na célula (14, 0) não encontrada.
[2026-09-05 20:56:18,027] [WARNING] [src.domain.loaders.tileset_manager]: tile_id 16 fora dos limites para tileset 'estrada_vale' (total de tiles: 0).
[2026-09-05 20:56:18,027] [WARNING] [src.ui.utils.tilemap_renderer]: Textura para tile_id 16 na célula (15, 0) não encontrada.
[2026-09-05 20:56:18,028] [WARNING] [src.domain.loaders.tileset_manager]: tile_id 16 fora dos limites para tileset 'estrada_vale' (total de tiles: 0).
[2026-09-05 20:56:18,028] [WARNING] [src.ui.utils.tilemap_renderer]: Textura para tile_id 16 na célula (16, 0) não encontrada.
[2026-09-05 20:56:18,028] [WARNING] [src.domain.loaders.tileset_manager]: tile_id 16 fora dos limites para tileset 'estrada_vale' (total de tiles: 0).
[2026-09-05 20:56:18,028] [WARNING] [src.ui.utils.tilemap_renderer]: Textura para tile_id 16 na célula (17, 0) não encontrada.
[2026-09-05 20:56:18,029] [WARNING] [src.domain.loaders.tileset_manager]: tile_id 16 fora dos limites para tileset 'estrada_vale' (total de tiles: 0).
[2026-09-05 20:56:18,029] [WARNING] [src.ui.utils.tilemap_renderer]: Textura para tile_id 16 na célula (18, 0) não encontrada.
[2026-09-05 20:56:18,029] [WARNING] [src.domain.loaders.tileset_manager]: tile_id 16 fora dos limites para tileset 'estrada_vale' (total de tiles: 0).
[2026-09-05 20:56:18,030] [WARNING] [src.ui.utils.tilemap_renderer]: Textura para tile_id 16 na célula (19, 0) não encontrada.
[2026-09-05 20:56:18,030] [WARNING] [src.domain.loaders.tileset_manager]: tile_id 16 fora dos limites para tileset 'estrada_vale' (total de tiles: 0).
[2026-09-05 20:56:18,030] [WARNING] [src.ui.utils.tilemap_renderer]: Textura para tile_id 16 na célula (20, 0) não encontrada.
[2026-09-05 20:56:18,030] [WARNING] [src.domain.loaders.tileset_manager]: tile_id 1 fora dos limites para tileset 'estrada_vale' (total de tiles: 0).
[2026-09-05 20:56:18,030] [WARNING] [src.ui.utils.tilemap_renderer]: Textura para tile_id 1 na célula (0, 1) não encontrada.
[2026-09-05 20:56:18,031] [WARNING] [src.domain.loaders.tileset_manager]: tile_id 1 fora dos limites para tileset 'estrada_vale' (total de tiles: 0).
[2026-09-05 20:56:18,031] [WARNING] [src.ui.utils.tilemap_renderer]: Textura para tile_id 1 na célula (1, 1) não encontrada.
[2026-09-05 20:56:18,031] [WARNING] [src.domain.loaders.tileset_manager]: tile_id 1 fora dos limites para tileset 'estrada_vale' (total de tiles: 0).
[2026-09-05 20:56:18,032] [WARNING] [src.ui.utils.tilemap_renderer]: Textura para tile_id 1 na célula (2, 1) não encontrada.
[2026-09-05 20:56:18,032] [WARNING] [src.domain.loaders.tileset_manager]: tile_id 1 fora dos limites para tileset 'estrada_vale' (total de tiles: 0).
[2026-09-05 20:56:18,032] [WARNING] [src.ui.utils.tilemap_renderer]: Textura para tile_id 1 na célula (3, 1) não encontrada.
[2026-09-05 20:56:18,032] [WARNING] [src.domain.loaders.tileset_manager]: tile_id 1 fora dos limites para tileset 'estrada_vale' (total de tiles: 0).
[2026-09-05 20:56:18,032] [WARNING] [src.ui.utils.tilemap_renderer]: Textura para tile_id 1 na célula (4, 1) não encontrada.
[2026-09-05 20:56:18,034] [WARNING] [src.domain.loaders.tileset_manager]: tile_id 1 fora dos limites para tileset 'estrada_vale' (total de tiles: 0).
[2026-09-05 20:56:18,034] [WARNING] [src.ui.utils.tilemap_renderer]: Textura para tile_id 1 na célula (5, 1) não encontrada.
[2026-09-05 20:56:18,034] [WARNING] [src.domain.loaders.tileset_manager]: tile_id 1 fora dos limites para tileset 'estrada_vale' (total de tiles: 0).
[2026-09-05 20:56:18,035] [WARNING] [src.ui.utils.tilemap_renderer]: Textura para tile_id 1 na célula (6, 1) não encontrada.
[2026-09-05 20:56:18,035] [WARNING] [src.domain.loaders.tileset_manager]: tile_id 1 fora dos limites para tileset 'estrada_vale' (total de tiles: 0).
[2026-09-05 20:56:18,035] [WARNING] [src.ui.utils.tilemap_renderer]: Textura para tile_id 1 na célula (7, 1) não encontrada.
[2026-09-05 20:56:18,036] [WARNING] [src.domain.loaders.tileset_manager]: tile_id 1 fora dos limites para tileset 'estrada_vale' (total de tiles: 0).
[2026-09-05 20:56:18,036] [WARNING] [src.ui.utils.tilemap_renderer]: Textura para tile_id 1 na célula (8, 1) não encontrada.
[2026-09-05 20:56:18,036] [WARNING] [src.domain.loaders.tileset_manager]: tile_id 1 fora dos limites para tileset 'estrada_vale' (total de tiles: 0).
[2026-09-05 20:56:18,037] [WARNING] [src.ui.utils.tilemap_renderer]: Textura para tile_id 1 na célula (9, 1) não encontrada.
[2026-09-05 20:56:18,037] [WARNING] [src.domain.loaders.tileset_manager]: tile_id 1 fora dos limites para tileset 'estrada_vale' (total de tiles: 0).
[2026-09-05 20:56:18,037] [WARNING] [src.ui.utils.tilemap_renderer]: Textura para tile_id 1 na célula (10, 1) não encontrada.
[2026-09-05 20:56:18,037] [WARNING] [src.domain.loaders.tileset_manager]: tile_id 1 fora dos limites para tileset 'estrada_vale' (total de tiles: 0).
[2026-09-05 20:56:18,037] [WARNING] [src.ui.utils.tilemap_renderer]: Textura para tile_id 1 na célula (11, 1) não encontrada.
[2026-09-05 20:56:18,038] [WARNING] [src.domain.loaders.tileset_manager]: tile_id 1 fora dos limites para tileset 'estrada_vale' (total de tiles: 0).
[2026-09-05 20:56:18,038] [WARNING] [src.ui.utils.tilemap_renderer]: Textura para tile_id 1 na célula (12, 1) não encontrada.
[2026-09-05 20:56:18,038] [WARNING] [src.domain.loaders.tileset_manager]: tile_id 1 fora dos limites para tileset 'estrada_vale' (total de tiles: 0).
[2026-09-05 20:56:18,039] [WARNING] [src.ui.utils.tilemap_renderer]: Textura para tile_id 1 na célula (13, 1) não encontrada.
[2026-09-05 20:56:18,039] [WARNING] [src.domain.loaders.tileset_manager]: tile_id 1 fora dos limites para tileset 'estrada_vale' (total de tiles: 0).
[2026-09-05 20:56:18,039] [WARNING] [src.ui.utils.tilemap_renderer]: Textura para tile_id 1 na célula (14, 1) não encontrada.
[2026-09-05 20:56:18,040] [WARNING] [src.domain.loaders.tileset_manager]: tile_id 1 fora dos limites para tileset 'estrada_vale' (total de tiles: 0).
[2026-09-05 20:56:18,040] [WARNING] [src.ui.utils.tilemap_renderer]: Textura para tile_id 1 na célula (15, 1) não encontrada.
[2026-09-05 20:56:18,040] [WARNING] [src.domain.loaders.tileset_manager]: tile_id 1 fora dos limites para tileset 'estrada_vale' (total de tiles: 0).
[2026-09-05 20:56:18,041] [WARNING] [src.ui.utils.tilemap_renderer]: Textura para tile_id 1 na célula (16, 1) não encontrada.
[2026-09-05 20:56:18,041] [WARNING] [src.domain.loaders.tileset_manager]: tile_id 1 fora dos limites para tileset 'estrada_vale' (total de tiles: 0).
[2026-09-05 20:56:18,042] [WARNING] [src.ui.utils.tilemap_renderer]: Textura para tile_id 1 na célula (17, 1) não encontrada.
[2026-09-05 20:56:18,042] [WARNING] [src.domain.loaders.tileset_manager]: tile_id 1 fora dos limites para tileset 'estrada_vale' (total de tiles: 0).
[2026-09-05 20:56:18,042] [WARNING] [src.ui.utils.tilemap_renderer]: Textura para tile_id 1 na célula (18, 1) não encontrada.
[2026-09-05 20:56:18,042] [WARNING] [src.domain.loaders.tileset_manager]: tile_id 1 fora dos limites para tileset 'estrada_vale' (total de tiles: 0).
[2026-09-05 20:56:18,042] [WARNING] [src.ui.utils.tilemap_renderer]: Textura para tile_id 1 na célula (19, 1) não encontrada.
[2026-09-05 20:56:18,044] [WARNING] [src.domain.loaders.tileset_manager]: tile_id 1 fora dos limites para tileset 'estrada_vale' (total de tiles: 0).
[2026-09-05 20:56:18,044] [WARNING] [src.ui.utils.tilemap_renderer]: Textura para tile_id 1 na célula (20, 1) não encontrada.
[2026-09-05 20:56:18,044] [WARNING] [src.domain.loaders.tileset_manager]: tile_id 5 fora dos limites para tileset 'estrada_vale' (total de tiles: 0).
[2026-09-05 20:56:18,045] [WARNING] [src.ui.utils.tilemap_renderer]: Textura para tile_id 5 na célula (0, 2) não encontrada.
[2026-09-05 20:56:18,045] [WARNING] [src.domain.loaders.tileset_manager]: tile_id 5 fora dos limites para tileset 'estrada_vale' (total de tiles: 0).
[2026-09-05 20:56:18,045] [WARNING] [src.ui.utils.tilemap_renderer]: Textura para tile_id 5 na célula (1, 2) não encontrada.
[2026-09-05 20:56:18,045] [WARNING] [src.domain.loaders.tileset_manager]: tile_id 5 fora dos limites para tileset 'estrada_vale' (total de tiles: 0).
[2026-09-05 20:56:18,046] [WARNING] [src.ui.utils.tilemap_renderer]: Textura para tile_id 5 na célula (2, 2) não encontrada.
[2026-09-05 20:56:18,046] [WARNING] [src.domain.loaders.tileset_manager]: tile_id 5 fora dos limites para tileset 'estrada_vale' (total de tiles: 0).
[2026-09-05 20:56:18,046] [WARNING] [src.ui.utils.tilemap_renderer]: Textura para tile_id 5 na célula (3, 2) não encontrada.
[2026-09-05 20:56:18,046] [WARNING] [src.domain.loaders.tileset_manager]: tile_id 5 fora dos limites para tileset 'estrada_vale' (total de tiles: 0).
[2026-09-05 20:56:18,046] [WARNING] [src.ui.utils.tilemap_renderer]: Textura para tile_id 5 na célula (4, 2) não encontrada.
[2026-09-05 20:56:18,047] [WARNING] [src.domain.loaders.tileset_manager]: tile_id 5 fora dos limites para tileset 'estrada_vale' (total de tiles: 0).
[2026-09-05 20:56:18,047] [WARNING] [src.ui.utils.tilemap_renderer]: Textura para tile_id 5 na célula (5, 2) não encontrada.
[2026-09-05 20:56:18,047] [WARNING] [src.domain.loaders.tileset_manager]: tile_id 5 fora dos limites para tileset 'estrada_vale' (total de tiles: 0).
[2026-09-05 20:56:18,048] [WARNING] [src.ui.utils.tilemap_renderer]: Textura para tile_id 5 na célula (6, 2) não encontrada.
[2026-09-05 20:56:18,048] [WARNING] [src.domain.loaders.tileset_manager]: tile_id 5 fora dos limites para tileset 'estrada_vale' (total de tiles: 0).
[2026-09-05 20:56:18,048] [WARNING] [src.ui.utils.tilemap_renderer]: Textura para tile_id 5 na célula (7, 2) não encontrada.
[2026-09-05 20:56:18,049] [WARNING] [src.domain.loaders.tileset_manager]: tile_id 5 fora dos limites para tileset 'estrada_vale' (total de tiles: 0).
[2026-09-05 20:56:18,049] [WARNING] [src.ui.utils.tilemap_renderer]: Textura para tile_id 5 na célula (8, 2) não encontrada.
[2026-09-05 20:56:18,049] [WARNING] [src.domain.loaders.tileset_manager]: tile_id 5 fora dos limites para tileset 'estrada_vale' (total de tiles: 0).
[2026-09-05 20:56:18,049] [WARNING] [src.ui.utils.tilemap_renderer]: Textura para tile_id 5 na célula (9, 2) não encontrada.
[2026-09-05 20:56:18,050] [WARNING] [src.domain.loaders.tileset_manager]: tile_id 5 fora dos limites para tileset 'estrada_vale' (total de tiles: 0).
[2026-09-05 20:56:18,050] [WARNING] [src.ui.utils.tilemap_renderer]: Textura para tile_id 5 na célula (10, 2) não encontrada.
[2026-09-05 20:56:18,050] [WARNING] [src.domain.loaders.tileset_manager]: tile_id 5 fora dos limites para tileset 'estrada_vale' (total de tiles: 0).
[2026-09-05 20:56:18,051] [WARNING] [src.ui.utils.tilemap_renderer]: Textura para tile_id 5 na célula (11, 2) não encontrada.
[2026-09-05 20:56:18,051] [WARNING] [src.domain.loaders.tileset_manager]: tile_id 5 fora dos limites para tileset 'estrada_vale' (total de tiles: 0).
[2026-09-05 20:56:18,051] [WARNING] [src.ui.utils.tilemap_renderer]: Textura para tile_id 5 na célula (12, 2) não encontrada.
[2026-09-05 20:56:18,051] [WARNING] [src.domain.loaders.tileset_manager]: tile_id 5 fora dos limites para tileset 'estrada_vale' (total de tiles: 0).
[2026-09-05 20:56:18,052] [WARNING] [src.ui.utils.tilemap_renderer]: Textura para tile_id 5 na célula (13, 2) não encontrada.
[2026-09-05 20:56:18,052] [WARNING] [src.domain.loaders.tileset_manager]: tile_id 5 fora dos limites para tileset 'estrada_vale' (total de tiles: 0).
[2026-09-05 20:56:18,052] [WARNING] [src.ui.utils.tilemap_renderer]: Textura para tile_id 5 na célula (14, 2) não encontrada.
[2026-09-05 20:56:18,052] [WARNING] [src.domain.loaders.tileset_manager]: tile_id 5 fora dos limites para tileset 'estrada_vale' (total de tiles: 0).
[2026-09-05 20:56:18,052] [WARNING] [src.ui.utils.tilemap_renderer]: Textura para tile_id 5 na célula (15, 2) não encontrada.
[2026-09-05 20:56:18,054] [WARNING] [src.domain.loaders.tileset_manager]: tile_id 5 fora dos limites para tileset 'estrada_vale' (total de tiles: 0).
[2026-09-05 20:56:18,054] [WARNING] [src.ui.utils.tilemap_renderer]: Textura para tile_id 5 na célula (16, 2) não encontrada.
[2026-09-05 20:56:18,055] [WARNING] [src.domain.loaders.tileset_manager]: tile_id 5 fora dos limites para tileset 'estrada_vale' (total de tiles: 0).
[2026-09-05 20:56:18,055] [WARNING] [src.ui.utils.tilemap_renderer]: Textura para tile_id 5 na célula (17, 2) não encontrada.
[2026-09-05 20:56:18,055] [WARNING] [src.domain.loaders.tileset_manager]: tile_id 5 fora dos limites para tileset 'estrada_vale' (total de tiles: 0).
[2026-09-05 20:56:18,056] [WARNING] [src.ui.utils.tilemap_renderer]: Textura para tile_id 5 na célula (18, 2) não encontrada.
[2026-09-05 20:56:18,056] [WARNING] [src.domain.loaders.tileset_manager]: tile_id 5 fora dos limites para tileset 'estrada_vale' (total de tiles: 0).
[2026-09-05 20:56:18,056] [WARNING] [src.ui.utils.tilemap_renderer]: Textura para tile_id 5 na célula (19, 2) não encontrada.
[2026-09-05 20:56:18,057] [WARNING] [src.domain.loaders.tileset_manager]: tile_id 5 fora dos limites para tileset 'estrada_vale' (total de tiles: 0).
[2026-09-05 20:56:18,057] [WARNING] [src.ui.utils.tilemap_renderer]: Textura para tile_id 5 na célula (20, 2) não encontrada.
[2026-09-05 20:56:18,057] [WARNING] [src.domain.loaders.tileset_manager]: tile_id 55 fora dos limites para tileset 'estrada_vale' (total de tiles: 0).
[2026-09-05 20:56:18,058] [WARNING] [src.ui.utils.tilemap_renderer]: Textura para tile_id 55 na célula (0, 3) não encontrada.
[2026-09-05 20:56:18,058] [WARNING] [src.domain.loaders.tileset_manager]: tile_id 55 fora dos limites para tileset 'estrada_vale' (total de tiles: 0).
[2026-09-05 20:56:18,058] [WARNING] [src.ui.utils.tilemap_renderer]: Textura para tile_id 55 na célula (1, 3) não encontrada.
[2026-09-05 20:56:18,059] [WARNING] [src.domain.loaders.tileset_manager]: tile_id 55 fora dos limites para tileset 'estrada_vale' (total de tiles: 0).
[2026-09-05 20:56:18,059] [WARNING] [src.ui.utils.tilemap_renderer]: Textura para tile_id 55 na célula (2, 3) não encontrada.
[2026-09-05 20:56:18,059] [WARNING] [src.domain.loaders.tileset_manager]: tile_id 55 fora dos limites para tileset 'estrada_vale' (total de tiles: 0).
[2026-09-05 20:56:18,060] [WARNING] [src.ui.utils.tilemap_renderer]: Textura para tile_id 55 na célula (3, 3) não encontrada.
[2026-09-05 20:56:18,060] [WARNING] [src.domain.loaders.tileset_manager]: tile_id 55 fora dos limites para tileset 'estrada_vale' (total de tiles: 0).
[2026-09-05 20:56:18,060] [WARNING] [src.ui.utils.tilemap_renderer]: Textura para tile_id 55 na célula (4, 3) não encontrada.
[2026-09-05 20:56:18,061] [WARNING] [src.domain.loaders.tileset_manager]: tile_id 55 fora dos limites para tileset 'estrada_vale' (total de tiles: 0).
[2026-09-05 20:56:18,061] [WARNING] [src.ui.utils.tilemap_renderer]: Textura para tile_id 55 na célula (5, 3) não encontrada.
[2026-09-05 20:56:18,061] [WARNING] [src.domain.loaders.tileset_manager]: tile_id 55 fora dos limites para tileset 'estrada_vale' (total de tiles: 0).
[2026-09-05 20:56:18,061] [WARNING] [src.ui.utils.tilemap_renderer]: Textura para tile_id 55 na célula (6, 3) não encontrada.
[2026-09-05 20:56:18,062] [WARNING] [src.domain.loaders.tileset_manager]: tile_id 55 fora dos limites para tileset 'estrada_vale' (total de tiles: 0).
[2026-09-05 20:56:18,062] [WARNING] [src.ui.utils.tilemap_renderer]: Textura para tile_id 55 na célula (7, 3) não encontrada.
[2026-09-05 20:56:18,062] [WARNING] [src.domain.loaders.tileset_manager]: tile_id 55 fora dos limites para tileset 'estrada_vale' (total de tiles: 0).
[2026-09-05 20:56:18,063] [WARNING] [src.ui.utils.tilemap_renderer]: Textura para tile_id 55 na célula (8, 3) não encontrada.
[2026-09-05 20:56:18,063] [WARNING] [src.domain.loaders.tileset_manager]: tile_id 55 fora dos limites para tileset 'estrada_vale' (total de tiles: 0).
[2026-09-05 20:56:18,063] [WARNING] [src.ui.utils.tilemap_renderer]: Textura para tile_id 55 na célula (9, 3) não encontrada.
[2026-09-05 20:56:18,064] [WARNING] [src.domain.loaders.tileset_manager]: tile_id 55 fora dos limites para tileset 'estrada_vale' (total de tiles: 0).
[2026-09-05 20:56:18,064] [WARNING] [src.ui.utils.tilemap_renderer]: Textura para tile_id 55 na célula (10, 3) não encontrada.
[2026-09-05 20:56:18,064] [WARNING] [src.domain.loaders.tileset_manager]: tile_id 55 fora dos limites para tileset 'estrada_vale' (total de tiles: 0).
[2026-09-05 20:56:18,064] [WARNING] [src.ui.utils.tilemap_renderer]: Textura para tile_id 55 na célula (11, 3) não encontrada.
[2026-09-05 20:56:18,064] [WARNING] [src.domain.loaders.tileset_manager]: tile_id 55 fora dos limites para tileset 'estrada_vale' (total de tiles: 0).
[2026-09-05 20:56:18,065] [WARNING] [src.ui.utils.tilemap_renderer]: Textura para tile_id 55 na célula (12, 3) não encontrada.
[2026-09-05 20:56:18,065] [WARNING] [src.domain.loaders.tileset_manager]: tile_id 55 fora dos limites para tileset 'estrada_vale' (total de tiles: 0).
[2026-09-05 20:56:18,065] [WARNING] [src.ui.utils.tilemap_renderer]: Textura para tile_id 55 na célula (13, 3) não encontrada.
[2026-09-05 20:56:18,066] [WARNING] [src.domain.loaders.tileset_manager]: tile_id 55 fora dos limites para tileset 'estrada_vale' (total de tiles: 0).
[2026-09-05 20:56:18,066] [WARNING] [src.ui.utils.tilemap_renderer]: Textura para tile_id 55 na célula (14, 3) não encontrada.
[2026-09-05 20:56:18,066] [WARNING] [src.domain.loaders.tileset_manager]: tile_id 55 fora dos limites para tileset 'estrada_vale' (total de tiles: 0).
[2026-09-05 20:56:18,067] [WARNING] [src.ui.utils.tilemap_renderer]: Textura para tile_id 55 na célula (15, 3) não encontrada.
[2026-09-05 20:56:18,067] [WARNING] [src.domain.loaders.tileset_manager]: tile_id 55 fora dos limites para tileset 'estrada_vale' (total de tiles: 0).
[2026-09-05 20:56:18,067] [WARNING] [src.ui.utils.tilemap_renderer]: Textura para tile_id 55 na célula (16, 3) não encontrada.
[2026-09-05 20:56:18,068] [WARNING] [src.domain.loaders.tileset_manager]: tile_id 55 fora dos limites para tileset 'estrada_vale' (total de tiles: 0).
[2026-09-05 20:56:18,068] [WARNING] [src.ui.utils.tilemap_renderer]: Textura para tile_id 55 na célula (17, 3) não encontrada.
[2026-09-05 20:56:18,068] [WARNING] [src.domain.loaders.tileset_manager]: tile_id 55 fora dos limites para tileset 'estrada_vale' (total de tiles: 0).
[2026-09-05 20:56:18,069] [WARNING] [src.ui.utils.tilemap_renderer]: Textura para tile_id 55 na célula (18, 3) não encontrada.
[2026-09-05 20:56:18,069] [WARNING] [src.domain.loaders.tileset_manager]: tile_id 55 fora dos limites para tileset 'estrada_vale' (total de tiles: 0).
[2026-09-05 20:56:18,069] [WARNING] [src.ui.utils.tilemap_renderer]: Textura para tile_id 55 na célula (19, 3) não encontrada.
[2026-09-05 20:56:18,069] [WARNING] [src.domain.loaders.tileset_manager]: tile_id 55 fora dos limites para tileset 'estrada_vale' (total de tiles: 0).
[2026-09-05 20:56:18,069] [WARNING] [src.ui.utils.tilemap_renderer]: Textura para tile_id 55 na célula (20, 3) não encontrada.
[2026-09-05 20:56:18,071] [WARNING] [src.domain.loaders.tileset_manager]: tile_id 58 fora dos limites para tileset 'estrada_vale' (total de tiles: 0).
[2026-09-05 20:56:18,071] [WARNING] [src.ui.utils.tilemap_renderer]: Textura para tile_id 58 na célula (0, 4) não encontrada.
[2026-09-05 20:56:18,071] [WARNING] [src.domain.loaders.tileset_manager]: tile_id 58 fora dos limites para tileset 'estrada_vale' (total de tiles: 0).
[2026-09-05 20:56:18,071] [WARNING] [src.ui.utils.tilemap_renderer]: Textura para tile_id 58 na célula (1, 4) não encontrada.
[2026-09-05 20:56:18,072] [WARNING] [src.domain.loaders.tileset_manager]: tile_id 59 fora dos limites para tileset 'estrada_vale' (total de tiles: 0).
[2026-09-05 20:56:18,072] [WARNING] [src.ui.utils.tilemap_renderer]: Textura para tile_id 59 na célula (2, 4) não encontrada.
[2026-09-05 20:56:18,072] [WARNING] [src.domain.loaders.tileset_manager]: tile_id 61 fora dos limites para tileset 'estrada_vale' (total de tiles: 0).
[2026-09-05 20:56:18,072] [WARNING] [src.ui.utils.tilemap_renderer]: Textura para tile_id 61 na célula (3, 4) não encontrada.
[2026-09-05 20:56:18,073] [WARNING] [src.domain.loaders.tileset_manager]: tile_id 61 fora dos limites para tileset 'estrada_vale' (total de tiles: 0).
[2026-09-05 20:56:18,073] [WARNING] [src.ui.utils.tilemap_renderer]: Textura para tile_id 61 na célula (4, 4) não encontrada.
[2026-09-05 20:56:18,073] [WARNING] [src.domain.loaders.tileset_manager]: tile_id 61 fora dos limites para tileset 'estrada_vale' (total de tiles: 0).
[2026-09-05 20:56:18,073] [WARNING] [src.ui.utils.tilemap_renderer]: Textura para tile_id 61 na célula (5, 4) não encontrada.
[2026-09-05 20:56:18,074] [WARNING] [src.domain.loaders.tileset_manager]: tile_id 61 fora dos limites para tileset 'estrada_vale' (total de tiles: 0).
[2026-09-05 20:56:18,074] [WARNING] [src.ui.utils.tilemap_renderer]: Textura para tile_id 61 na célula (6, 4) não encontrada.
[2026-09-05 20:56:18,074] [WARNING] [src.domain.loaders.tileset_manager]: tile_id 61 fora dos limites para tileset 'estrada_vale' (total de tiles: 0).
[2026-09-05 20:56:18,075] [WARNING] [src.ui.utils.tilemap_renderer]: Textura para tile_id 61 na célula (7, 4) não encontrada.
[2026-09-05 20:56:18,075] [WARNING] [src.domain.loaders.tileset_manager]: tile_id 61 fora dos limites para tileset 'estrada_vale' (total de tiles: 0).
[2026-09-05 20:56:18,075] [WARNING] [src.ui.utils.tilemap_renderer]: Textura para tile_id 61 na célula (8, 4) não encontrada.
[2026-09-05 20:56:18,076] [WARNING] [src.domain.loaders.tileset_manager]: tile_id 61 fora dos limites para tileset 'estrada_vale' (total de tiles: 0).
[2026-09-05 20:56:18,076] [WARNING] [src.ui.utils.tilemap_renderer]: Textura para tile_id 61 na célula (9, 4) não encontrada.
[2026-09-05 20:56:18,077] [WARNING] [src.domain.loaders.tileset_manager]: tile_id 61 fora dos limites para tileset 'estrada_vale' (total de tiles: 0).
[2026-09-05 20:56:18,077] [WARNING] [src.ui.utils.tilemap_renderer]: Textura para tile_id 61 na célula (10, 4) não encontrada.
[2026-09-05 20:56:18,077] [WARNING] [src.domain.loaders.tileset_manager]: tile_id 61 fora dos limites para tileset 'estrada_vale' (total de tiles: 0).
[2026-09-05 20:56:18,078] [WARNING] [src.ui.utils.tilemap_renderer]: Textura para tile_id 61 na célula (11, 4) não encontrada.
[2026-09-05 20:56:18,078] [WARNING] [src.domain.loaders.tileset_manager]: tile_id 61 fora dos limites para tileset 'estrada_vale' (total de tiles: 0).
[2026-09-05 20:56:18,078] [WARNING] [src.ui.utils.tilemap_renderer]: Textura para tile_id 61 na célula (12, 4) não encontrada.
[2026-09-05 20:56:18,079] [WARNING] [src.domain.loaders.tileset_manager]: tile_id 61 fora dos limites para tileset 'estrada_vale' (total de tiles: 0).
[2026-09-05 20:56:18,079] [WARNING] [src.ui.utils.tilemap_renderer]: Textura para tile_id 61 na célula (13, 4) não encontrada.
[2026-09-05 20:56:18,079] [WARNING] [src.domain.loaders.tileset_manager]: tile_id 61 fora dos limites para tileset 'estrada_vale' (total de tiles: 0).
[2026-09-05 20:56:18,079] [WARNING] [src.ui.utils.tilemap_renderer]: Textura para tile_id 61 na célula (14, 4) não encontrada.
[2026-09-05 20:56:18,080] [WARNING] [src.domain.loaders.tileset_manager]: tile_id 61 fora dos limites para tileset 'estrada_vale' (total de tiles: 0).
[2026-09-05 20:56:18,080] [WARNING] [src.ui.utils.tilemap_renderer]: Textura para tile_id 61 na célula (15, 4) não encontrada.
[2026-09-05 20:56:18,080] [WARNING] [src.domain.loaders.tileset_manager]: tile_id 61 fora dos limites para tileset 'estrada_vale' (total de tiles: 0).
[2026-09-05 20:56:18,080] [WARNING] [src.ui.utils.tilemap_renderer]: Textura para tile_id 61 na célula (16, 4) não encontrada.
[2026-09-05 20:56:18,080] [WARNING] [src.domain.loaders.tileset_manager]: tile_id 61 fora dos limites para tileset 'estrada_vale' (total de tiles: 0).
[2026-09-05 20:56:18,081] [WARNING] [src.ui.utils.tilemap_renderer]: Textura para tile_id 61 na célula (17, 4) não encontrada.
[2026-09-05 20:56:18,081] [WARNING] [src.domain.loaders.tileset_manager]: tile_id 61 fora dos limites para tileset 'estrada_vale' (total de tiles: 0).
[2026-09-05 20:56:18,082] [WARNING] [src.ui.utils.tilemap_renderer]: Textura para tile_id 61 na célula (18, 4) não encontrada.
[2026-09-05 20:56:18,082] [WARNING] [src.domain.loaders.tileset_manager]: tile_id 61 fora dos limites para tileset 'estrada_vale' (total de tiles: 0).
[2026-09-05 20:56:18,082] [WARNING] [src.ui.utils.tilemap_renderer]: Textura para tile_id 61 na célula (19, 4) não encontrada.
[2026-09-05 20:56:18,083] [WARNING] [src.domain.loaders.tileset_manager]: tile_id 61 fora dos limites para tileset 'estrada_vale' (total de tiles: 0).
[2026-09-05 20:56:18,083] [WARNING] [src.ui.utils.tilemap_renderer]: Textura para tile_id 61 na célula (20, 4) não encontrada.
[2026-09-05 20:56:18,083] [WARNING] [src.domain.loaders.tileset_manager]: tile_id 58 fora dos limites para tileset 'estrada_vale' (total de tiles: 0).
[2026-09-05 20:56:18,083] [WARNING] [src.ui.utils.tilemap_renderer]: Textura para tile_id 58 na célula (0, 5) não encontrada.
[2026-09-05 20:56:18,084] [WARNING] [src.domain.loaders.tileset_manager]: tile_id 59 fora dos limites para tileset 'estrada_vale' (total de tiles: 0).
[2026-09-05 20:56:18,084] [WARNING] [src.ui.utils.tilemap_renderer]: Textura para tile_id 59 na célula (1, 5) não encontrada.
[2026-09-05 20:56:18,084] [WARNING] [src.domain.loaders.tileset_manager]: tile_id 67 fora dos limites para tileset 'estrada_vale' (total de tiles: 0).
[2026-09-05 20:56:18,084] [WARNING] [src.ui.utils.tilemap_renderer]: Textura para tile_id 67 na célula (2, 5) não encontrada.
[2026-09-05 20:56:18,084] [WARNING] [src.domain.loaders.tileset_manager]: tile_id 23 fora dos limites para tileset 'estrada_vale' (total de tiles: 0).
[2026-09-05 20:56:18,085] [WARNING] [src.ui.utils.tilemap_renderer]: Textura para tile_id 23 na célula (3, 5) não encontrada.
[2026-09-05 20:56:18,085] [WARNING] [src.domain.loaders.tileset_manager]: tile_id 69 fora dos limites para tileset 'estrada_vale' (total de tiles: 0).
[2026-09-05 20:56:18,085] [WARNING] [src.ui.utils.tilemap_renderer]: Textura para tile_id 69 na célula (4, 5) não encontrada.
[2026-09-05 20:56:18,085] [WARNING] [src.domain.loaders.tileset_manager]: tile_id 27 fora dos limites para tileset 'estrada_vale' (total de tiles: 0).
[2026-09-05 20:56:18,085] [WARNING] [src.ui.utils.tilemap_renderer]: Textura para tile_id 27 na célula (5, 5) não encontrada.
[2026-09-05 20:56:18,087] [WARNING] [src.domain.loaders.tileset_manager]: tile_id 68 fora dos limites para tileset 'estrada_vale' (total de tiles: 0).
[2026-09-05 20:56:18,087] [WARNING] [src.ui.utils.tilemap_renderer]: Textura para tile_id 68 na célula (6, 5) não encontrada.
[2026-09-05 20:56:18,087] [WARNING] [src.domain.loaders.tileset_manager]: tile_id 23 fora dos limites para tileset 'estrada_vale' (total de tiles: 0).
[2026-09-05 20:56:18,088] [WARNING] [src.ui.utils.tilemap_renderer]: Textura para tile_id 23 na célula (7, 5) não encontrada.
[2026-09-05 20:56:18,088] [WARNING] [src.domain.loaders.tileset_manager]: tile_id 23 fora dos limites para tileset 'estrada_vale' (total de tiles: 0).
[2026-09-05 20:56:18,088] [WARNING] [src.ui.utils.tilemap_renderer]: Textura para tile_id 23 na célula (8, 5) não encontrada.
[2026-09-05 20:56:18,089] [WARNING] [src.domain.loaders.tileset_manager]: tile_id 23 fora dos limites para tileset 'estrada_vale' (total de tiles: 0).
[2026-09-05 20:56:18,089] [WARNING] [src.ui.utils.tilemap_renderer]: Textura para tile_id 23 na célula (9, 5) não encontrada.
[2026-09-05 20:56:18,089] [WARNING] [src.domain.loaders.tileset_manager]: tile_id 23 fora dos limites para tileset 'estrada_vale' (total de tiles: 0).
[2026-09-05 20:56:18,089] [WARNING] [src.ui.utils.tilemap_renderer]: Textura para tile_id 23 na célula (10, 5) não encontrada.
[2026-09-05 20:56:18,090] [WARNING] [src.domain.loaders.tileset_manager]: tile_id 23 fora dos limites para tileset 'estrada_vale' (total de tiles: 0).
[2026-09-05 20:56:18,090] [WARNING] [src.ui.utils.tilemap_renderer]: Textura para tile_id 23 na célula (11, 5) não encontrada.
[2026-09-05 20:56:18,090] [WARNING] [src.domain.loaders.tileset_manager]: tile_id 23 fora dos limites para tileset 'estrada_vale' (total de tiles: 0).
[2026-09-05 20:56:18,091] [WARNING] [src.ui.utils.tilemap_renderer]: Textura para tile_id 23 na célula (12, 5) não encontrada.
[2026-09-05 20:56:18,091] [WARNING] [src.domain.loaders.tileset_manager]: tile_id 23 fora dos limites para tileset 'estrada_vale' (total de tiles: 0).
[2026-09-05 20:56:18,091] [WARNING] [src.ui.utils.tilemap_renderer]: Textura para tile_id 23 na célula (13, 5) não encontrada.
[2026-09-05 20:56:18,092] [WARNING] [src.domain.loaders.tileset_manager]: tile_id 23 fora dos limites para tileset 'estrada_vale' (total de tiles: 0).
[2026-09-05 20:56:18,092] [WARNING] [src.ui.utils.tilemap_renderer]: Textura para tile_id 23 na célula (14, 5) não encontrada.
[2026-09-05 20:56:18,092] [WARNING] [src.domain.loaders.tileset_manager]: tile_id 23 fora dos limites para tileset 'estrada_vale' (total de tiles: 0).
[2026-09-05 20:56:18,093] [WARNING] [src.ui.utils.tilemap_renderer]: Textura para tile_id 23 na célula (15, 5) não encontrada.
[2026-09-05 20:56:18,093] [WARNING] [src.domain.loaders.tileset_manager]: tile_id 23 fora dos limites para tileset 'estrada_vale' (total de tiles: 0).
[2026-09-05 20:56:18,093] [WARNING] [src.ui.utils.tilemap_renderer]: Textura para tile_id 23 na célula (16, 5) não encontrada.
[2026-09-05 20:56:18,094] [WARNING] [src.domain.loaders.tileset_manager]: tile_id 23 fora dos limites para tileset 'estrada_vale' (total de tiles: 0).
[2026-09-05 20:56:18,094] [WARNING] [src.ui.utils.tilemap_renderer]: Textura para tile_id 23 na célula (17, 5) não encontrada.
[2026-09-05 20:56:18,094] [WARNING] [src.domain.loaders.tileset_manager]: tile_id 23 fora dos limites para tileset 'estrada_vale' (total de tiles: 0).
[2026-09-05 20:56:18,094] [WARNING] [src.ui.utils.tilemap_renderer]: Textura para tile_id 23 na célula (18, 5) não encontrada.
[2026-09-05 20:56:18,094] [WARNING] [src.domain.loaders.tileset_manager]: tile_id 23 fora dos limites para tileset 'estrada_vale' (total de tiles: 0).
[2026-09-05 20:56:18,094] [WARNING] [src.ui.utils.tilemap_renderer]: Textura para tile_id 23 na célula (19, 5) não encontrada.
[2026-09-05 20:56:18,094] [WARNING] [src.domain.loaders.tileset_manager]: tile_id 23 fora dos limites para tileset 'estrada_vale' (total de tiles: 0).
[2026-09-05 20:56:18,096] [WARNING] [src.ui.utils.tilemap_renderer]: Textura para tile_id 23 na célula (20, 5) não encontrada.
[2026-09-05 20:56:18,096] [WARNING] [src.domain.loaders.tileset_manager]: tile_id 61 fora dos limites para tileset 'estrada_vale' (total de tiles: 0).
[2026-09-05 20:56:18,096] [WARNING] [src.ui.utils.tilemap_renderer]: Textura para tile_id 61 na célula (0, 6) não encontrada.
[2026-09-05 20:56:18,097] [WARNING] [src.domain.loaders.tileset_manager]: tile_id 67 fora dos limites para tileset 'estrada_vale' (total de tiles: 0).
[2026-09-05 20:56:18,097] [WARNING] [src.ui.utils.tilemap_renderer]: Textura para tile_id 67 na célula (1, 6) não encontrada.
[2026-09-05 20:56:18,097] [WARNING] [src.domain.loaders.tileset_manager]: tile_id 23 fora dos limites para tileset 'estrada_vale' (total de tiles: 0).
[2026-09-05 20:56:18,098] [WARNING] [src.ui.utils.tilemap_renderer]: Textura para tile_id 23 na célula (2, 6) não encontrada.
[2026-09-05 20:56:18,098] [WARNING] [src.domain.loaders.tileset_manager]: tile_id 32 fora dos limites para tileset 'estrada_vale' (total de tiles: 0).
[2026-09-05 20:56:18,098] [WARNING] [src.ui.utils.tilemap_renderer]: Textura para tile_id 32 na célula (3, 6) não encontrada.
[2026-09-05 20:56:18,099] [WARNING] [src.domain.loaders.tileset_manager]: tile_id 33 fora dos limites para tileset 'estrada_vale' (total de tiles: 0).
[2026-09-05 20:56:18,099] [WARNING] [src.ui.utils.tilemap_renderer]: Textura para tile_id 33 na célula (4, 6) não encontrada.
[2026-09-05 20:56:18,099] [WARNING] [src.domain.loaders.tileset_manager]: tile_id 31 fora dos limites para tileset 'estrada_vale' (total de tiles: 0).
[2026-09-05 20:56:18,099] [WARNING] [src.ui.utils.tilemap_renderer]: Textura para tile_id 31 na célula (5, 6) não encontrada.
[2026-09-05 20:56:18,100] [WARNING] [src.domain.loaders.tileset_manager]: tile_id 28 fora dos limites para tileset 'estrada_vale' (total de tiles: 0).
[2026-09-05 20:56:18,100] [WARNING] [src.ui.utils.tilemap_renderer]: Textura para tile_id 28 na célula (6, 6) não encontrada.
[2026-09-05 20:56:18,100] [WARNING] [src.domain.loaders.tileset_manager]: tile_id 32 fora dos limites para tileset 'estrada_vale' (total de tiles: 0).
[2026-09-05 20:56:18,101] [WARNING] [src.ui.utils.tilemap_renderer]: Textura para tile_id 32 na célula (7, 6) não encontrada.
[2026-09-05 20:56:18,101] [WARNING] [src.domain.loaders.tileset_manager]: tile_id 32 fora dos limites para tileset 'estrada_vale' (total de tiles: 0).
[2026-09-05 20:56:18,101] [WARNING] [src.ui.utils.tilemap_renderer]: Textura para tile_id 32 na célula (8, 6) não encontrada.
[2026-09-05 20:56:18,101] [WARNING] [src.domain.loaders.tileset_manager]: tile_id 32 fora dos limites para tileset 'estrada_vale' (total de tiles: 0).
[2026-09-05 20:56:18,102] [WARNING] [src.ui.utils.tilemap_renderer]: Textura para tile_id 32 na célula (9, 6) não encontrada.
[2026-09-05 20:56:18,102] [WARNING] [src.domain.loaders.tileset_manager]: tile_id 19 fora dos limites para tileset 'estrada_vale' (total de tiles: 0).
[2026-09-05 20:56:18,102] [WARNING] [src.ui.utils.tilemap_renderer]: Textura para tile_id 19 na célula (10, 6) não encontrada.
[2026-09-05 20:56:18,103] [WARNING] [src.domain.loaders.tileset_manager]: tile_id 35 fora dos limites para tileset 'estrada_vale' (total de tiles: 0).
[2026-09-05 20:56:18,103] [WARNING] [src.ui.utils.tilemap_renderer]: Textura para tile_id 35 na célula (11, 6) não encontrada.
[2026-09-05 20:56:18,103] [WARNING] [src.domain.loaders.tileset_manager]: tile_id 32 fora dos limites para tileset 'estrada_vale' (total de tiles: 0).
[2026-09-05 20:56:18,103] [WARNING] [src.ui.utils.tilemap_renderer]: Textura para tile_id 32 na célula (12, 6) não encontrada.
[2026-09-05 20:56:18,104] [WARNING] [src.domain.loaders.tileset_manager]: tile_id 32 fora dos limites para tileset 'estrada_vale' (total de tiles: 0).
[2026-09-05 20:56:18,104] [WARNING] [src.ui.utils.tilemap_renderer]: Textura para tile_id 32 na célula (13, 6) não encontrada.
[2026-09-05 20:56:18,104] [WARNING] [src.domain.loaders.tileset_manager]: tile_id 32 fora dos limites para tileset 'estrada_vale' (total de tiles: 0).
[2026-09-05 20:56:18,105] [WARNING] [src.ui.utils.tilemap_renderer]: Textura para tile_id 32 na célula (14, 6) não encontrada.
[2026-09-05 20:56:18,105] [WARNING] [src.domain.loaders.tileset_manager]: tile_id 32 fora dos limites para tileset 'estrada_vale' (total de tiles: 0).
[2026-09-05 20:56:18,105] [WARNING] [src.ui.utils.tilemap_renderer]: Textura para tile_id 32 na célula (15, 6) não encontrada.
[2026-09-05 20:56:18,106] [WARNING] [src.domain.loaders.tileset_manager]: tile_id 32 fora dos limites para tileset 'estrada_vale' (total de tiles: 0).
[2026-09-05 20:56:18,106] [WARNING] [src.ui.utils.tilemap_renderer]: Textura para tile_id 32 na célula (16, 6) não encontrada.
[2026-09-05 20:56:18,106] [WARNING] [src.domain.loaders.tileset_manager]: tile_id 32 fora dos limites para tileset 'estrada_vale' (total de tiles: 0).
[2026-09-05 20:56:18,106] [WARNING] [src.ui.utils.tilemap_renderer]: Textura para tile_id 32 na célula (17, 6) não encontrada.
[2026-09-05 20:56:18,107] [WARNING] [src.domain.loaders.tileset_manager]: tile_id 32 fora dos limites para tileset 'estrada_vale' (total de tiles: 0).
[2026-09-05 20:56:18,107] [WARNING] [src.ui.utils.tilemap_renderer]: Textura para tile_id 32 na célula (18, 6) não encontrada.
[2026-09-05 20:56:18,107] [WARNING] [src.domain.loaders.tileset_manager]: tile_id 32 fora dos limites para tileset 'estrada_vale' (total de tiles: 0).
[2026-09-05 20:56:18,108] [WARNING] [src.ui.utils.tilemap_renderer]: Textura para tile_id 32 na célula (19, 6) não encontrada.
[2026-09-05 20:56:18,108] [WARNING] [src.domain.loaders.tileset_manager]: tile_id 32 fora dos limites para tileset 'estrada_vale' (total de tiles: 0).
[2026-09-05 20:56:18,108] [WARNING] [src.ui.utils.tilemap_renderer]: Textura para tile_id 32 na célula (20, 6) não encontrada.
[2026-09-05 20:56:18,109] [WARNING] [src.domain.loaders.tileset_manager]: tile_id 23 fora dos limites para tileset 'estrada_vale' (total de tiles: 0).
[2026-09-05 20:56:18,109] [WARNING] [src.ui.utils.tilemap_renderer]: Textura para tile_id 23 na célula (0, 7) não encontrada.
[2026-09-05 20:56:18,109] [WARNING] [src.domain.loaders.tileset_manager]: tile_id 23 fora dos limites para tileset 'estrada_vale' (total de tiles: 0).
[2026-09-05 20:56:18,110] [WARNING] [src.ui.utils.tilemap_renderer]: Textura para tile_id 23 na célula (1, 7) não encontrada.
[2026-09-05 20:56:18,110] [WARNING] [src.domain.loaders.tileset_manager]: tile_id 32 fora dos limites para tileset 'estrada_vale' (total de tiles: 0).
[2026-09-05 20:56:18,110] [WARNING] [src.ui.utils.tilemap_renderer]: Textura para tile_id 32 na célula (2, 7) não encontrada.
[2026-09-05 20:56:18,111] [WARNING] [src.domain.loaders.tileset_manager]: tile_id 32 fora dos limites para tileset 'estrada_vale' (total de tiles: 0).
[2026-09-05 20:56:18,111] [WARNING] [src.ui.utils.tilemap_renderer]: Textura para tile_id 32 na célula (3, 7) não encontrada.
[2026-09-05 20:56:18,111] [WARNING] [src.domain.loaders.tileset_manager]: tile_id 32 fora dos limites para tileset 'estrada_vale' (total de tiles: 0).
[2026-09-05 20:56:18,112] [WARNING] [src.ui.utils.tilemap_renderer]: Textura para tile_id 32 na célula (4, 7) não encontrada.
[2026-09-05 20:56:18,112] [WARNING] [src.domain.loaders.tileset_manager]: tile_id 32 fora dos limites para tileset 'estrada_vale' (total de tiles: 0).
[2026-09-05 20:56:18,112] [WARNING] [src.ui.utils.tilemap_renderer]: Textura para tile_id 32 na célula (5, 7) não encontrada.
[2026-09-05 20:56:18,112] [WARNING] [src.domain.loaders.tileset_manager]: tile_id 32 fora dos limites para tileset 'estrada_vale' (total de tiles: 0).
[2026-09-05 20:56:18,112] [WARNING] [src.ui.utils.tilemap_renderer]: Textura para tile_id 32 na célula (6, 7) não encontrada.
[2026-09-05 20:56:18,112] [WARNING] [src.domain.loaders.tileset_manager]: tile_id 32 fora dos limites para tileset 'estrada_vale' (total de tiles: 0).
[2026-09-05 20:56:18,112] [WARNING] [src.ui.utils.tilemap_renderer]: Textura para tile_id 32 na célula (7, 7) não encontrada.
[2026-09-05 20:56:18,114] [WARNING] [src.domain.loaders.tileset_manager]: tile_id 32 fora dos limites para tileset 'estrada_vale' (total de tiles: 0).
[2026-09-05 20:56:18,114] [WARNING] [src.ui.utils.tilemap_renderer]: Textura para tile_id 32 na célula (8, 7) não encontrada.
[2026-09-05 20:56:18,114] [WARNING] [src.domain.loaders.tileset_manager]: tile_id 32 fora dos limites para tileset 'estrada_vale' (total de tiles: 0).
[2026-09-05 20:56:18,115] [WARNING] [src.ui.utils.tilemap_renderer]: Textura para tile_id 32 na célula (9, 7) não encontrada.
[2026-09-05 20:56:18,115] [WARNING] [src.domain.loaders.tileset_manager]: tile_id 33 fora dos limites para tileset 'estrada_vale' (total de tiles: 0).
[2026-09-05 20:56:18,115] [WARNING] [src.ui.utils.tilemap_renderer]: Textura para tile_id 33 na célula (10, 7) não encontrada.
[2026-09-05 20:56:18,115] [WARNING] [src.domain.loaders.tileset_manager]: tile_id 28 fora dos limites para tileset 'estrada_vale' (total de tiles: 0).
[2026-09-05 20:56:18,116] [WARNING] [src.ui.utils.tilemap_renderer]: Textura para tile_id 28 na célula (11, 7) não encontrada.
[2026-09-05 20:56:18,116] [WARNING] [src.domain.loaders.tileset_manager]: tile_id 32 fora dos limites para tileset 'estrada_vale' (total de tiles: 0).
[2026-09-05 20:56:18,116] [WARNING] [src.ui.utils.tilemap_renderer]: Textura para tile_id 32 na célula (12, 7) não encontrada.
[2026-09-05 20:56:18,117] [WARNING] [src.domain.loaders.tileset_manager]: tile_id 32 fora dos limites para tileset 'estrada_vale' (total de tiles: 0).
[2026-09-05 20:56:18,117] [WARNING] [src.ui.utils.tilemap_renderer]: Textura para tile_id 32 na célula (13, 7) não encontrada.
[2026-09-05 20:56:18,117] [WARNING] [src.domain.loaders.tileset_manager]: tile_id 32 fora dos limites para tileset 'estrada_vale' (total de tiles: 0).
[2026-09-05 20:56:18,118] [WARNING] [src.ui.utils.tilemap_renderer]: Textura para tile_id 32 na célula (14, 7) não encontrada.
[2026-09-05 20:56:18,118] [WARNING] [src.domain.loaders.tileset_manager]: tile_id 32 fora dos limites para tileset 'estrada_vale' (total de tiles: 0).
[2026-09-05 20:56:18,118] [WARNING] [src.ui.utils.tilemap_renderer]: Textura para tile_id 32 na célula (15, 7) não encontrada.
[2026-09-05 20:56:18,119] [WARNING] [src.domain.loaders.tileset_manager]: tile_id 32 fora dos limites para tileset 'estrada_vale' (total de tiles: 0).
[2026-09-05 20:56:18,119] [WARNING] [src.ui.utils.tilemap_renderer]: Textura para tile_id 32 na célula (16, 7) não encontrada.
[2026-09-05 20:56:18,119] [WARNING] [src.domain.loaders.tileset_manager]: tile_id 32 fora dos limites para tileset 'estrada_vale' (total de tiles: 0).
[2026-09-05 20:56:18,119] [WARNING] [src.ui.utils.tilemap_renderer]: Textura para tile_id 32 na célula (17, 7) não encontrada.
[2026-09-05 20:56:18,119] [WARNING] [src.domain.loaders.tileset_manager]: tile_id 32 fora dos limites para tileset 'estrada_vale' (total de tiles: 0).
[2026-09-05 20:56:18,120] [WARNING] [src.ui.utils.tilemap_renderer]: Textura para tile_id 32 na célula (18, 7) não encontrada.
[2026-09-05 20:56:18,120] [WARNING] [src.domain.loaders.tileset_manager]: tile_id 32 fora dos limites para tileset 'estrada_vale' (total de tiles: 0).
[2026-09-05 20:56:18,120] [WARNING] [src.ui.utils.tilemap_renderer]: Textura para tile_id 32 na célula (19, 7) não encontrada.
[2026-09-05 20:56:18,121] [WARNING] [src.domain.loaders.tileset_manager]: tile_id 32 fora dos limites para tileset 'estrada_vale' (total de tiles: 0).
[2026-09-05 20:56:18,121] [WARNING] [src.ui.utils.tilemap_renderer]: Textura para tile_id 32 na célula (20, 7) não encontrada.
[2026-09-05 20:56:18,121] [WARNING] [src.domain.loaders.tileset_manager]: tile_id 32 fora dos limites para tileset 'estrada_vale' (total de tiles: 0).
[2026-09-05 20:56:18,121] [WARNING] [src.ui.utils.tilemap_renderer]: Textura para tile_id 32 na célula (0, 8) não encontrada.
[2026-09-05 20:56:18,122] [WARNING] [src.domain.loaders.tileset_manager]: tile_id 32 fora dos limites para tileset 'estrada_vale' (total de tiles: 0).
[2026-09-05 20:56:18,122] [WARNING] [src.ui.utils.tilemap_renderer]: Textura para tile_id 32 na célula (1, 8) não encontrada.
[2026-09-05 20:56:18,122] [WARNING] [src.domain.loaders.tileset_manager]: tile_id 19 fora dos limites para tileset 'estrada_vale' (total de tiles: 0).
[2026-09-05 20:56:18,122] [WARNING] [src.ui.utils.tilemap_renderer]: Textura para tile_id 19 na célula (2, 8) não encontrada.
[2026-09-05 20:56:18,124] [WARNING] [src.domain.loaders.tileset_manager]: tile_id 20 fora dos limites para tileset 'estrada_vale' (total de tiles: 0).
[2026-09-05 20:56:18,124] [WARNING] [src.ui.utils.tilemap_renderer]: Textura para tile_id 20 na célula (3, 8) não encontrada.
[2026-09-05 20:56:18,124] [WARNING] [src.domain.loaders.tileset_manager]: tile_id 20 fora dos limites para tileset 'estrada_vale' (total de tiles: 0).
[2026-09-05 20:56:18,125] [WARNING] [src.ui.utils.tilemap_renderer]: Textura para tile_id 20 na célula (4, 8) não encontrada.
[2026-09-05 20:56:18,125] [WARNING] [src.domain.loaders.tileset_manager]: tile_id 20 fora dos limites para tileset 'estrada_vale' (total de tiles: 0).
[2026-09-05 20:56:18,125] [WARNING] [src.ui.utils.tilemap_renderer]: Textura para tile_id 20 na célula (5, 8) não encontrada.
[2026-09-05 20:56:18,126] [WARNING] [src.domain.loaders.tileset_manager]: tile_id 20 fora dos limites para tileset 'estrada_vale' (total de tiles: 0).
[2026-09-05 20:56:18,126] [WARNING] [src.ui.utils.tilemap_renderer]: Textura para tile_id 20 na célula (6, 8) não encontrada.
[2026-09-05 20:56:18,126] [WARNING] [src.domain.loaders.tileset_manager]: tile_id 20 fora dos limites para tileset 'estrada_vale' (total de tiles: 0).
[2026-09-05 20:56:18,127] [WARNING] [src.ui.utils.tilemap_renderer]: Textura para tile_id 20 na célula (7, 8) não encontrada.
[2026-09-05 20:56:18,127] [WARNING] [src.domain.loaders.tileset_manager]: tile_id 20 fora dos limites para tileset 'estrada_vale' (total de tiles: 0).
[2026-09-05 20:56:18,127] [WARNING] [src.ui.utils.tilemap_renderer]: Textura para tile_id 20 na célula (8, 8) não encontrada.
[2026-09-05 20:56:18,128] [WARNING] [src.domain.loaders.tileset_manager]: tile_id 20 fora dos limites para tileset 'estrada_vale' (total de tiles: 0).
[2026-09-05 20:56:18,128] [WARNING] [src.ui.utils.tilemap_renderer]: Textura para tile_id 20 na célula (9, 8) não encontrada.
[2026-09-05 20:56:18,128] [WARNING] [src.domain.loaders.tileset_manager]: tile_id 20 fora dos limites para tileset 'estrada_vale' (total de tiles: 0).
[2026-09-05 20:56:18,128] [WARNING] [src.ui.utils.tilemap_renderer]: Textura para tile_id 20 na célula (10, 8) não encontrada.
[2026-09-05 20:56:18,128] [WARNING] [src.domain.loaders.tileset_manager]: tile_id 20 fora dos limites para tileset 'estrada_vale' (total de tiles: 0).
[2026-09-05 20:56:18,129] [WARNING] [src.ui.utils.tilemap_renderer]: Textura para tile_id 20 na célula (11, 8) não encontrada.
[2026-09-05 20:56:18,129] [WARNING] [src.domain.loaders.tileset_manager]: tile_id 35 fora dos limites para tileset 'estrada_vale' (total de tiles: 0).
[2026-09-05 20:56:18,129] [WARNING] [src.ui.utils.tilemap_renderer]: Textura para tile_id 35 na célula (12, 8) não encontrada.
[2026-09-05 20:56:18,130] [WARNING] [src.domain.loaders.tileset_manager]: tile_id 32 fora dos limites para tileset 'estrada_vale' (total de tiles: 0).
[2026-09-05 20:56:18,130] [WARNING] [src.ui.utils.tilemap_renderer]: Textura para tile_id 32 na célula (13, 8) não encontrada.
[2026-09-05 20:56:18,130] [WARNING] [src.domain.loaders.tileset_manager]: tile_id 32 fora dos limites para tileset 'estrada_vale' (total de tiles: 0).
[2026-09-05 20:56:18,131] [WARNING] [src.ui.utils.tilemap_renderer]: Textura para tile_id 32 na célula (14, 8) não encontrada.
[2026-09-05 20:56:18,131] [WARNING] [src.domain.loaders.tileset_manager]: tile_id 32 fora dos limites para tileset 'estrada_vale' (total de tiles: 0).
[2026-09-05 20:56:18,131] [WARNING] [src.ui.utils.tilemap_renderer]: Textura para tile_id 32 na célula (15, 8) não encontrada.
[2026-09-05 20:56:18,131] [WARNING] [src.domain.loaders.tileset_manager]: tile_id 32 fora dos limites para tileset 'estrada_vale' (total de tiles: 0).
[2026-09-05 20:56:18,132] [WARNING] [src.ui.utils.tilemap_renderer]: Textura para tile_id 32 na célula (16, 8) não encontrada.
[2026-09-05 20:56:18,132] [WARNING] [src.domain.loaders.tileset_manager]: tile_id 32 fora dos limites para tileset 'estrada_vale' (total de tiles: 0).
[2026-09-05 20:56:18,132] [WARNING] [src.ui.utils.tilemap_renderer]: Textura para tile_id 32 na célula (17, 8) não encontrada.
[2026-09-05 20:56:18,132] [WARNING] [src.domain.loaders.tileset_manager]: tile_id 32 fora dos limites para tileset 'estrada_vale' (total de tiles: 0).
[2026-09-05 20:56:18,132] [WARNING] [src.ui.utils.tilemap_renderer]: Textura para tile_id 32 na célula (18, 8) não encontrada.
[2026-09-05 20:56:18,134] [WARNING] [src.domain.loaders.tileset_manager]: tile_id 32 fora dos limites para tileset 'estrada_vale' (total de tiles: 0).
[2026-09-05 20:56:18,134] [WARNING] [src.ui.utils.tilemap_renderer]: Textura para tile_id 32 na célula (19, 8) não encontrada.
[2026-09-05 20:56:18,134] [WARNING] [src.domain.loaders.tileset_manager]: tile_id 32 fora dos limites para tileset 'estrada_vale' (total de tiles: 0).
[2026-09-05 20:56:18,135] [WARNING] [src.ui.utils.tilemap_renderer]: Textura para tile_id 32 na célula (20, 8) não encontrada.
[2026-09-05 20:56:18,135] [WARNING] [src.domain.loaders.tileset_manager]: tile_id 32 fora dos limites para tileset 'estrada_vale' (total de tiles: 0).
[2026-09-05 20:56:18,135] [WARNING] [src.ui.utils.tilemap_renderer]: Textura para tile_id 32 na célula (0, 9) não encontrada.
[2026-09-05 20:56:18,135] [WARNING] [src.domain.loaders.tileset_manager]: tile_id 19 fora dos limites para tileset 'estrada_vale' (total de tiles: 0).
[2026-09-05 20:56:18,135] [WARNING] [src.ui.utils.tilemap_renderer]: Textura para tile_id 19 na célula (1, 9) não encontrada.
[2026-09-05 20:56:18,136] [WARNING] [src.domain.loaders.tileset_manager]: tile_id 21 fora dos limites para tileset 'estrada_vale' (total de tiles: 0).
[2026-09-05 20:56:18,136] [WARNING] [src.ui.utils.tilemap_renderer]: Textura para tile_id 21 na célula (2, 9) não encontrada.
[2026-09-05 20:56:18,136] [WARNING] [src.domain.loaders.tileset_manager]: tile_id 13 fora dos limites para tileset 'estrada_vale' (total de tiles: 0).
[2026-09-05 20:56:18,137] [WARNING] [src.ui.utils.tilemap_renderer]: Textura para tile_id 13 na célula (3, 9) não encontrada.
[2026-09-05 20:56:18,137] [WARNING] [src.domain.loaders.tileset_manager]: tile_id 13 fora dos limites para tileset 'estrada_vale' (total de tiles: 0).
[2026-09-05 20:56:18,137] [WARNING] [src.ui.utils.tilemap_renderer]: Textura para tile_id 13 na célula (4, 9) não encontrada.
[2026-09-05 20:56:18,137] [WARNING] [src.domain.loaders.tileset_manager]: tile_id 13 fora dos limites para tileset 'estrada_vale' (total de tiles: 0).
[2026-09-05 20:56:18,138] [WARNING] [src.ui.utils.tilemap_renderer]: Textura para tile_id 13 na célula (5, 9) não encontrada.
[2026-09-05 20:56:18,138] [WARNING] [src.domain.loaders.tileset_manager]: tile_id 13 fora dos limites para tileset 'estrada_vale' (total de tiles: 0).
[2026-09-05 20:56:18,138] [WARNING] [src.ui.utils.tilemap_renderer]: Textura para tile_id 13 na célula (6, 9) não encontrada.
[2026-09-05 20:56:18,139] [WARNING] [src.domain.loaders.tileset_manager]: tile_id 13 fora dos limites para tileset 'estrada_vale' (total de tiles: 0).
[2026-09-05 20:56:18,139] [WARNING] [src.ui.utils.tilemap_renderer]: Textura para tile_id 13 na célula (7, 9) não encontrada.
[2026-09-05 20:56:18,139] [WARNING] [src.domain.loaders.tileset_manager]: tile_id 13 fora dos limites para tileset 'estrada_vale' (total de tiles: 0).
[2026-09-05 20:56:18,140] [WARNING] [src.ui.utils.tilemap_renderer]: Textura para tile_id 13 na célula (8, 9) não encontrada.
[2026-09-05 20:56:18,140] [WARNING] [src.domain.loaders.tileset_manager]: tile_id 13 fora dos limites para tileset 'estrada_vale' (total de tiles: 0).
[2026-09-05 20:56:18,140] [WARNING] [src.ui.utils.tilemap_renderer]: Textura para tile_id 13 na célula (9, 9) não encontrada.
[2026-09-05 20:56:18,141] [WARNING] [src.domain.loaders.tileset_manager]: tile_id 13 fora dos limites para tileset 'estrada_vale' (total de tiles: 0).
[2026-09-05 20:56:18,141] [WARNING] [src.ui.utils.tilemap_renderer]: Textura para tile_id 13 na célula (10, 9) não encontrada.
[2026-09-05 20:56:18,141] [WARNING] [src.domain.loaders.tileset_manager]: tile_id 13 fora dos limites para tileset 'estrada_vale' (total de tiles: 0).
[2026-09-05 20:56:18,142] [WARNING] [src.ui.utils.tilemap_renderer]: Textura para tile_id 13 na célula (11, 9) não encontrada.
[2026-09-05 20:56:18,142] [WARNING] [src.domain.loaders.tileset_manager]: tile_id 26 fora dos limites para tileset 'estrada_vale' (total de tiles: 0).
[2026-09-05 20:56:18,142] [WARNING] [src.ui.utils.tilemap_renderer]: Textura para tile_id 26 na célula (12, 9) não encontrada.
[2026-09-05 20:56:18,142] [WARNING] [src.domain.loaders.tileset_manager]: tile_id 20 fora dos limites para tileset 'estrada_vale' (total de tiles: 0).
[2026-09-05 20:56:18,142] [WARNING] [src.ui.utils.tilemap_renderer]: Textura para tile_id 20 na célula (13, 9) não encontrada.
[2026-09-05 20:56:18,144] [WARNING] [src.domain.loaders.tileset_manager]: tile_id 20 fora dos limites para tileset 'estrada_vale' (total de tiles: 0).
[2026-09-05 20:56:18,144] [WARNING] [src.ui.utils.tilemap_renderer]: Textura para tile_id 20 na célula (14, 9) não encontrada.
[2026-09-05 20:56:18,144] [WARNING] [src.domain.loaders.tileset_manager]: tile_id 20 fora dos limites para tileset 'estrada_vale' (total de tiles: 0).
[2026-09-05 20:56:18,144] [WARNING] [src.ui.utils.tilemap_renderer]: Textura para tile_id 20 na célula (15, 9) não encontrada.
[2026-09-05 20:56:18,144] [WARNING] [src.domain.loaders.tileset_manager]: tile_id 20 fora dos limites para tileset 'estrada_vale' (total de tiles: 0).
[2026-09-05 20:56:18,145] [WARNING] [src.ui.utils.tilemap_renderer]: Textura para tile_id 20 na célula (16, 9) não encontrada.
[2026-09-05 20:56:18,145] [WARNING] [src.domain.loaders.tileset_manager]: tile_id 20 fora dos limites para tileset 'estrada_vale' (total de tiles: 0).
[2026-09-05 20:56:18,145] [WARNING] [src.ui.utils.tilemap_renderer]: Textura para tile_id 20 na célula (17, 9) não encontrada.
[2026-09-05 20:56:18,146] [WARNING] [src.domain.loaders.tileset_manager]: tile_id 35 fora dos limites para tileset 'estrada_vale' (total de tiles: 0).
[2026-09-05 20:56:18,146] [WARNING] [src.ui.utils.tilemap_renderer]: Textura para tile_id 35 na célula (18, 9) não encontrada.
[2026-09-05 20:56:18,146] [WARNING] [src.domain.loaders.tileset_manager]: tile_id 32 fora dos limites para tileset 'estrada_vale' (total de tiles: 0).
[2026-09-05 20:56:18,146] [WARNING] [src.ui.utils.tilemap_renderer]: Textura para tile_id 32 na célula (19, 9) não encontrada.
[2026-09-05 20:56:18,147] [WARNING] [src.domain.loaders.tileset_manager]: tile_id 32 fora dos limites para tileset 'estrada_vale' (total de tiles: 0).
[2026-09-05 20:56:18,147] [WARNING] [src.ui.utils.tilemap_renderer]: Textura para tile_id 32 na célula (20, 9) não encontrada.
[2026-09-05 20:56:18,147] [WARNING] [src.domain.loaders.tileset_manager]: tile_id 20 fora dos limites para tileset 'estrada_vale' (total de tiles: 0).
[2026-09-05 20:56:18,148] [WARNING] [src.ui.utils.tilemap_renderer]: Textura para tile_id 20 na célula (0, 10) não encontrada.
[2026-09-05 20:56:18,148] [WARNING] [src.domain.loaders.tileset_manager]: tile_id 21 fora dos limites para tileset 'estrada_vale' (total de tiles: 0).
[2026-09-05 20:56:18,148] [WARNING] [src.ui.utils.tilemap_renderer]: Textura para tile_id 21 na célula (1, 10) não encontrada.
[2026-09-05 20:56:18,148] [WARNING] [src.domain.loaders.tileset_manager]: tile_id 13 fora dos limites para tileset 'estrada_vale' (total de tiles: 0).
[2026-09-05 20:56:18,149] [WARNING] [src.ui.utils.tilemap_renderer]: Textura para tile_id 13 na célula (2, 10) não encontrada.
[2026-09-05 20:56:18,149] [WARNING] [src.domain.loaders.tileset_manager]: tile_id 13 fora dos limites para tileset 'estrada_vale' (total de tiles: 0).
[2026-09-05 20:56:18,149] [WARNING] [src.ui.utils.tilemap_renderer]: Textura para tile_id 13 na célula (3, 10) não encontrada.
[2026-09-05 20:56:18,149] [WARNING] [src.domain.loaders.tileset_manager]: tile_id 13 fora dos limites para tileset 'estrada_vale' (total de tiles: 0).
[2026-09-05 20:56:18,149] [WARNING] [src.ui.utils.tilemap_renderer]: Textura para tile_id 13 na célula (4, 10) não encontrada.
[2026-09-05 20:56:18,151] [WARNING] [src.domain.loaders.tileset_manager]: tile_id 13 fora dos limites para tileset 'estrada_vale' (total de tiles: 0).
[2026-09-05 20:56:18,151] [WARNING] [src.ui.utils.tilemap_renderer]: Textura para tile_id 13 na célula (5, 10) não encontrada.
[2026-09-05 20:56:18,151] [WARNING] [src.domain.loaders.tileset_manager]: tile_id 13 fora dos limites para tileset 'estrada_vale' (total de tiles: 0).
[2026-09-05 20:56:18,152] [WARNING] [src.ui.utils.tilemap_renderer]: Textura para tile_id 13 na célula (6, 10) não encontrada.
[2026-09-05 20:56:18,152] [WARNING] [src.domain.loaders.tileset_manager]: tile_id 13 fora dos limites para tileset 'estrada_vale' (total de tiles: 0).
[2026-09-05 20:56:18,152] [WARNING] [src.ui.utils.tilemap_renderer]: Textura para tile_id 13 na célula (7, 10) não encontrada.
[2026-09-05 20:56:18,152] [WARNING] [src.domain.loaders.tileset_manager]: tile_id 13 fora dos limites para tileset 'estrada_vale' (total de tiles: 0).
[2026-09-05 20:56:18,153] [WARNING] [src.ui.utils.tilemap_renderer]: Textura para tile_id 13 na célula (8, 10) não encontrada.
[2026-09-05 20:56:18,153] [WARNING] [src.domain.loaders.tileset_manager]: tile_id 13 fora dos limites para tileset 'estrada_vale' (total de tiles: 0).
[2026-09-05 20:56:18,153] [WARNING] [src.ui.utils.tilemap_renderer]: Textura para tile_id 13 na célula (9, 10) não encontrada.
[2026-09-05 20:56:18,154] [WARNING] [src.domain.loaders.tileset_manager]: tile_id 13 fora dos limites para tileset 'estrada_vale' (total de tiles: 0).
[2026-09-05 20:56:18,154] [WARNING] [src.ui.utils.tilemap_renderer]: Textura para tile_id 13 na célula (10, 10) não encontrada.
[2026-09-05 20:56:18,154] [WARNING] [src.domain.loaders.tileset_manager]: tile_id 13 fora dos limites para tileset 'estrada_vale' (total de tiles: 0).
[2026-09-05 20:56:18,154] [WARNING] [src.ui.utils.tilemap_renderer]: Textura para tile_id 13 na célula (11, 10) não encontrada.
[2026-09-05 20:56:18,154] [WARNING] [src.domain.loaders.tileset_manager]: tile_id 13 fora dos limites para tileset 'estrada_vale' (total de tiles: 0).
[2026-09-05 20:56:18,155] [WARNING] [src.ui.utils.tilemap_renderer]: Textura para tile_id 13 na célula (12, 10) não encontrada.
[2026-09-05 20:56:18,155] [WARNING] [src.domain.loaders.tileset_manager]: tile_id 13 fora dos limites para tileset 'estrada_vale' (total de tiles: 0).
[2026-09-05 20:56:18,155] [WARNING] [src.ui.utils.tilemap_renderer]: Textura para tile_id 13 na célula (13, 10) não encontrada.
[2026-09-05 20:56:18,155] [WARNING] [src.domain.loaders.tileset_manager]: tile_id 13 fora dos limites para tileset 'estrada_vale' (total de tiles: 0).
[2026-09-05 20:56:18,156] [WARNING] [src.ui.utils.tilemap_renderer]: Textura para tile_id 13 na célula (14, 10) não encontrada.
[2026-09-05 20:56:18,156] [WARNING] [src.domain.loaders.tileset_manager]: tile_id 13 fora dos limites para tileset 'estrada_vale' (total de tiles: 0).
[2026-09-05 20:56:18,156] [WARNING] [src.ui.utils.tilemap_renderer]: Textura para tile_id 13 na célula (15, 10) não encontrada.
[2026-09-05 20:56:18,157] [WARNING] [src.domain.loaders.tileset_manager]: tile_id 13 fora dos limites para tileset 'estrada_vale' (total de tiles: 0).
[2026-09-05 20:56:18,157] [WARNING] [src.ui.utils.tilemap_renderer]: Textura para tile_id 13 na célula (16, 10) não encontrada.
[2026-09-05 20:56:18,157] [WARNING] [src.domain.loaders.tileset_manager]: tile_id 13 fora dos limites para tileset 'estrada_vale' (total de tiles: 0).
[2026-09-05 20:56:18,158] [WARNING] [src.ui.utils.tilemap_renderer]: Textura para tile_id 13 na célula (17, 10) não encontrada.
[2026-09-05 20:56:18,158] [WARNING] [src.domain.loaders.tileset_manager]: tile_id 26 fora dos limites para tileset 'estrada_vale' (total de tiles: 0).
[2026-09-05 20:56:18,158] [WARNING] [src.ui.utils.tilemap_renderer]: Textura para tile_id 26 na célula (18, 10) não encontrada.
[2026-09-05 20:56:18,159] [WARNING] [src.domain.loaders.tileset_manager]: tile_id 20 fora dos limites para tileset 'estrada_vale' (total de tiles: 0).
[2026-09-05 20:56:18,159] [WARNING] [src.ui.utils.tilemap_renderer]: Textura para tile_id 20 na célula (19, 10) não encontrada.
[2026-09-05 20:56:18,159] [WARNING] [src.domain.loaders.tileset_manager]: tile_id 20 fora dos limites para tileset 'estrada_vale' (total de tiles: 0).
[2026-09-05 20:56:18,160] [WARNING] [src.ui.utils.tilemap_renderer]: Textura para tile_id 20 na célula (20, 10) não encontrada.
[2026-09-05 20:56:18,161] [WARNING] [src.domain.loaders.tileset_manager]: tile_id 13 fora dos limites para tileset 'estrada_vale' (total de tiles: 0).
[2026-09-05 20:56:18,161] [WARNING] [src.ui.utils.tilemap_renderer]: Textura para tile_id 13 na célula (0, 11) não encontrada.
[2026-09-05 20:56:18,161] [WARNING] [src.domain.loaders.tileset_manager]: tile_id 13 fora dos limites para tileset 'estrada_vale' (total de tiles: 0).
[2026-09-05 20:56:18,162] [WARNING] [src.ui.utils.tilemap_renderer]: Textura para tile_id 13 na célula (1, 11) não encontrada.
[2026-09-05 20:56:18,162] [WARNING] [src.domain.loaders.tileset_manager]: tile_id 13 fora dos limites para tileset 'estrada_vale' (total de tiles: 0).
[2026-09-05 20:56:18,162] [WARNING] [src.ui.utils.tilemap_renderer]: Textura para tile_id 13 na célula (2, 11) não encontrada.
[2026-09-05 20:56:18,162] [WARNING] [src.domain.loaders.tileset_manager]: tile_id 13 fora dos limites para tileset 'estrada_vale' (total de tiles: 0).
[2026-09-05 20:56:18,163] [WARNING] [src.ui.utils.tilemap_renderer]: Textura para tile_id 13 na célula (3, 11) não encontrada.
[2026-09-05 20:56:18,163] [WARNING] [src.domain.loaders.tileset_manager]: tile_id 13 fora dos limites para tileset 'estrada_vale' (total de tiles: 0).
[2026-09-05 20:56:18,163] [WARNING] [src.ui.utils.tilemap_renderer]: Textura para tile_id 13 na célula (4, 11) não encontrada.
[2026-09-05 20:56:18,164] [WARNING] [src.domain.loaders.tileset_manager]: tile_id 13 fora dos limites para tileset 'estrada_vale' (total de tiles: 0).
[2026-09-05 20:56:18,164] [WARNING] [src.ui.utils.tilemap_renderer]: Textura para tile_id 13 na célula (5, 11) não encontrada.
[2026-09-05 20:56:18,164] [WARNING] [src.domain.loaders.tileset_manager]: tile_id 13 fora dos limites para tileset 'estrada_vale' (total de tiles: 0).
[2026-09-05 20:56:18,164] [WARNING] [src.ui.utils.tilemap_renderer]: Textura para tile_id 13 na célula (6, 11) não encontrada.
[2026-09-05 20:56:18,164] [WARNING] [src.domain.loaders.tileset_manager]: tile_id 13 fora dos limites para tileset 'estrada_vale' (total de tiles: 0).
[2026-09-05 20:56:18,165] [WARNING] [src.ui.utils.tilemap_renderer]: Textura para tile_id 13 na célula (7, 11) não encontrada.
[2026-09-05 20:56:18,165] [WARNING] [src.domain.loaders.tileset_manager]: tile_id 13 fora dos limites para tileset 'estrada_vale' (total de tiles: 0).
[2026-09-05 20:56:18,165] [WARNING] [src.ui.utils.tilemap_renderer]: Textura para tile_id 13 na célula (8, 11) não encontrada.
[2026-09-05 20:56:18,165] [WARNING] [src.domain.loaders.tileset_manager]: tile_id 13 fora dos limites para tileset 'estrada_vale' (total de tiles: 0).
[2026-09-05 20:56:18,165] [WARNING] [src.ui.utils.tilemap_renderer]: Textura para tile_id 13 na célula (9, 11) não encontrada.
[2026-09-05 20:56:18,167] [WARNING] [src.domain.loaders.tileset_manager]: tile_id 13 fora dos limites para tileset 'estrada_vale' (total de tiles: 0).
[2026-09-05 20:56:18,167] [WARNING] [src.ui.utils.tilemap_renderer]: Textura para tile_id 13 na célula (10, 11) não encontrada.
[2026-09-05 20:56:18,167] [WARNING] [src.domain.loaders.tileset_manager]: tile_id 13 fora dos limites para tileset 'estrada_vale' (total de tiles: 0).
[2026-09-05 20:56:18,167] [WARNING] [src.ui.utils.tilemap_renderer]: Textura para tile_id 13 na célula (11, 11) não encontrada.
[2026-09-05 20:56:18,168] [WARNING] [src.domain.loaders.tileset_manager]: tile_id 13 fora dos limites para tileset 'estrada_vale' (total de tiles: 0).
[2026-09-05 20:56:18,168] [WARNING] [src.ui.utils.tilemap_renderer]: Textura para tile_id 13 na célula (12, 11) não encontrada.
[2026-09-05 20:56:18,168] [WARNING] [src.domain.loaders.tileset_manager]: tile_id 13 fora dos limites para tileset 'estrada_vale' (total de tiles: 0).
[2026-09-05 20:56:18,169] [WARNING] [src.ui.utils.tilemap_renderer]: Textura para tile_id 13 na célula (13, 11) não encontrada.
[2026-09-05 20:56:18,169] [WARNING] [src.domain.loaders.tileset_manager]: tile_id 13 fora dos limites para tileset 'estrada_vale' (total de tiles: 0).
[2026-09-05 20:56:18,169] [WARNING] [src.ui.utils.tilemap_renderer]: Textura para tile_id 13 na célula (14, 11) não encontrada.
[2026-09-05 20:56:18,170] [WARNING] [src.domain.loaders.tileset_manager]: tile_id 13 fora dos limites para tileset 'estrada_vale' (total de tiles: 0).
[2026-09-05 20:56:18,170] [WARNING] [src.ui.utils.tilemap_renderer]: Textura para tile_id 13 na célula (15, 11) não encontrada.
[2026-09-05 20:56:18,170] [WARNING] [src.domain.loaders.tileset_manager]: tile_id 13 fora dos limites para tileset 'estrada_vale' (total de tiles: 0).
[2026-09-05 20:56:18,170] [WARNING] [src.ui.utils.tilemap_renderer]: Textura para tile_id 13 na célula (16, 11) não encontrada.
[2026-09-05 20:56:18,171] [WARNING] [src.domain.loaders.tileset_manager]: tile_id 13 fora dos limites para tileset 'estrada_vale' (total de tiles: 0).
[2026-09-05 20:56:18,171] [WARNING] [src.ui.utils.tilemap_renderer]: Textura para tile_id 13 na célula (17, 11) não encontrada.
[2026-09-05 20:56:18,171] [WARNING] [src.domain.loaders.tileset_manager]: tile_id 13 fora dos limites para tileset 'estrada_vale' (total de tiles: 0).
[2026-09-05 20:56:18,172] [WARNING] [src.ui.utils.tilemap_renderer]: Textura para tile_id 13 na célula (18, 11) não encontrada.
[2026-09-05 20:56:18,172] [WARNING] [src.domain.loaders.tileset_manager]: tile_id 13 fora dos limites para tileset 'estrada_vale' (total de tiles: 0).
[2026-09-05 20:56:18,172] [WARNING] [src.ui.utils.tilemap_renderer]: Textura para tile_id 13 na célula (19, 11) não encontrada.
[2026-09-05 20:56:18,173] [WARNING] [src.domain.loaders.tileset_manager]: tile_id 13 fora dos limites para tileset 'estrada_vale' (total de tiles: 0).
[2026-09-05 20:56:18,173] [WARNING] [src.ui.utils.tilemap_renderer]: Textura para tile_id 13 na célula (20, 11) não encontrada.
[2026-09-05 20:56:18,184] [INFO] [src.ui.utils.tilemap_renderer]: TileMapRenderer montado: 0 ground sprites e 15 prop sprites para mapa 'estrada_vale' (21x12).
[2026-09-05 20:56:18,220] [WARNING] [src.domain.loaders.tileset_manager]: tile_id 16 fora dos limites para tileset 'estrada_vale' (total de tiles: 0).
[2026-09-05 20:56:18,220] [WARNING] [src.ui.utils.tilemap_renderer]: Textura para tile_id 16 na célula (0, 0) não encontrada.
[2026-09-05 20:56:18,220] [WARNING] [src.domain.loaders.tileset_manager]: tile_id 16 fora dos limites para tileset 'estrada_vale' (total de tiles: 0).
[2026-09-05 20:56:18,221] [WARNING] [src.ui.utils.tilemap_renderer]: Textura para tile_id 16 na célula (1, 0) não encontrada.
[2026-09-05 20:56:18,221] [WARNING] [src.domain.loaders.tileset_manager]: tile_id 16 fora dos limites para tileset 'estrada_vale' (total de tiles: 0).
[2026-09-05 20:56:18,221] [WARNING] [src.ui.utils.tilemap_renderer]: Textura para tile_id 16 na célula (2, 0) não encontrada.
[2026-09-05 20:56:18,222] [WARNING] [src.domain.loaders.tileset_manager]: tile_id 16 fora dos limites para tileset 'estrada_vale' (total de tiles: 0).
[2026-09-05 20:56:18,222] [WARNING] [src.ui.utils.tilemap_renderer]: Textura para tile_id 16 na célula (3, 0) não encontrada.
[2026-09-05 20:56:18,222] [WARNING] [src.domain.loaders.tileset_manager]: tile_id 16 fora dos limites para tileset 'estrada_vale' (total de tiles: 0).
[2026-09-05 20:56:18,222] [WARNING] [src.ui.utils.tilemap_renderer]: Textura para tile_id 16 na célula (4, 0) não encontrada.
[2026-09-05 20:56:18,224] [WARNING] [src.domain.loaders.tileset_manager]: tile_id 16 fora dos limites para tileset 'estrada_vale' (total de tiles: 0).
[2026-09-05 20:56:18,224] [WARNING] [src.ui.utils.tilemap_renderer]: Textura para tile_id 16 na célula (5, 0) não encontrada.
[2026-09-05 20:56:18,224] [WARNING] [src.domain.loaders.tileset_manager]: tile_id 16 fora dos limites para tileset 'estrada_vale' (total de tiles: 0).
[2026-09-05 20:56:18,224] [WARNING] [src.ui.utils.tilemap_renderer]: Textura para tile_id 16 na célula (6, 0) não encontrada.
[2026-09-05 20:56:18,224] [WARNING] [src.domain.loaders.tileset_manager]: tile_id 16 fora dos limites para tileset 'estrada_vale' (total de tiles: 0).
[2026-09-05 20:56:18,225] [WARNING] [src.ui.utils.tilemap_renderer]: Textura para tile_id 16 na célula (7, 0) não encontrada.
[2026-09-05 20:56:18,225] [WARNING] [src.domain.loaders.tileset_manager]: tile_id 16 fora dos limites para tileset 'estrada_vale' (total de tiles: 0).
[2026-09-05 20:56:18,225] [WARNING] [src.ui.utils.tilemap_renderer]: Textura para tile_id 16 na célula (8, 0) não encontrada.
[2026-09-05 20:56:18,226] [WARNING] [src.domain.loaders.tileset_manager]: tile_id 16 fora dos limites para tileset 'estrada_vale' (total de tiles: 0).
[2026-09-05 20:56:18,226] [WARNING] [src.ui.utils.tilemap_renderer]: Textura para tile_id 16 na célula (9, 0) não encontrada.
[2026-09-05 20:56:18,226] [WARNING] [src.domain.loaders.tileset_manager]: tile_id 16 fora dos limites para tileset 'estrada_vale' (total de tiles: 0).
[2026-09-05 20:56:18,227] [WARNING] [src.ui.utils.tilemap_renderer]: Textura para tile_id 16 na célula (10, 0) não encontrada.
[2026-09-05 20:56:18,227] [WARNING] [src.domain.loaders.tileset_manager]: tile_id 16 fora dos limites para tileset 'estrada_vale' (total de tiles: 0).
[2026-09-05 20:56:18,227] [WARNING] [src.ui.utils.tilemap_renderer]: Textura para tile_id 16 na célula (11, 0) não encontrada.
[2026-09-05 20:56:18,228] [WARNING] [src.domain.loaders.tileset_manager]: tile_id 16 fora dos limites para tileset 'estrada_vale' (total de tiles: 0).
[2026-09-05 20:56:18,228] [WARNING] [src.ui.utils.tilemap_renderer]: Textura para tile_id 16 na célula (12, 0) não encontrada.
[2026-09-05 20:56:18,228] [WARNING] [src.domain.loaders.tileset_manager]: tile_id 16 fora dos limites para tileset 'estrada_vale' (total de tiles: 0).
[2026-09-05 20:56:18,229] [WARNING] [src.ui.utils.tilemap_renderer]: Textura para tile_id 16 na célula (13, 0) não encontrada.
[2026-09-05 20:56:18,229] [WARNING] [src.domain.loaders.tileset_manager]: tile_id 16 fora dos limites para tileset 'estrada_vale' (total de tiles: 0).
[2026-09-05 20:56:18,229] [WARNING] [src.ui.utils.tilemap_renderer]: Textura para tile_id 16 na célula (14, 0) não encontrada.
[2026-09-05 20:56:18,229] [WARNING] [src.domain.loaders.tileset_manager]: tile_id 16 fora dos limites para tileset 'estrada_vale' (total de tiles: 0).
[2026-09-05 20:56:18,230] [WARNING] [src.ui.utils.tilemap_renderer]: Textura para tile_id 16 na célula (15, 0) não encontrada.
[2026-09-05 20:56:18,230] [WARNING] [src.domain.loaders.tileset_manager]: tile_id 16 fora dos limites para tileset 'estrada_vale' (total de tiles: 0).
[2026-09-05 20:56:18,230] [WARNING] [src.ui.utils.tilemap_renderer]: Textura para tile_id 16 na célula (16, 0) não encontrada.
[2026-09-05 20:56:18,230] [WARNING] [src.domain.loaders.tileset_manager]: tile_id 16 fora dos limites para tileset 'estrada_vale' (total de tiles: 0).
[2026-09-05 20:56:18,230] [WARNING] [src.ui.utils.tilemap_renderer]: Textura para tile_id 16 na célula (17, 0) não encontrada.
[2026-09-05 20:56:18,232] [WARNING] [src.domain.loaders.tileset_manager]: tile_id 16 fora dos limites para tileset 'estrada_vale' (total de tiles: 0).
[2026-09-05 20:56:18,232] [WARNING] [src.ui.utils.tilemap_renderer]: Textura para tile_id 16 na célula (18, 0) não encontrada.
[2026-09-05 20:56:18,232] [WARNING] [src.domain.loaders.tileset_manager]: tile_id 16 fora dos limites para tileset 'estrada_vale' (total de tiles: 0).
[2026-09-05 20:56:18,233] [WARNING] [src.ui.utils.tilemap_renderer]: Textura para tile_id 16 na célula (19, 0) não encontrada.
[2026-09-05 20:56:18,233] [WARNING] [src.domain.loaders.tileset_manager]: tile_id 16 fora dos limites para tileset 'estrada_vale' (total de tiles: 0).
[2026-09-05 20:56:18,233] [WARNING] [src.ui.utils.tilemap_renderer]: Textura para tile_id 16 na célula (20, 0) não encontrada.
[2026-09-05 20:56:18,233] [WARNING] [src.domain.loaders.tileset_manager]: tile_id 1 fora dos limites para tileset 'estrada_vale' (total de tiles: 0).
[2026-09-05 20:56:18,234] [WARNING] [src.ui.utils.tilemap_renderer]: Textura para tile_id 1 na célula (0, 1) não encontrada.
[2026-09-05 20:56:18,234] [WARNING] [src.domain.loaders.tileset_manager]: tile_id 1 fora dos limites para tileset 'estrada_vale' (total de tiles: 0).
[2026-09-05 20:56:18,234] [WARNING] [src.ui.utils.tilemap_renderer]: Textura para tile_id 1 na célula (1, 1) não encontrada.
[2026-09-05 20:56:18,234] [WARNING] [src.domain.loaders.tileset_manager]: tile_id 1 fora dos limites para tileset 'estrada_vale' (total de tiles: 0).
[2026-09-05 20:56:18,234] [WARNING] [src.ui.utils.tilemap_renderer]: Textura para tile_id 1 na célula (2, 1) não encontrada.
[2026-09-05 20:56:18,235] [WARNING] [src.domain.loaders.tileset_manager]: tile_id 1 fora dos limites para tileset 'estrada_vale' (total de tiles: 0).
[2026-09-05 20:56:18,235] [WARNING] [src.ui.utils.tilemap_renderer]: Textura para tile_id 1 na célula (3, 1) não encontrada.
[2026-09-05 20:56:18,235] [WARNING] [src.domain.loaders.tileset_manager]: tile_id 1 fora dos limites para tileset 'estrada_vale' (total de tiles: 0).
[2026-09-05 20:56:18,236] [WARNING] [src.ui.utils.tilemap_renderer]: Textura para tile_id 1 na célula (4, 1) não encontrada.
[2026-09-05 20:56:18,236] [WARNING] [src.domain.loaders.tileset_manager]: tile_id 1 fora dos limites para tileset 'estrada_vale' (total de tiles: 0).
[2026-09-05 20:56:18,236] [WARNING] [src.ui.utils.tilemap_renderer]: Textura para tile_id 1 na célula (5, 1) não encontrada.
[2026-09-05 20:56:18,237] [WARNING] [src.domain.loaders.tileset_manager]: tile_id 1 fora dos limites para tileset 'estrada_vale' (total de tiles: 0).
[2026-09-05 20:56:18,237] [WARNING] [src.ui.utils.tilemap_renderer]: Textura para tile_id 1 na célula (6, 1) não encontrada.
[2026-09-05 20:56:18,237] [WARNING] [src.domain.loaders.tileset_manager]: tile_id 1 fora dos limites para tileset 'estrada_vale' (total de tiles: 0).
[2026-09-05 20:56:18,237] [WARNING] [src.ui.utils.tilemap_renderer]: Textura para tile_id 1 na célula (7, 1) não encontrada.
[2026-09-05 20:56:18,238] [WARNING] [src.domain.loaders.tileset_manager]: tile_id 1 fora dos limites para tileset 'estrada_vale' (total de tiles: 0).
[2026-09-05 20:56:18,238] [WARNING] [src.ui.utils.tilemap_renderer]: Textura para tile_id 1 na célula (8, 1) não encontrada.
[2026-09-05 20:56:18,239] [WARNING] [src.domain.loaders.tileset_manager]: tile_id 1 fora dos limites para tileset 'estrada_vale' (total de tiles: 0).
[2026-09-05 20:56:18,239] [WARNING] [src.ui.utils.tilemap_renderer]: Textura para tile_id 1 na célula (9, 1) não encontrada.
[2026-09-05 20:56:18,239] [WARNING] [src.domain.loaders.tileset_manager]: tile_id 1 fora dos limites para tileset 'estrada_vale' (total de tiles: 0).
[2026-09-05 20:56:18,240] [WARNING] [src.ui.utils.tilemap_renderer]: Textura para tile_id 1 na célula (10, 1) não encontrada.
[2026-09-05 20:56:18,240] [WARNING] [src.domain.loaders.tileset_manager]: tile_id 1 fora dos limites para tileset 'estrada_vale' (total de tiles: 0).
[2026-09-05 20:56:18,240] [WARNING] [src.ui.utils.tilemap_renderer]: Textura para tile_id 1 na célula (11, 1) não encontrada.
[2026-09-05 20:56:18,241] [WARNING] [src.domain.loaders.tileset_manager]: tile_id 1 fora dos limites para tileset 'estrada_vale' (total de tiles: 0).
[2026-09-05 20:56:18,241] [WARNING] [src.ui.utils.tilemap_renderer]: Textura para tile_id 1 na célula (12, 1) não encontrada.
[2026-09-05 20:56:18,242] [WARNING] [src.domain.loaders.tileset_manager]: tile_id 1 fora dos limites para tileset 'estrada_vale' (total de tiles: 0).
[2026-09-05 20:56:18,242] [WARNING] [src.ui.utils.tilemap_renderer]: Textura para tile_id 1 na célula (13, 1) não encontrada.
[2026-09-05 20:56:18,242] [WARNING] [src.domain.loaders.tileset_manager]: tile_id 1 fora dos limites para tileset 'estrada_vale' (total de tiles: 0).
[2026-09-05 20:56:18,243] [WARNING] [src.ui.utils.tilemap_renderer]: Textura para tile_id 1 na célula (14, 1) não encontrada.
[2026-09-05 20:56:18,243] [WARNING] [src.domain.loaders.tileset_manager]: tile_id 1 fora dos limites para tileset 'estrada_vale' (total de tiles: 0).
[2026-09-05 20:56:18,243] [WARNING] [src.ui.utils.tilemap_renderer]: Textura para tile_id 1 na célula (15, 1) não encontrada.
[2026-09-05 20:56:18,244] [WARNING] [src.domain.loaders.tileset_manager]: tile_id 1 fora dos limites para tileset 'estrada_vale' (total de tiles: 0).
[2026-09-05 20:56:18,244] [WARNING] [src.ui.utils.tilemap_renderer]: Textura para tile_id 1 na célula (16, 1) não encontrada.
[2026-09-05 20:56:18,244] [WARNING] [src.domain.loaders.tileset_manager]: tile_id 1 fora dos limites para tileset 'estrada_vale' (total de tiles: 0).
[2026-09-05 20:56:18,244] [WARNING] [src.ui.utils.tilemap_renderer]: Textura para tile_id 1 na célula (17, 1) não encontrada.
[2026-09-05 20:56:18,244] [WARNING] [src.domain.loaders.tileset_manager]: tile_id 1 fora dos limites para tileset 'estrada_vale' (total de tiles: 0).
[2026-09-05 20:56:18,245] [WARNING] [src.ui.utils.tilemap_renderer]: Textura para tile_id 1 na célula (18, 1) não encontrada.
[2026-09-05 20:56:18,245] [WARNING] [src.domain.loaders.tileset_manager]: tile_id 1 fora dos limites para tileset 'estrada_vale' (total de tiles: 0).
[2026-09-05 20:56:18,245] [WARNING] [src.ui.utils.tilemap_renderer]: Textura para tile_id 1 na célula (19, 1) não encontrada.
[2026-09-05 20:56:18,246] [WARNING] [src.domain.loaders.tileset_manager]: tile_id 1 fora dos limites para tileset 'estrada_vale' (total de tiles: 0).
[2026-09-05 20:56:18,246] [WARNING] [src.ui.utils.tilemap_renderer]: Textura para tile_id 1 na célula (20, 1) não encontrada.
[2026-09-05 20:56:18,246] [WARNING] [src.domain.loaders.tileset_manager]: tile_id 5 fora dos limites para tileset 'estrada_vale' (total de tiles: 0).
[2026-09-05 20:56:18,246] [WARNING] [src.ui.utils.tilemap_renderer]: Textura para tile_id 5 na célula (0, 2) não encontrada.
[2026-09-05 20:56:18,246] [WARNING] [src.domain.loaders.tileset_manager]: tile_id 5 fora dos limites para tileset 'estrada_vale' (total de tiles: 0).
[2026-09-05 20:56:18,248] [WARNING] [src.ui.utils.tilemap_renderer]: Textura para tile_id 5 na célula (1, 2) não encontrada.
[2026-09-05 20:56:18,248] [WARNING] [src.domain.loaders.tileset_manager]: tile_id 5 fora dos limites para tileset 'estrada_vale' (total de tiles: 0).
[2026-09-05 20:56:18,248] [WARNING] [src.ui.utils.tilemap_renderer]: Textura para tile_id 5 na célula (2, 2) não encontrada.
[2026-09-05 20:56:18,249] [WARNING] [src.domain.loaders.tileset_manager]: tile_id 5 fora dos limites para tileset 'estrada_vale' (total de tiles: 0).
[2026-09-05 20:56:18,249] [WARNING] [src.ui.utils.tilemap_renderer]: Textura para tile_id 5 na célula (3, 2) não encontrada.
[2026-09-05 20:56:18,249] [WARNING] [src.domain.loaders.tileset_manager]: tile_id 5 fora dos limites para tileset 'estrada_vale' (total de tiles: 0).
[2026-09-05 20:56:18,250] [WARNING] [src.ui.utils.tilemap_renderer]: Textura para tile_id 5 na célula (4, 2) não encontrada.
[2026-09-05 20:56:18,250] [WARNING] [src.domain.loaders.tileset_manager]: tile_id 5 fora dos limites para tileset 'estrada_vale' (total de tiles: 0).
[2026-09-05 20:56:18,250] [WARNING] [src.ui.utils.tilemap_renderer]: Textura para tile_id 5 na célula (5, 2) não encontrada.
[2026-09-05 20:56:18,250] [WARNING] [src.domain.loaders.tileset_manager]: tile_id 5 fora dos limites para tileset 'estrada_vale' (total de tiles: 0).
[2026-09-05 20:56:18,251] [WARNING] [src.ui.utils.tilemap_renderer]: Textura para tile_id 5 na célula (6, 2) não encontrada.
[2026-09-05 20:56:18,251] [WARNING] [src.domain.loaders.tileset_manager]: tile_id 5 fora dos limites para tileset 'estrada_vale' (total de tiles: 0).
[2026-09-05 20:56:18,251] [WARNING] [src.ui.utils.tilemap_renderer]: Textura para tile_id 5 na célula (7, 2) não encontrada.
[2026-09-05 20:56:18,252] [WARNING] [src.domain.loaders.tileset_manager]: tile_id 5 fora dos limites para tileset 'estrada_vale' (total de tiles: 0).
[2026-09-05 20:56:18,252] [WARNING] [src.ui.utils.tilemap_renderer]: Textura para tile_id 5 na célula (8, 2) não encontrada.
[2026-09-05 20:56:18,252] [WARNING] [src.domain.loaders.tileset_manager]: tile_id 5 fora dos limites para tileset 'estrada_vale' (total de tiles: 0).
[2026-09-05 20:56:18,252] [WARNING] [src.ui.utils.tilemap_renderer]: Textura para tile_id 5 na célula (9, 2) não encontrada.
[2026-09-05 20:56:18,253] [WARNING] [src.domain.loaders.tileset_manager]: tile_id 5 fora dos limites para tileset 'estrada_vale' (total de tiles: 0).
[2026-09-05 20:56:18,253] [WARNING] [src.ui.utils.tilemap_renderer]: Textura para tile_id 5 na célula (10, 2) não encontrada.
[2026-09-05 20:56:18,253] [WARNING] [src.domain.loaders.tileset_manager]: tile_id 5 fora dos limites para tileset 'estrada_vale' (total de tiles: 0).
[2026-09-05 20:56:18,254] [WARNING] [src.ui.utils.tilemap_renderer]: Textura para tile_id 5 na célula (11, 2) não encontrada.
[2026-09-05 20:56:18,254] [WARNING] [src.domain.loaders.tileset_manager]: tile_id 5 fora dos limites para tileset 'estrada_vale' (total de tiles: 0).
[2026-09-05 20:56:18,254] [WARNING] [src.ui.utils.tilemap_renderer]: Textura para tile_id 5 na célula (12, 2) não encontrada.
[2026-09-05 20:56:18,254] [WARNING] [src.domain.loaders.tileset_manager]: tile_id 5 fora dos limites para tileset 'estrada_vale' (total de tiles: 0).
[2026-09-05 20:56:18,254] [WARNING] [src.ui.utils.tilemap_renderer]: Textura para tile_id 5 na célula (13, 2) não encontrada.
[2026-09-05 20:56:18,255] [WARNING] [src.domain.loaders.tileset_manager]: tile_id 5 fora dos limites para tileset 'estrada_vale' (total de tiles: 0).
[2026-09-05 20:56:18,255] [WARNING] [src.ui.utils.tilemap_renderer]: Textura para tile_id 5 na célula (14, 2) não encontrada.
[2026-09-05 20:56:18,255] [WARNING] [src.domain.loaders.tileset_manager]: tile_id 5 fora dos limites para tileset 'estrada_vale' (total de tiles: 0).
[2026-09-05 20:56:18,256] [WARNING] [src.ui.utils.tilemap_renderer]: Textura para tile_id 5 na célula (15, 2) não encontrada.
[2026-09-05 20:56:18,256] [WARNING] [src.domain.loaders.tileset_manager]: tile_id 5 fora dos limites para tileset 'estrada_vale' (total de tiles: 0).
[2026-09-05 20:56:18,256] [WARNING] [src.ui.utils.tilemap_renderer]: Textura para tile_id 5 na célula (16, 2) não encontrada.
[2026-09-05 20:56:18,256] [WARNING] [src.domain.loaders.tileset_manager]: tile_id 5 fora dos limites para tileset 'estrada_vale' (total de tiles: 0).
[2026-09-05 20:56:18,258] [WARNING] [src.ui.utils.tilemap_renderer]: Textura para tile_id 5 na célula (17, 2) não encontrada.
[2026-09-05 20:56:18,258] [WARNING] [src.domain.loaders.tileset_manager]: tile_id 5 fora dos limites para tileset 'estrada_vale' (total de tiles: 0).
[2026-09-05 20:56:18,258] [WARNING] [src.ui.utils.tilemap_renderer]: Textura para tile_id 5 na célula (18, 2) não encontrada.
[2026-09-05 20:56:18,259] [WARNING] [src.domain.loaders.tileset_manager]: tile_id 5 fora dos limites para tileset 'estrada_vale' (total de tiles: 0).
[2026-09-05 20:56:18,259] [WARNING] [src.ui.utils.tilemap_renderer]: Textura para tile_id 5 na célula (19, 2) não encontrada.
[2026-09-05 20:56:18,259] [WARNING] [src.domain.loaders.tileset_manager]: tile_id 5 fora dos limites para tileset 'estrada_vale' (total de tiles: 0).
[2026-09-05 20:56:18,260] [WARNING] [src.ui.utils.tilemap_renderer]: Textura para tile_id 5 na célula (20, 2) não encontrada.
[2026-09-05 20:56:18,260] [WARNING] [src.domain.loaders.tileset_manager]: tile_id 55 fora dos limites para tileset 'estrada_vale' (total de tiles: 0).
[2026-09-05 20:56:18,260] [WARNING] [src.ui.utils.tilemap_renderer]: Textura para tile_id 55 na célula (0, 3) não encontrada.
[2026-09-05 20:56:18,261] [WARNING] [src.domain.loaders.tileset_manager]: tile_id 55 fora dos limites para tileset 'estrada_vale' (total de tiles: 0).
[2026-09-05 20:56:18,261] [WARNING] [src.ui.utils.tilemap_renderer]: Textura para tile_id 55 na célula (1, 3) não encontrada.
[2026-09-05 20:56:18,261] [WARNING] [src.domain.loaders.tileset_manager]: tile_id 55 fora dos limites para tileset 'estrada_vale' (total de tiles: 0).
[2026-09-05 20:56:18,262] [WARNING] [src.ui.utils.tilemap_renderer]: Textura para tile_id 55 na célula (2, 3) não encontrada.
[2026-09-05 20:56:18,262] [WARNING] [src.domain.loaders.tileset_manager]: tile_id 55 fora dos limites para tileset 'estrada_vale' (total de tiles: 0).
[2026-09-05 20:56:18,262] [WARNING] [src.ui.utils.tilemap_renderer]: Textura para tile_id 55 na célula (3, 3) não encontrada.
[2026-09-05 20:56:18,263] [WARNING] [src.domain.loaders.tileset_manager]: tile_id 55 fora dos limites para tileset 'estrada_vale' (total de tiles: 0).
[2026-09-05 20:56:18,263] [WARNING] [src.ui.utils.tilemap_renderer]: Textura para tile_id 55 na célula (4, 3) não encontrada.
[2026-09-05 20:56:18,263] [WARNING] [src.domain.loaders.tileset_manager]: tile_id 55 fora dos limites para tileset 'estrada_vale' (total de tiles: 0).
[2026-09-05 20:56:18,263] [WARNING] [src.ui.utils.tilemap_renderer]: Textura para tile_id 55 na célula (5, 3) não encontrada.
[2026-09-05 20:56:18,264] [WARNING] [src.domain.loaders.tileset_manager]: tile_id 55 fora dos limites para tileset 'estrada_vale' (total de tiles: 0).
[2026-09-05 20:56:18,264] [WARNING] [src.ui.utils.tilemap_renderer]: Textura para tile_id 55 na célula (6, 3) não encontrada.
[2026-09-05 20:56:18,264] [WARNING] [src.domain.loaders.tileset_manager]: tile_id 55 fora dos limites para tileset 'estrada_vale' (total de tiles: 0).
[2026-09-05 20:56:18,264] [WARNING] [src.ui.utils.tilemap_renderer]: Textura para tile_id 55 na célula (7, 3) não encontrada.
[2026-09-05 20:56:18,265] [WARNING] [src.domain.loaders.tileset_manager]: tile_id 55 fora dos limites para tileset 'estrada_vale' (total de tiles: 0).
[2026-09-05 20:56:18,265] [WARNING] [src.ui.utils.tilemap_renderer]: Textura para tile_id 55 na célula (8, 3) não encontrada.
[2026-09-05 20:56:18,265] [WARNING] [src.domain.loaders.tileset_manager]: tile_id 55 fora dos limites para tileset 'estrada_vale' (total de tiles: 0).
[2026-09-05 20:56:18,265] [WARNING] [src.ui.utils.tilemap_renderer]: Textura para tile_id 55 na célula (9, 3) não encontrada.
[2026-09-05 20:56:18,266] [WARNING] [src.domain.loaders.tileset_manager]: tile_id 55 fora dos limites para tileset 'estrada_vale' (total de tiles: 0).
[2026-09-05 20:56:18,266] [WARNING] [src.ui.utils.tilemap_renderer]: Textura para tile_id 55 na célula (10, 3) não encontrada.
[2026-09-05 20:56:18,266] [WARNING] [src.domain.loaders.tileset_manager]: tile_id 55 fora dos limites para tileset 'estrada_vale' (total de tiles: 0).
[2026-09-05 20:56:18,267] [WARNING] [src.ui.utils.tilemap_renderer]: Textura para tile_id 55 na célula (11, 3) não encontrada.
[2026-09-05 20:56:18,267] [WARNING] [src.domain.loaders.tileset_manager]: tile_id 55 fora dos limites para tileset 'estrada_vale' (total de tiles: 0).
[2026-09-05 20:56:18,267] [WARNING] [src.ui.utils.tilemap_renderer]: Textura para tile_id 55 na célula (12, 3) não encontrada.
[2026-09-05 20:56:18,268] [WARNING] [src.domain.loaders.tileset_manager]: tile_id 55 fora dos limites para tileset 'estrada_vale' (total de tiles: 0).
[2026-09-05 20:56:18,268] [WARNING] [src.ui.utils.tilemap_renderer]: Textura para tile_id 55 na célula (13, 3) não encontrada.
[2026-09-05 20:56:18,268] [WARNING] [src.domain.loaders.tileset_manager]: tile_id 55 fora dos limites para tileset 'estrada_vale' (total de tiles: 0).
[2026-09-05 20:56:18,268] [WARNING] [src.ui.utils.tilemap_renderer]: Textura para tile_id 55 na célula (14, 3) não encontrada.
[2026-09-05 20:56:18,269] [WARNING] [src.domain.loaders.tileset_manager]: tile_id 55 fora dos limites para tileset 'estrada_vale' (total de tiles: 0).
[2026-09-05 20:56:18,269] [WARNING] [src.ui.utils.tilemap_renderer]: Textura para tile_id 55 na célula (15, 3) não encontrada.
[2026-09-05 20:56:18,269] [WARNING] [src.domain.loaders.tileset_manager]: tile_id 55 fora dos limites para tileset 'estrada_vale' (total de tiles: 0).
[2026-09-05 20:56:18,270] [WARNING] [src.ui.utils.tilemap_renderer]: Textura para tile_id 55 na célula (16, 3) não encontrada.
[2026-09-05 20:56:18,270] [WARNING] [src.domain.loaders.tileset_manager]: tile_id 55 fora dos limites para tileset 'estrada_vale' (total de tiles: 0).
[2026-09-05 20:56:18,270] [WARNING] [src.ui.utils.tilemap_renderer]: Textura para tile_id 55 na célula (17, 3) não encontrada.
[2026-09-05 20:56:18,271] [WARNING] [src.domain.loaders.tileset_manager]: tile_id 55 fora dos limites para tileset 'estrada_vale' (total de tiles: 0).
[2026-09-05 20:56:18,271] [WARNING] [src.ui.utils.tilemap_renderer]: Textura para tile_id 55 na célula (18, 3) não encontrada.
[2026-09-05 20:56:18,271] [WARNING] [src.domain.loaders.tileset_manager]: tile_id 55 fora dos limites para tileset 'estrada_vale' (total de tiles: 0).
[2026-09-05 20:56:18,271] [WARNING] [src.ui.utils.tilemap_renderer]: Textura para tile_id 55 na célula (19, 3) não encontrada.
[2026-09-05 20:56:18,272] [WARNING] [src.domain.loaders.tileset_manager]: tile_id 55 fora dos limites para tileset 'estrada_vale' (total de tiles: 0).
[2026-09-05 20:56:18,272] [WARNING] [src.ui.utils.tilemap_renderer]: Textura para tile_id 55 na célula (20, 3) não encontrada.
[2026-09-05 20:56:18,272] [WARNING] [src.domain.loaders.tileset_manager]: tile_id 58 fora dos limites para tileset 'estrada_vale' (total de tiles: 0).
[2026-09-05 20:56:18,272] [WARNING] [src.ui.utils.tilemap_renderer]: Textura para tile_id 58 na célula (0, 4) não encontrada.
[2026-09-05 20:56:18,272] [WARNING] [src.domain.loaders.tileset_manager]: tile_id 58 fora dos limites para tileset 'estrada_vale' (total de tiles: 0).
[2026-09-05 20:56:18,274] [WARNING] [src.ui.utils.tilemap_renderer]: Textura para tile_id 58 na célula (1, 4) não encontrada.
[2026-09-05 20:56:18,274] [WARNING] [src.domain.loaders.tileset_manager]: tile_id 59 fora dos limites para tileset 'estrada_vale' (total de tiles: 0).
[2026-09-05 20:56:18,274] [WARNING] [src.ui.utils.tilemap_renderer]: Textura para tile_id 59 na célula (2, 4) não encontrada.
[2026-09-05 20:56:18,274] [WARNING] [src.domain.loaders.tileset_manager]: tile_id 61 fora dos limites para tileset 'estrada_vale' (total de tiles: 0).
[2026-09-05 20:56:18,275] [WARNING] [src.ui.utils.tilemap_renderer]: Textura para tile_id 61 na célula (3, 4) não encontrada.
[2026-09-05 20:56:18,275] [WARNING] [src.domain.loaders.tileset_manager]: tile_id 61 fora dos limites para tileset 'estrada_vale' (total de tiles: 0).
[2026-09-05 20:56:18,275] [WARNING] [src.ui.utils.tilemap_renderer]: Textura para tile_id 61 na célula (4, 4) não encontrada.
[2026-09-05 20:56:18,276] [WARNING] [src.domain.loaders.tileset_manager]: tile_id 61 fora dos limites para tileset 'estrada_vale' (total de tiles: 0).
[2026-09-05 20:56:18,276] [WARNING] [src.ui.utils.tilemap_renderer]: Textura para tile_id 61 na célula (5, 4) não encontrada.
[2026-09-05 20:56:18,276] [WARNING] [src.domain.loaders.tileset_manager]: tile_id 61 fora dos limites para tileset 'estrada_vale' (total de tiles: 0).
[2026-09-05 20:56:18,277] [WARNING] [src.ui.utils.tilemap_renderer]: Textura para tile_id 61 na célula (6, 4) não encontrada.
[2026-09-05 20:56:18,277] [WARNING] [src.domain.loaders.tileset_manager]: tile_id 61 fora dos limites para tileset 'estrada_vale' (total de tiles: 0).
[2026-09-05 20:56:18,277] [WARNING] [src.ui.utils.tilemap_renderer]: Textura para tile_id 61 na célula (7, 4) não encontrada.
[2026-09-05 20:56:18,278] [WARNING] [src.domain.loaders.tileset_manager]: tile_id 61 fora dos limites para tileset 'estrada_vale' (total de tiles: 0).
[2026-09-05 20:56:18,278] [WARNING] [src.ui.utils.tilemap_renderer]: Textura para tile_id 61 na célula (8, 4) não encontrada.
[2026-09-05 20:56:18,278] [WARNING] [src.domain.loaders.tileset_manager]: tile_id 61 fora dos limites para tileset 'estrada_vale' (total de tiles: 0).
[2026-09-05 20:56:18,278] [WARNING] [src.ui.utils.tilemap_renderer]: Textura para tile_id 61 na célula (9, 4) não encontrada.
[2026-09-05 20:56:18,278] [WARNING] [src.domain.loaders.tileset_manager]: tile_id 61 fora dos limites para tileset 'estrada_vale' (total de tiles: 0).
[2026-09-05 20:56:18,280] [WARNING] [src.ui.utils.tilemap_renderer]: Textura para tile_id 61 na célula (10, 4) não encontrada.
[2026-09-05 20:56:18,280] [WARNING] [src.domain.loaders.tileset_manager]: tile_id 61 fora dos limites para tileset 'estrada_vale' (total de tiles: 0).
[2026-09-05 20:56:18,280] [WARNING] [src.ui.utils.tilemap_renderer]: Textura para tile_id 61 na célula (11, 4) não encontrada.
[2026-09-05 20:56:18,281] [WARNING] [src.domain.loaders.tileset_manager]: tile_id 61 fora dos limites para tileset 'estrada_vale' (total de tiles: 0).
[2026-09-05 20:56:18,281] [WARNING] [src.ui.utils.tilemap_renderer]: Textura para tile_id 61 na célula (12, 4) não encontrada.
[2026-09-05 20:56:18,281] [WARNING] [src.domain.loaders.tileset_manager]: tile_id 61 fora dos limites para tileset 'estrada_vale' (total de tiles: 0).
[2026-09-05 20:56:18,281] [WARNING] [src.ui.utils.tilemap_renderer]: Textura para tile_id 61 na célula (13, 4) não encontrada.
[2026-09-05 20:56:18,282] [WARNING] [src.domain.loaders.tileset_manager]: tile_id 61 fora dos limites para tileset 'estrada_vale' (total de tiles: 0).
[2026-09-05 20:56:18,282] [WARNING] [src.ui.utils.tilemap_renderer]: Textura para tile_id 61 na célula (14, 4) não encontrada.
[2026-09-05 20:56:18,282] [WARNING] [src.domain.loaders.tileset_manager]: tile_id 61 fora dos limites para tileset 'estrada_vale' (total de tiles: 0).
[2026-09-05 20:56:18,283] [WARNING] [src.ui.utils.tilemap_renderer]: Textura para tile_id 61 na célula (15, 4) não encontrada.
[2026-09-05 20:56:18,283] [WARNING] [src.domain.loaders.tileset_manager]: tile_id 61 fora dos limites para tileset 'estrada_vale' (total de tiles: 0).
[2026-09-05 20:56:18,283] [WARNING] [src.ui.utils.tilemap_renderer]: Textura para tile_id 61 na célula (16, 4) não encontrada.
[2026-09-05 20:56:18,284] [WARNING] [src.domain.loaders.tileset_manager]: tile_id 61 fora dos limites para tileset 'estrada_vale' (total de tiles: 0).
[2026-09-05 20:56:18,284] [WARNING] [src.ui.utils.tilemap_renderer]: Textura para tile_id 61 na célula (17, 4) não encontrada.
[2026-09-05 20:56:18,284] [WARNING] [src.domain.loaders.tileset_manager]: tile_id 61 fora dos limites para tileset 'estrada_vale' (total de tiles: 0).
[2026-09-05 20:56:18,284] [WARNING] [src.ui.utils.tilemap_renderer]: Textura para tile_id 61 na célula (18, 4) não encontrada.
[2026-09-05 20:56:18,284] [WARNING] [src.domain.loaders.tileset_manager]: tile_id 61 fora dos limites para tileset 'estrada_vale' (total de tiles: 0).
[2026-09-05 20:56:18,285] [WARNING] [src.ui.utils.tilemap_renderer]: Textura para tile_id 61 na célula (19, 4) não encontrada.
[2026-09-05 20:56:18,285] [WARNING] [src.domain.loaders.tileset_manager]: tile_id 61 fora dos limites para tileset 'estrada_vale' (total de tiles: 0).
[2026-09-05 20:56:18,285] [WARNING] [src.ui.utils.tilemap_renderer]: Textura para tile_id 61 na célula (20, 4) não encontrada.
[2026-09-05 20:56:18,286] [WARNING] [src.domain.loaders.tileset_manager]: tile_id 58 fora dos limites para tileset 'estrada_vale' (total de tiles: 0).
[2026-09-05 20:56:18,286] [WARNING] [src.ui.utils.tilemap_renderer]: Textura para tile_id 58 na célula (0, 5) não encontrada.
[2026-09-05 20:56:18,286] [WARNING] [src.domain.loaders.tileset_manager]: tile_id 59 fora dos limites para tileset 'estrada_vale' (total de tiles: 0).
[2026-09-05 20:56:18,287] [WARNING] [src.ui.utils.tilemap_renderer]: Textura para tile_id 59 na célula (1, 5) não encontrada.
[2026-09-05 20:56:18,287] [WARNING] [src.domain.loaders.tileset_manager]: tile_id 67 fora dos limites para tileset 'estrada_vale' (total de tiles: 0).
[2026-09-05 20:56:18,287] [WARNING] [src.ui.utils.tilemap_renderer]: Textura para tile_id 67 na célula (2, 5) não encontrada.
[2026-09-05 20:56:18,287] [WARNING] [src.domain.loaders.tileset_manager]: tile_id 23 fora dos limites para tileset 'estrada_vale' (total de tiles: 0).
[2026-09-05 20:56:18,288] [WARNING] [src.ui.utils.tilemap_renderer]: Textura para tile_id 23 na célula (3, 5) não encontrada.
[2026-09-05 20:56:18,288] [WARNING] [src.domain.loaders.tileset_manager]: tile_id 69 fora dos limites para tileset 'estrada_vale' (total de tiles: 0).
[2026-09-05 20:56:18,288] [WARNING] [src.ui.utils.tilemap_renderer]: Textura para tile_id 69 na célula (4, 5) não encontrada.
[2026-09-05 20:56:18,289] [WARNING] [src.domain.loaders.tileset_manager]: tile_id 27 fora dos limites para tileset 'estrada_vale' (total de tiles: 0).
[2026-09-05 20:56:18,289] [WARNING] [src.ui.utils.tilemap_renderer]: Textura para tile_id 27 na célula (5, 5) não encontrada.
[2026-09-05 20:56:18,289] [WARNING] [src.domain.loaders.tileset_manager]: tile_id 68 fora dos limites para tileset 'estrada_vale' (total de tiles: 0).
[2026-09-05 20:56:18,289] [WARNING] [src.ui.utils.tilemap_renderer]: Textura para tile_id 68 na célula (6, 5) não encontrada.
[2026-09-05 20:56:18,290] [WARNING] [src.domain.loaders.tileset_manager]: tile_id 23 fora dos limites para tileset 'estrada_vale' (total de tiles: 0).
[2026-09-05 20:56:18,291] [WARNING] [src.ui.utils.tilemap_renderer]: Textura para tile_id 23 na célula (7, 5) não encontrada.
[2026-09-05 20:56:18,291] [WARNING] [src.domain.loaders.tileset_manager]: tile_id 23 fora dos limites para tileset 'estrada_vale' (total de tiles: 0).
[2026-09-05 20:56:18,291] [WARNING] [src.ui.utils.tilemap_renderer]: Textura para tile_id 23 na célula (8, 5) não encontrada.
[2026-09-05 20:56:18,292] [WARNING] [src.domain.loaders.tileset_manager]: tile_id 23 fora dos limites para tileset 'estrada_vale' (total de tiles: 0).
[2026-09-05 20:56:18,292] [WARNING] [src.ui.utils.tilemap_renderer]: Textura para tile_id 23 na célula (9, 5) não encontrada.
[2026-09-05 20:56:18,292] [WARNING] [src.domain.loaders.tileset_manager]: tile_id 23 fora dos limites para tileset 'estrada_vale' (total de tiles: 0).
[2026-09-05 20:56:18,293] [WARNING] [src.ui.utils.tilemap_renderer]: Textura para tile_id 23 na célula (10, 5) não encontrada.
[2026-09-05 20:56:18,293] [WARNING] [src.domain.loaders.tileset_manager]: tile_id 23 fora dos limites para tileset 'estrada_vale' (total de tiles: 0).
[2026-09-05 20:56:18,293] [WARNING] [src.ui.utils.tilemap_renderer]: Textura para tile_id 23 na célula (11, 5) não encontrada.
[2026-09-05 20:56:18,294] [WARNING] [src.domain.loaders.tileset_manager]: tile_id 23 fora dos limites para tileset 'estrada_vale' (total de tiles: 0).
[2026-09-05 20:56:18,294] [WARNING] [src.ui.utils.tilemap_renderer]: Textura para tile_id 23 na célula (12, 5) não encontrada.
[2026-09-05 20:56:18,294] [WARNING] [src.domain.loaders.tileset_manager]: tile_id 23 fora dos limites para tileset 'estrada_vale' (total de tiles: 0).
[2026-09-05 20:56:18,294] [WARNING] [src.ui.utils.tilemap_renderer]: Textura para tile_id 23 na célula (13, 5) não encontrada.
[2026-09-05 20:56:18,294] [WARNING] [src.domain.loaders.tileset_manager]: tile_id 23 fora dos limites para tileset 'estrada_vale' (total de tiles: 0).
[2026-09-05 20:56:18,294] [WARNING] [src.ui.utils.tilemap_renderer]: Textura para tile_id 23 na célula (14, 5) não encontrada.
[2026-09-05 20:56:18,294] [WARNING] [src.domain.loaders.tileset_manager]: tile_id 23 fora dos limites para tileset 'estrada_vale' (total de tiles: 0).
[2026-09-05 20:56:18,296] [WARNING] [src.ui.utils.tilemap_renderer]: Textura para tile_id 23 na célula (15, 5) não encontrada.
[2026-09-05 20:56:18,296] [WARNING] [src.domain.loaders.tileset_manager]: tile_id 23 fora dos limites para tileset 'estrada_vale' (total de tiles: 0).
[2026-09-05 20:56:18,296] [WARNING] [src.ui.utils.tilemap_renderer]: Textura para tile_id 23 na célula (16, 5) não encontrada.
[2026-09-05 20:56:18,297] [WARNING] [src.domain.loaders.tileset_manager]: tile_id 23 fora dos limites para tileset 'estrada_vale' (total de tiles: 0).
[2026-09-05 20:56:18,297] [WARNING] [src.ui.utils.tilemap_renderer]: Textura para tile_id 23 na célula (17, 5) não encontrada.
[2026-09-05 20:56:18,297] [WARNING] [src.domain.loaders.tileset_manager]: tile_id 23 fora dos limites para tileset 'estrada_vale' (total de tiles: 0).
[2026-09-05 20:56:18,298] [WARNING] [src.ui.utils.tilemap_renderer]: Textura para tile_id 23 na célula (18, 5) não encontrada.
[2026-09-05 20:56:18,298] [WARNING] [src.domain.loaders.tileset_manager]: tile_id 23 fora dos limites para tileset 'estrada_vale' (total de tiles: 0).
[2026-09-05 20:56:18,298] [WARNING] [src.ui.utils.tilemap_renderer]: Textura para tile_id 23 na célula (19, 5) não encontrada.
[2026-09-05 20:56:18,298] [WARNING] [src.domain.loaders.tileset_manager]: tile_id 23 fora dos limites para tileset 'estrada_vale' (total de tiles: 0).
[2026-09-05 20:56:18,299] [WARNING] [src.ui.utils.tilemap_renderer]: Textura para tile_id 23 na célula (20, 5) não encontrada.
[2026-09-05 20:56:18,299] [WARNING] [src.domain.loaders.tileset_manager]: tile_id 61 fora dos limites para tileset 'estrada_vale' (total de tiles: 0).
[2026-09-05 20:56:18,299] [WARNING] [src.ui.utils.tilemap_renderer]: Textura para tile_id 61 na célula (0, 6) não encontrada.
[2026-09-05 20:56:18,300] [WARNING] [src.domain.loaders.tileset_manager]: tile_id 67 fora dos limites para tileset 'estrada_vale' (total de tiles: 0).
[2026-09-05 20:56:18,300] [WARNING] [src.ui.utils.tilemap_renderer]: Textura para tile_id 67 na célula (1, 6) não encontrada.
[2026-09-05 20:56:18,300] [WARNING] [src.domain.loaders.tileset_manager]: tile_id 23 fora dos limites para tileset 'estrada_vale' (total de tiles: 0).
[2026-09-05 20:56:18,301] [WARNING] [src.ui.utils.tilemap_renderer]: Textura para tile_id 23 na célula (2, 6) não encontrada.
[2026-09-05 20:56:18,301] [WARNING] [src.domain.loaders.tileset_manager]: tile_id 32 fora dos limites para tileset 'estrada_vale' (total de tiles: 0).
[2026-09-05 20:56:18,301] [WARNING] [src.ui.utils.tilemap_renderer]: Textura para tile_id 32 na célula (3, 6) não encontrada.
[2026-09-05 20:56:18,302] [WARNING] [src.domain.loaders.tileset_manager]: tile_id 33 fora dos limites para tileset 'estrada_vale' (total de tiles: 0).
[2026-09-05 20:56:18,302] [WARNING] [src.ui.utils.tilemap_renderer]: Textura para tile_id 33 na célula (4, 6) não encontrada.
[2026-09-05 20:56:18,302] [WARNING] [src.domain.loaders.tileset_manager]: tile_id 31 fora dos limites para tileset 'estrada_vale' (total de tiles: 0).
[2026-09-05 20:56:18,302] [WARNING] [src.ui.utils.tilemap_renderer]: Textura para tile_id 31 na célula (5, 6) não encontrada.
[2026-09-05 20:56:18,303] [WARNING] [src.domain.loaders.tileset_manager]: tile_id 28 fora dos limites para tileset 'estrada_vale' (total de tiles: 0).
[2026-09-05 20:56:18,303] [WARNING] [src.ui.utils.tilemap_renderer]: Textura para tile_id 28 na célula (6, 6) não encontrada.
[2026-09-05 20:56:18,303] [WARNING] [src.domain.loaders.tileset_manager]: tile_id 32 fora dos limites para tileset 'estrada_vale' (total de tiles: 0).
[2026-09-05 20:56:18,304] [WARNING] [src.ui.utils.tilemap_renderer]: Textura para tile_id 32 na célula (7, 6) não encontrada.
[2026-09-05 20:56:18,304] [WARNING] [src.domain.loaders.tileset_manager]: tile_id 32 fora dos limites para tileset 'estrada_vale' (total de tiles: 0).
[2026-09-05 20:56:18,304] [WARNING] [src.ui.utils.tilemap_renderer]: Textura para tile_id 32 na célula (8, 6) não encontrada.
[2026-09-05 20:56:18,304] [WARNING] [src.domain.loaders.tileset_manager]: tile_id 32 fora dos limites para tileset 'estrada_vale' (total de tiles: 0).
[2026-09-05 20:56:18,305] [WARNING] [src.ui.utils.tilemap_renderer]: Textura para tile_id 32 na célula (9, 6) não encontrada.
[2026-09-05 20:56:18,305] [WARNING] [src.domain.loaders.tileset_manager]: tile_id 19 fora dos limites para tileset 'estrada_vale' (total de tiles: 0).
[2026-09-05 20:56:18,305] [WARNING] [src.ui.utils.tilemap_renderer]: Textura para tile_id 19 na célula (10, 6) não encontrada.
[2026-09-05 20:56:18,305] [WARNING] [src.domain.loaders.tileset_manager]: tile_id 35 fora dos limites para tileset 'estrada_vale' (total de tiles: 0).
[2026-09-05 20:56:18,306] [WARNING] [src.ui.utils.tilemap_renderer]: Textura para tile_id 35 na célula (11, 6) não encontrada.
[2026-09-05 20:56:18,307] [WARNING] [src.domain.loaders.tileset_manager]: tile_id 32 fora dos limites para tileset 'estrada_vale' (total de tiles: 0).
[2026-09-05 20:56:18,307] [WARNING] [src.ui.utils.tilemap_renderer]: Textura para tile_id 32 na célula (12, 6) não encontrada.
[2026-09-05 20:56:18,307] [WARNING] [src.domain.loaders.tileset_manager]: tile_id 32 fora dos limites para tileset 'estrada_vale' (total de tiles: 0).
[2026-09-05 20:56:18,307] [WARNING] [src.ui.utils.tilemap_renderer]: Textura para tile_id 32 na célula (13, 6) não encontrada.
[2026-09-05 20:56:18,308] [WARNING] [src.domain.loaders.tileset_manager]: tile_id 32 fora dos limites para tileset 'estrada_vale' (total de tiles: 0).
[2026-09-05 20:56:18,308] [WARNING] [src.ui.utils.tilemap_renderer]: Textura para tile_id 32 na célula (14, 6) não encontrada.
[2026-09-05 20:56:18,308] [WARNING] [src.domain.loaders.tileset_manager]: tile_id 32 fora dos limites para tileset 'estrada_vale' (total de tiles: 0).
[2026-09-05 20:56:18,309] [WARNING] [src.ui.utils.tilemap_renderer]: Textura para tile_id 32 na célula (15, 6) não encontrada.
[2026-09-05 20:56:18,309] [WARNING] [src.domain.loaders.tileset_manager]: tile_id 32 fora dos limites para tileset 'estrada_vale' (total de tiles: 0).
[2026-09-05 20:56:18,309] [WARNING] [src.ui.utils.tilemap_renderer]: Textura para tile_id 32 na célula (16, 6) não encontrada.
[2026-09-05 20:56:18,310] [WARNING] [src.domain.loaders.tileset_manager]: tile_id 32 fora dos limites para tileset 'estrada_vale' (total de tiles: 0).
[2026-09-05 20:56:18,310] [WARNING] [src.ui.utils.tilemap_renderer]: Textura para tile_id 32 na célula (17, 6) não encontrada.
[2026-09-05 20:56:18,310] [WARNING] [src.domain.loaders.tileset_manager]: tile_id 32 fora dos limites para tileset 'estrada_vale' (total de tiles: 0).
[2026-09-05 20:56:18,311] [WARNING] [src.ui.utils.tilemap_renderer]: Textura para tile_id 32 na célula (18, 6) não encontrada.
[2026-09-05 20:56:18,311] [WARNING] [src.domain.loaders.tileset_manager]: tile_id 32 fora dos limites para tileset 'estrada_vale' (total de tiles: 0).
[2026-09-05 20:56:18,311] [WARNING] [src.ui.utils.tilemap_renderer]: Textura para tile_id 32 na célula (19, 6) não encontrada.
[2026-09-05 20:56:18,312] [WARNING] [src.domain.loaders.tileset_manager]: tile_id 32 fora dos limites para tileset 'estrada_vale' (total de tiles: 0).
[2026-09-05 20:56:18,312] [WARNING] [src.ui.utils.tilemap_renderer]: Textura para tile_id 32 na célula (20, 6) não encontrada.
[2026-09-05 20:56:18,312] [WARNING] [src.domain.loaders.tileset_manager]: tile_id 23 fora dos limites para tileset 'estrada_vale' (total de tiles: 0).
[2026-09-05 20:56:18,312] [WARNING] [src.ui.utils.tilemap_renderer]: Textura para tile_id 23 na célula (0, 7) não encontrada.
[2026-09-05 20:56:18,312] [WARNING] [src.domain.loaders.tileset_manager]: tile_id 23 fora dos limites para tileset 'estrada_vale' (total de tiles: 0).
[2026-09-05 20:56:18,312] [WARNING] [src.ui.utils.tilemap_renderer]: Textura para tile_id 23 na célula (1, 7) não encontrada.
[2026-09-05 20:56:18,312] [WARNING] [src.domain.loaders.tileset_manager]: tile_id 32 fora dos limites para tileset 'estrada_vale' (total de tiles: 0).
[2026-09-05 20:56:18,314] [WARNING] [src.ui.utils.tilemap_renderer]: Textura para tile_id 32 na célula (2, 7) não encontrada.
[2026-09-05 20:56:18,314] [WARNING] [src.domain.loaders.tileset_manager]: tile_id 32 fora dos limites para tileset 'estrada_vale' (total de tiles: 0).
[2026-09-05 20:56:18,314] [WARNING] [src.ui.utils.tilemap_renderer]: Textura para tile_id 32 na célula (3, 7) não encontrada.
[2026-09-05 20:56:18,315] [WARNING] [src.domain.loaders.tileset_manager]: tile_id 32 fora dos limites para tileset 'estrada_vale' (total de tiles: 0).
[2026-09-05 20:56:18,315] [WARNING] [src.ui.utils.tilemap_renderer]: Textura para tile_id 32 na célula (4, 7) não encontrada.
[2026-09-05 20:56:18,315] [WARNING] [src.domain.loaders.tileset_manager]: tile_id 32 fora dos limites para tileset 'estrada_vale' (total de tiles: 0).
[2026-09-05 20:56:18,316] [WARNING] [src.ui.utils.tilemap_renderer]: Textura para tile_id 32 na célula (5, 7) não encontrada.
[2026-09-05 20:56:18,316] [WARNING] [src.domain.loaders.tileset_manager]: tile_id 32 fora dos limites para tileset 'estrada_vale' (total de tiles: 0).
[2026-09-05 20:56:18,316] [WARNING] [src.ui.utils.tilemap_renderer]: Textura para tile_id 32 na célula (6, 7) não encontrada.
[2026-09-05 20:56:18,317] [WARNING] [src.domain.loaders.tileset_manager]: tile_id 32 fora dos limites para tileset 'estrada_vale' (total de tiles: 0).
[2026-09-05 20:56:18,317] [WARNING] [src.ui.utils.tilemap_renderer]: Textura para tile_id 32 na célula (7, 7) não encontrada.
[2026-09-05 20:56:18,317] [WARNING] [src.domain.loaders.tileset_manager]: tile_id 32 fora dos limites para tileset 'estrada_vale' (total de tiles: 0).
[2026-09-05 20:56:18,318] [WARNING] [src.ui.utils.tilemap_renderer]: Textura para tile_id 32 na célula (8, 7) não encontrada.
[2026-09-05 20:56:18,318] [WARNING] [src.domain.loaders.tileset_manager]: tile_id 32 fora dos limites para tileset 'estrada_vale' (total de tiles: 0).
[2026-09-05 20:56:18,318] [WARNING] [src.ui.utils.tilemap_renderer]: Textura para tile_id 32 na célula (9, 7) não encontrada.
[2026-09-05 20:56:18,319] [WARNING] [src.domain.loaders.tileset_manager]: tile_id 33 fora dos limites para tileset 'estrada_vale' (total de tiles: 0).
[2026-09-05 20:56:18,319] [WARNING] [src.ui.utils.tilemap_renderer]: Textura para tile_id 33 na célula (10, 7) não encontrada.
[2026-09-05 20:56:18,319] [WARNING] [src.domain.loaders.tileset_manager]: tile_id 28 fora dos limites para tileset 'estrada_vale' (total de tiles: 0).
[2026-09-05 20:56:18,319] [WARNING] [src.ui.utils.tilemap_renderer]: Textura para tile_id 28 na célula (11, 7) não encontrada.
[2026-09-05 20:56:18,320] [WARNING] [src.domain.loaders.tileset_manager]: tile_id 32 fora dos limites para tileset 'estrada_vale' (total de tiles: 0).
[2026-09-05 20:56:18,320] [WARNING] [src.ui.utils.tilemap_renderer]: Textura para tile_id 32 na célula (12, 7) não encontrada.
[2026-09-05 20:56:18,320] [WARNING] [src.domain.loaders.tileset_manager]: tile_id 32 fora dos limites para tileset 'estrada_vale' (total de tiles: 0).
[2026-09-05 20:56:18,321] [WARNING] [src.ui.utils.tilemap_renderer]: Textura para tile_id 32 na célula (13, 7) não encontrada.
[2026-09-05 20:56:18,321] [WARNING] [src.domain.loaders.tileset_manager]: tile_id 32 fora dos limites para tileset 'estrada_vale' (total de tiles: 0).
[2026-09-05 20:56:18,321] [WARNING] [src.ui.utils.tilemap_renderer]: Textura para tile_id 32 na célula (14, 7) não encontrada.
[2026-09-05 20:56:18,321] [WARNING] [src.domain.loaders.tileset_manager]: tile_id 32 fora dos limites para tileset 'estrada_vale' (total de tiles: 0).
[2026-09-05 20:56:18,321] [WARNING] [src.ui.utils.tilemap_renderer]: Textura para tile_id 32 na célula (15, 7) não encontrada.
[2026-09-05 20:56:18,322] [WARNING] [src.domain.loaders.tileset_manager]: tile_id 32 fora dos limites para tileset 'estrada_vale' (total de tiles: 0).
[2026-09-05 20:56:18,322] [WARNING] [src.ui.utils.tilemap_renderer]: Textura para tile_id 32 na célula (16, 7) não encontrada.
[2026-09-05 20:56:18,322] [WARNING] [src.domain.loaders.tileset_manager]: tile_id 32 fora dos limites para tileset 'estrada_vale' (total de tiles: 0).
[2026-09-05 20:56:18,322] [WARNING] [src.ui.utils.tilemap_renderer]: Textura para tile_id 32 na célula (17, 7) não encontrada.
[2026-09-05 20:56:18,322] [WARNING] [src.domain.loaders.tileset_manager]: tile_id 32 fora dos limites para tileset 'estrada_vale' (total de tiles: 0).
[2026-09-05 20:56:18,324] [WARNING] [src.ui.utils.tilemap_renderer]: Textura para tile_id 32 na célula (18, 7) não encontrada.
[2026-09-05 20:56:18,324] [WARNING] [src.domain.loaders.tileset_manager]: tile_id 32 fora dos limites para tileset 'estrada_vale' (total de tiles: 0).
[2026-09-05 20:56:18,324] [WARNING] [src.ui.utils.tilemap_renderer]: Textura para tile_id 32 na célula (19, 7) não encontrada.
[2026-09-05 20:56:18,325] [WARNING] [src.domain.loaders.tileset_manager]: tile_id 32 fora dos limites para tileset 'estrada_vale' (total de tiles: 0).
[2026-09-05 20:56:18,325] [WARNING] [src.ui.utils.tilemap_renderer]: Textura para tile_id 32 na célula (20, 7) não encontrada.
[2026-09-05 20:56:18,325] [WARNING] [src.domain.loaders.tileset_manager]: tile_id 32 fora dos limites para tileset 'estrada_vale' (total de tiles: 0).
[2026-09-05 20:56:18,326] [WARNING] [src.ui.utils.tilemap_renderer]: Textura para tile_id 32 na célula (0, 8) não encontrada.
[2026-09-05 20:56:18,326] [WARNING] [src.domain.loaders.tileset_manager]: tile_id 32 fora dos limites para tileset 'estrada_vale' (total de tiles: 0).
[2026-09-05 20:56:18,326] [WARNING] [src.ui.utils.tilemap_renderer]: Textura para tile_id 32 na célula (1, 8) não encontrada.
[2026-09-05 20:56:18,327] [WARNING] [src.domain.loaders.tileset_manager]: tile_id 19 fora dos limites para tileset 'estrada_vale' (total de tiles: 0).
[2026-09-05 20:56:18,327] [WARNING] [src.ui.utils.tilemap_renderer]: Textura para tile_id 19 na célula (2, 8) não encontrada.
[2026-09-05 20:56:18,327] [WARNING] [src.domain.loaders.tileset_manager]: tile_id 20 fora dos limites para tileset 'estrada_vale' (total de tiles: 0).
[2026-09-05 20:56:18,328] [WARNING] [src.ui.utils.tilemap_renderer]: Textura para tile_id 20 na célula (3, 8) não encontrada.
[2026-09-05 20:56:18,328] [WARNING] [src.domain.loaders.tileset_manager]: tile_id 20 fora dos limites para tileset 'estrada_vale' (total de tiles: 0).
[2026-09-05 20:56:18,328] [WARNING] [src.ui.utils.tilemap_renderer]: Textura para tile_id 20 na célula (4, 8) não encontrada.
[2026-09-05 20:56:18,328] [WARNING] [src.domain.loaders.tileset_manager]: tile_id 20 fora dos limites para tileset 'estrada_vale' (total de tiles: 0).
[2026-09-05 20:56:18,328] [WARNING] [src.ui.utils.tilemap_renderer]: Textura para tile_id 20 na célula (5, 8) não encontrada.
[2026-09-05 20:56:18,329] [WARNING] [src.domain.loaders.tileset_manager]: tile_id 20 fora dos limites para tileset 'estrada_vale' (total de tiles: 0).
[2026-09-05 20:56:18,329] [WARNING] [src.ui.utils.tilemap_renderer]: Textura para tile_id 20 na célula (6, 8) não encontrada.
[2026-09-05 20:56:18,329] [WARNING] [src.domain.loaders.tileset_manager]: tile_id 20 fora dos limites para tileset 'estrada_vale' (total de tiles: 0).
[2026-09-05 20:56:18,329] [WARNING] [src.ui.utils.tilemap_renderer]: Textura para tile_id 20 na célula (7, 8) não encontrada.
[2026-09-05 20:56:18,330] [WARNING] [src.domain.loaders.tileset_manager]: tile_id 20 fora dos limites para tileset 'estrada_vale' (total de tiles: 0).
[2026-09-05 20:56:18,330] [WARNING] [src.ui.utils.tilemap_renderer]: Textura para tile_id 20 na célula (8, 8) não encontrada.
[2026-09-05 20:56:18,330] [WARNING] [src.domain.loaders.tileset_manager]: tile_id 20 fora dos limites para tileset 'estrada_vale' (total de tiles: 0).
[2026-09-05 20:56:18,331] [WARNING] [src.ui.utils.tilemap_renderer]: Textura para tile_id 20 na célula (9, 8) não encontrada.
[2026-09-05 20:56:18,331] [WARNING] [src.domain.loaders.tileset_manager]: tile_id 20 fora dos limites para tileset 'estrada_vale' (total de tiles: 0).
[2026-09-05 20:56:18,331] [WARNING] [src.ui.utils.tilemap_renderer]: Textura para tile_id 20 na célula (10, 8) não encontrada.
[2026-09-05 20:56:18,332] [WARNING] [src.domain.loaders.tileset_manager]: tile_id 20 fora dos limites para tileset 'estrada_vale' (total de tiles: 0).
[2026-09-05 20:56:18,332] [WARNING] [src.ui.utils.tilemap_renderer]: Textura para tile_id 20 na célula (11, 8) não encontrada.
[2026-09-05 20:56:18,332] [WARNING] [src.domain.loaders.tileset_manager]: tile_id 35 fora dos limites para tileset 'estrada_vale' (total de tiles: 0).
[2026-09-05 20:56:18,332] [WARNING] [src.ui.utils.tilemap_renderer]: Textura para tile_id 35 na célula (12, 8) não encontrada.
[2026-09-05 20:56:18,332] [WARNING] [src.domain.loaders.tileset_manager]: tile_id 32 fora dos limites para tileset 'estrada_vale' (total de tiles: 0).
[2026-09-05 20:56:18,334] [WARNING] [src.ui.utils.tilemap_renderer]: Textura para tile_id 32 na célula (13, 8) não encontrada.
[2026-09-05 20:56:18,334] [WARNING] [src.domain.loaders.tileset_manager]: tile_id 32 fora dos limites para tileset 'estrada_vale' (total de tiles: 0).
[2026-09-05 20:56:18,334] [WARNING] [src.ui.utils.tilemap_renderer]: Textura para tile_id 32 na célula (14, 8) não encontrada.
[2026-09-05 20:56:18,335] [WARNING] [src.domain.loaders.tileset_manager]: tile_id 32 fora dos limites para tileset 'estrada_vale' (total de tiles: 0).
[2026-09-05 20:56:18,335] [WARNING] [src.ui.utils.tilemap_renderer]: Textura para tile_id 32 na célula (15, 8) não encontrada.
[2026-09-05 20:56:18,335] [WARNING] [src.domain.loaders.tileset_manager]: tile_id 32 fora dos limites para tileset 'estrada_vale' (total de tiles: 0).
[2026-09-05 20:56:18,335] [WARNING] [src.ui.utils.tilemap_renderer]: Textura para tile_id 32 na célula (16, 8) não encontrada.
[2026-09-05 20:56:18,336] [WARNING] [src.domain.loaders.tileset_manager]: tile_id 32 fora dos limites para tileset 'estrada_vale' (total de tiles: 0).
[2026-09-05 20:56:18,336] [WARNING] [src.ui.utils.tilemap_renderer]: Textura para tile_id 32 na célula (17, 8) não encontrada.
[2026-09-05 20:56:18,336] [WARNING] [src.domain.loaders.tileset_manager]: tile_id 32 fora dos limites para tileset 'estrada_vale' (total de tiles: 0).
[2026-09-05 20:56:18,337] [WARNING] [src.ui.utils.tilemap_renderer]: Textura para tile_id 32 na célula (18, 8) não encontrada.
[2026-09-05 20:56:18,337] [WARNING] [src.domain.loaders.tileset_manager]: tile_id 32 fora dos limites para tileset 'estrada_vale' (total de tiles: 0).
[2026-09-05 20:56:18,337] [WARNING] [src.ui.utils.tilemap_renderer]: Textura para tile_id 32 na célula (19, 8) não encontrada.
[2026-09-05 20:56:18,337] [WARNING] [src.domain.loaders.tileset_manager]: tile_id 32 fora dos limites para tileset 'estrada_vale' (total de tiles: 0).
[2026-09-05 20:56:18,337] [WARNING] [src.ui.utils.tilemap_renderer]: Textura para tile_id 32 na célula (20, 8) não encontrada.
[2026-09-05 20:56:18,338] [WARNING] [src.domain.loaders.tileset_manager]: tile_id 32 fora dos limites para tileset 'estrada_vale' (total de tiles: 0).
[2026-09-05 20:56:18,338] [WARNING] [src.ui.utils.tilemap_renderer]: Textura para tile_id 32 na célula (0, 9) não encontrada.
[2026-09-05 20:56:18,338] [WARNING] [src.domain.loaders.tileset_manager]: tile_id 19 fora dos limites para tileset 'estrada_vale' (total de tiles: 0).
[2026-09-05 20:56:18,339] [WARNING] [src.ui.utils.tilemap_renderer]: Textura para tile_id 19 na célula (1, 9) não encontrada.
[2026-09-05 20:56:18,339] [WARNING] [src.domain.loaders.tileset_manager]: tile_id 21 fora dos limites para tileset 'estrada_vale' (total de tiles: 0).
[2026-09-05 20:56:18,339] [WARNING] [src.ui.utils.tilemap_renderer]: Textura para tile_id 21 na célula (2, 9) não encontrada.
[2026-09-05 20:56:18,340] [WARNING] [src.domain.loaders.tileset_manager]: tile_id 13 fora dos limites para tileset 'estrada_vale' (total de tiles: 0).
[2026-09-05 20:56:18,340] [WARNING] [src.ui.utils.tilemap_renderer]: Textura para tile_id 13 na célula (3, 9) não encontrada.
[2026-09-05 20:56:18,340] [WARNING] [src.domain.loaders.tileset_manager]: tile_id 13 fora dos limites para tileset 'estrada_vale' (total de tiles: 0).
[2026-09-05 20:56:18,340] [WARNING] [src.ui.utils.tilemap_renderer]: Textura para tile_id 13 na célula (4, 9) não encontrada.
[2026-09-05 20:56:18,341] [WARNING] [src.domain.loaders.tileset_manager]: tile_id 13 fora dos limites para tileset 'estrada_vale' (total de tiles: 0).
[2026-09-05 20:56:18,341] [WARNING] [src.ui.utils.tilemap_renderer]: Textura para tile_id 13 na célula (5, 9) não encontrada.
[2026-09-05 20:56:18,341] [WARNING] [src.domain.loaders.tileset_manager]: tile_id 13 fora dos limites para tileset 'estrada_vale' (total de tiles: 0).
[2026-09-05 20:56:18,342] [WARNING] [src.ui.utils.tilemap_renderer]: Textura para tile_id 13 na célula (6, 9) não encontrada.
[2026-09-05 20:56:18,342] [WARNING] [src.domain.loaders.tileset_manager]: tile_id 13 fora dos limites para tileset 'estrada_vale' (total de tiles: 0).
[2026-09-05 20:56:18,342] [WARNING] [src.ui.utils.tilemap_renderer]: Textura para tile_id 13 na célula (7, 9) não encontrada.
[2026-09-05 20:56:18,342] [WARNING] [src.domain.loaders.tileset_manager]: tile_id 13 fora dos limites para tileset 'estrada_vale' (total de tiles: 0).
[2026-09-05 20:56:18,342] [WARNING] [src.ui.utils.tilemap_renderer]: Textura para tile_id 13 na célula (8, 9) não encontrada.
[2026-09-05 20:56:18,344] [WARNING] [src.domain.loaders.tileset_manager]: tile_id 13 fora dos limites para tileset 'estrada_vale' (total de tiles: 0).
[2026-09-05 20:56:18,344] [WARNING] [src.ui.utils.tilemap_renderer]: Textura para tile_id 13 na célula (9, 9) não encontrada.
[2026-09-05 20:56:18,344] [WARNING] [src.domain.loaders.tileset_manager]: tile_id 13 fora dos limites para tileset 'estrada_vale' (total de tiles: 0).
[2026-09-05 20:56:18,345] [WARNING] [src.ui.utils.tilemap_renderer]: Textura para tile_id 13 na célula (10, 9) não encontrada.
[2026-09-05 20:56:18,345] [WARNING] [src.domain.loaders.tileset_manager]: tile_id 13 fora dos limites para tileset 'estrada_vale' (total de tiles: 0).
[2026-09-05 20:56:18,345] [WARNING] [src.ui.utils.tilemap_renderer]: Textura para tile_id 13 na célula (11, 9) não encontrada.
[2026-09-05 20:56:18,346] [WARNING] [src.domain.loaders.tileset_manager]: tile_id 26 fora dos limites para tileset 'estrada_vale' (total de tiles: 0).
[2026-09-05 20:56:18,346] [WARNING] [src.ui.utils.tilemap_renderer]: Textura para tile_id 26 na célula (12, 9) não encontrada.
[2026-09-05 20:56:18,346] [WARNING] [src.domain.loaders.tileset_manager]: tile_id 20 fora dos limites para tileset 'estrada_vale' (total de tiles: 0).
[2026-09-05 20:56:18,346] [WARNING] [src.ui.utils.tilemap_renderer]: Textura para tile_id 20 na célula (13, 9) não encontrada.
[2026-09-05 20:56:18,347] [WARNING] [src.domain.loaders.tileset_manager]: tile_id 20 fora dos limites para tileset 'estrada_vale' (total de tiles: 0).
[2026-09-05 20:56:18,347] [WARNING] [src.ui.utils.tilemap_renderer]: Textura para tile_id 20 na célula (14, 9) não encontrada.
[2026-09-05 20:56:18,347] [WARNING] [src.domain.loaders.tileset_manager]: tile_id 20 fora dos limites para tileset 'estrada_vale' (total de tiles: 0).
[2026-09-05 20:56:18,348] [WARNING] [src.ui.utils.tilemap_renderer]: Textura para tile_id 20 na célula (15, 9) não encontrada.
[2026-09-05 20:56:18,348] [WARNING] [src.domain.loaders.tileset_manager]: tile_id 20 fora dos limites para tileset 'estrada_vale' (total de tiles: 0).
[2026-09-05 20:56:18,348] [WARNING] [src.ui.utils.tilemap_renderer]: Textura para tile_id 20 na célula (16, 9) não encontrada.
[2026-09-05 20:56:18,349] [WARNING] [src.domain.loaders.tileset_manager]: tile_id 20 fora dos limites para tileset 'estrada_vale' (total de tiles: 0).
[2026-09-05 20:56:18,349] [WARNING] [src.ui.utils.tilemap_renderer]: Textura para tile_id 20 na célula (17, 9) não encontrada.
[2026-09-05 20:56:18,349] [WARNING] [src.domain.loaders.tileset_manager]: tile_id 35 fora dos limites para tileset 'estrada_vale' (total de tiles: 0).
[2026-09-05 20:56:18,349] [WARNING] [src.ui.utils.tilemap_renderer]: Textura para tile_id 35 na célula (18, 9) não encontrada.
[2026-09-05 20:56:18,350] [WARNING] [src.domain.loaders.tileset_manager]: tile_id 32 fora dos limites para tileset 'estrada_vale' (total de tiles: 0).
[2026-09-05 20:56:18,350] [WARNING] [src.ui.utils.tilemap_renderer]: Textura para tile_id 32 na célula (19, 9) não encontrada.
[2026-09-05 20:56:18,350] [WARNING] [src.domain.loaders.tileset_manager]: tile_id 32 fora dos limites para tileset 'estrada_vale' (total de tiles: 0).
[2026-09-05 20:56:18,350] [WARNING] [src.ui.utils.tilemap_renderer]: Textura para tile_id 32 na célula (20, 9) não encontrada.
[2026-09-05 20:56:18,351] [WARNING] [src.domain.loaders.tileset_manager]: tile_id 20 fora dos limites para tileset 'estrada_vale' (total de tiles: 0).
[2026-09-05 20:56:18,351] [WARNING] [src.ui.utils.tilemap_renderer]: Textura para tile_id 20 na célula (0, 10) não encontrada.
[2026-09-05 20:56:18,351] [WARNING] [src.domain.loaders.tileset_manager]: tile_id 21 fora dos limites para tileset 'estrada_vale' (total de tiles: 0).
[2026-09-05 20:56:18,352] [WARNING] [src.ui.utils.tilemap_renderer]: Textura para tile_id 21 na célula (1, 10) não encontrada.
[2026-09-05 20:56:18,352] [WARNING] [src.domain.loaders.tileset_manager]: tile_id 13 fora dos limites para tileset 'estrada_vale' (total de tiles: 0).
[2026-09-05 20:56:18,352] [WARNING] [src.ui.utils.tilemap_renderer]: Textura para tile_id 13 na célula (2, 10) não encontrada.
[2026-09-05 20:56:18,352] [WARNING] [src.domain.loaders.tileset_manager]: tile_id 13 fora dos limites para tileset 'estrada_vale' (total de tiles: 0).
[2026-09-05 20:56:18,352] [WARNING] [src.ui.utils.tilemap_renderer]: Textura para tile_id 13 na célula (3, 10) não encontrada.
[2026-09-05 20:56:18,354] [WARNING] [src.domain.loaders.tileset_manager]: tile_id 13 fora dos limites para tileset 'estrada_vale' (total de tiles: 0).
[2026-09-05 20:56:18,354] [WARNING] [src.ui.utils.tilemap_renderer]: Textura para tile_id 13 na célula (4, 10) não encontrada.
[2026-09-05 20:56:18,354] [WARNING] [src.domain.loaders.tileset_manager]: tile_id 13 fora dos limites para tileset 'estrada_vale' (total de tiles: 0).
[2026-09-05 20:56:18,354] [WARNING] [src.ui.utils.tilemap_renderer]: Textura para tile_id 13 na célula (5, 10) não encontrada.
[2026-09-05 20:56:18,355] [WARNING] [src.domain.loaders.tileset_manager]: tile_id 13 fora dos limites para tileset 'estrada_vale' (total de tiles: 0).
[2026-09-05 20:56:18,355] [WARNING] [src.ui.utils.tilemap_renderer]: Textura para tile_id 13 na célula (6, 10) não encontrada.
[2026-09-05 20:56:18,355] [WARNING] [src.domain.loaders.tileset_manager]: tile_id 13 fora dos limites para tileset 'estrada_vale' (total de tiles: 0).
[2026-09-05 20:56:18,355] [WARNING] [src.ui.utils.tilemap_renderer]: Textura para tile_id 13 na célula (7, 10) não encontrada.
[2026-09-05 20:56:18,355] [WARNING] [src.domain.loaders.tileset_manager]: tile_id 13 fora dos limites para tileset 'estrada_vale' (total de tiles: 0).
[2026-09-05 20:56:18,356] [WARNING] [src.ui.utils.tilemap_renderer]: Textura para tile_id 13 na célula (8, 10) não encontrada.
[2026-09-05 20:56:18,356] [WARNING] [src.domain.loaders.tileset_manager]: tile_id 13 fora dos limites para tileset 'estrada_vale' (total de tiles: 0).
[2026-09-05 20:56:18,356] [WARNING] [src.ui.utils.tilemap_renderer]: Textura para tile_id 13 na célula (9, 10) não encontrada.
[2026-09-05 20:56:18,357] [WARNING] [src.domain.loaders.tileset_manager]: tile_id 13 fora dos limites para tileset 'estrada_vale' (total de tiles: 0).
[2026-09-05 20:56:18,357] [WARNING] [src.ui.utils.tilemap_renderer]: Textura para tile_id 13 na célula (10, 10) não encontrada.
[2026-09-05 20:56:18,358] [WARNING] [src.domain.loaders.tileset_manager]: tile_id 13 fora dos limites para tileset 'estrada_vale' (total de tiles: 0).
[2026-09-05 20:56:18,358] [WARNING] [src.ui.utils.tilemap_renderer]: Textura para tile_id 13 na célula (11, 10) não encontrada.
[2026-09-05 20:56:18,358] [WARNING] [src.domain.loaders.tileset_manager]: tile_id 13 fora dos limites para tileset 'estrada_vale' (total de tiles: 0).
[2026-09-05 20:56:18,358] [WARNING] [src.ui.utils.tilemap_renderer]: Textura para tile_id 13 na célula (12, 10) não encontrada.
[2026-09-05 20:56:18,359] [WARNING] [src.domain.loaders.tileset_manager]: tile_id 13 fora dos limites para tileset 'estrada_vale' (total de tiles: 0).
[2026-09-05 20:56:18,359] [WARNING] [src.ui.utils.tilemap_renderer]: Textura para tile_id 13 na célula (13, 10) não encontrada.
[2026-09-05 20:56:18,359] [WARNING] [src.domain.loaders.tileset_manager]: tile_id 13 fora dos limites para tileset 'estrada_vale' (total de tiles: 0).
[2026-09-05 20:56:18,360] [WARNING] [src.ui.utils.tilemap_renderer]: Textura para tile_id 13 na célula (14, 10) não encontrada.
[2026-09-05 20:56:18,361] [WARNING] [src.domain.loaders.tileset_manager]: tile_id 13 fora dos limites para tileset 'estrada_vale' (total de tiles: 0).
[2026-09-05 20:56:18,361] [WARNING] [src.ui.utils.tilemap_renderer]: Textura para tile_id 13 na célula (15, 10) não encontrada.
[2026-09-05 20:56:18,361] [WARNING] [src.domain.loaders.tileset_manager]: tile_id 13 fora dos limites para tileset 'estrada_vale' (total de tiles: 0).
[2026-09-05 20:56:18,361] [WARNING] [src.ui.utils.tilemap_renderer]: Textura para tile_id 13 na célula (16, 10) não encontrada.
[2026-09-05 20:56:18,362] [WARNING] [src.domain.loaders.tileset_manager]: tile_id 13 fora dos limites para tileset 'estrada_vale' (total de tiles: 0).
[2026-09-05 20:56:18,362] [WARNING] [src.ui.utils.tilemap_renderer]: Textura para tile_id 13 na célula (17, 10) não encontrada.
[2026-09-05 20:56:18,362] [WARNING] [src.domain.loaders.tileset_manager]: tile_id 26 fora dos limites para tileset 'estrada_vale' (total de tiles: 0).
[2026-09-05 20:56:18,363] [WARNING] [src.ui.utils.tilemap_renderer]: Textura para tile_id 26 na célula (18, 10) não encontrada.
[2026-09-05 20:56:18,363] [WARNING] [src.domain.loaders.tileset_manager]: tile_id 20 fora dos limites para tileset 'estrada_vale' (total de tiles: 0).
[2026-09-05 20:56:18,363] [WARNING] [src.ui.utils.tilemap_renderer]: Textura para tile_id 20 na célula (19, 10) não encontrada.
[2026-09-05 20:56:18,363] [WARNING] [src.domain.loaders.tileset_manager]: tile_id 20 fora dos limites para tileset 'estrada_vale' (total de tiles: 0).
[2026-09-05 20:56:18,364] [WARNING] [src.ui.utils.tilemap_renderer]: Textura para tile_id 20 na célula (20, 10) não encontrada.
[2026-09-05 20:56:18,364] [WARNING] [src.domain.loaders.tileset_manager]: tile_id 13 fora dos limites para tileset 'estrada_vale' (total de tiles: 0).
[2026-09-05 20:56:18,364] [WARNING] [src.ui.utils.tilemap_renderer]: Textura para tile_id 13 na célula (0, 11) não encontrada.
[2026-09-05 20:56:18,364] [WARNING] [src.domain.loaders.tileset_manager]: tile_id 13 fora dos limites para tileset 'estrada_vale' (total de tiles: 0).
[2026-09-05 20:56:18,365] [WARNING] [src.ui.utils.tilemap_renderer]: Textura para tile_id 13 na célula (1, 11) não encontrada.
[2026-09-05 20:56:18,365] [WARNING] [src.domain.loaders.tileset_manager]: tile_id 13 fora dos limites para tileset 'estrada_vale' (total de tiles: 0).
[2026-09-05 20:56:18,365] [WARNING] [src.ui.utils.tilemap_renderer]: Textura para tile_id 13 na célula (2, 11) não encontrada.
[2026-09-05 20:56:18,366] [WARNING] [src.domain.loaders.tileset_manager]: tile_id 13 fora dos limites para tileset 'estrada_vale' (total de tiles: 0).
[2026-09-05 20:56:18,366] [WARNING] [src.ui.utils.tilemap_renderer]: Textura para tile_id 13 na célula (3, 11) não encontrada.
[2026-09-05 20:56:18,366] [WARNING] [src.domain.loaders.tileset_manager]: tile_id 13 fora dos limites para tileset 'estrada_vale' (total de tiles: 0).
[2026-09-05 20:56:18,367] [WARNING] [src.ui.utils.tilemap_renderer]: Textura para tile_id 13 na célula (4, 11) não encontrada.
[2026-09-05 20:56:18,367] [WARNING] [src.domain.loaders.tileset_manager]: tile_id 13 fora dos limites para tileset 'estrada_vale' (total de tiles: 0).
[2026-09-05 20:56:18,367] [WARNING] [src.ui.utils.tilemap_renderer]: Textura para tile_id 13 na célula (5, 11) não encontrada.
[2026-09-05 20:56:18,367] [WARNING] [src.domain.loaders.tileset_manager]: tile_id 13 fora dos limites para tileset 'estrada_vale' (total de tiles: 0).
[2026-09-05 20:56:18,368] [WARNING] [src.ui.utils.tilemap_renderer]: Textura para tile_id 13 na célula (6, 11) não encontrada.
[2026-09-05 20:56:18,368] [WARNING] [src.domain.loaders.tileset_manager]: tile_id 13 fora dos limites para tileset 'estrada_vale' (total de tiles: 0).
[2026-09-05 20:56:18,368] [WARNING] [src.ui.utils.tilemap_renderer]: Textura para tile_id 13 na célula (7, 11) não encontrada.
[2026-09-05 20:56:18,369] [WARNING] [src.domain.loaders.tileset_manager]: tile_id 13 fora dos limites para tileset 'estrada_vale' (total de tiles: 0).
[2026-09-05 20:56:18,369] [WARNING] [src.ui.utils.tilemap_renderer]: Textura para tile_id 13 na célula (8, 11) não encontrada.
[2026-09-05 20:56:18,369] [WARNING] [src.domain.loaders.tileset_manager]: tile_id 13 fora dos limites para tileset 'estrada_vale' (total de tiles: 0).
[2026-09-05 20:56:18,370] [WARNING] [src.ui.utils.tilemap_renderer]: Textura para tile_id 13 na célula (9, 11) não encontrada.
[2026-09-05 20:56:18,370] [WARNING] [src.domain.loaders.tileset_manager]: tile_id 13 fora dos limites para tileset 'estrada_vale' (total de tiles: 0).
[2026-09-05 20:56:18,370] [WARNING] [src.ui.utils.tilemap_renderer]: Textura para tile_id 13 na célula (10, 11) não encontrada.
[2026-09-05 20:56:18,371] [WARNING] [src.domain.loaders.tileset_manager]: tile_id 13 fora dos limites para tileset 'estrada_vale' (total de tiles: 0).
[2026-09-05 20:56:18,371] [WARNING] [src.ui.utils.tilemap_renderer]: Textura para tile_id 13 na célula (11, 11) não encontrada.
[2026-09-05 20:56:18,372] [WARNING] [src.domain.loaders.tileset_manager]: tile_id 13 fora dos limites para tileset 'estrada_vale' (total de tiles: 0).
[2026-09-05 20:56:18,372] [WARNING] [src.ui.utils.tilemap_renderer]: Textura para tile_id 13 na célula (12, 11) não encontrada.
[2026-09-05 20:56:18,372] [WARNING] [src.domain.loaders.tileset_manager]: tile_id 13 fora dos limites para tileset 'estrada_vale' (total de tiles: 0).
[2026-09-05 20:56:18,373] [WARNING] [src.ui.utils.tilemap_renderer]: Textura para tile_id 13 na célula (13, 11) não encontrada.
[2026-09-05 20:56:18,373] [WARNING] [src.domain.loaders.tileset_manager]: tile_id 13 fora dos limites para tileset 'estrada_vale' (total de tiles: 0).
[2026-09-05 20:56:18,373] [WARNING] [src.ui.utils.tilemap_renderer]: Textura para tile_id 13 na célula (14, 11) não encontrada.
[2026-09-05 20:56:18,374] [WARNING] [src.domain.loaders.tileset_manager]: tile_id 13 fora dos limites para tileset 'estrada_vale' (total de tiles: 0).
[2026-09-05 20:56:18,374] [WARNING] [src.ui.utils.tilemap_renderer]: Textura para tile_id 13 na célula (15, 11) não encontrada.
[2026-09-05 20:56:18,374] [WARNING] [src.domain.loaders.tileset_manager]: tile_id 13 fora dos limites para tileset 'estrada_vale' (total de tiles: 0).
[2026-09-05 20:56:18,374] [WARNING] [src.ui.utils.tilemap_renderer]: Textura para tile_id 13 na célula (16, 11) não encontrada.
[2026-09-05 20:56:18,375] [WARNING] [src.domain.loaders.tileset_manager]: tile_id 13 fora dos limites para tileset 'estrada_vale' (total de tiles: 0).
[2026-09-05 20:56:18,375] [WARNING] [src.ui.utils.tilemap_renderer]: Textura para tile_id 13 na célula (17, 11) não encontrada.
[2026-09-05 20:56:18,375] [WARNING] [src.domain.loaders.tileset_manager]: tile_id 13 fora dos limites para tileset 'estrada_vale' (total de tiles: 0).
[2026-09-05 20:56:18,376] [WARNING] [src.ui.utils.tilemap_renderer]: Textura para tile_id 13 na célula (18, 11) não encontrada.
[2026-09-05 20:56:18,376] [WARNING] [src.domain.loaders.tileset_manager]: tile_id 13 fora dos limites para tileset 'estrada_vale' (total de tiles: 0).
[2026-09-05 20:56:18,377] [WARNING] [src.ui.utils.tilemap_renderer]: Textura para tile_id 13 na célula (19, 11) não encontrada.
[2026-09-05 20:56:18,377] [WARNING] [src.domain.loaders.tileset_manager]: tile_id 13 fora dos limites para tileset 'estrada_vale' (total de tiles: 0).
[2026-09-05 20:56:18,377] [WARNING] [src.ui.utils.tilemap_renderer]: Textura para tile_id 13 na célula (20, 11) não encontrada.
[2026-09-05 20:56:18,390] [INFO] [src.ui.utils.tilemap_renderer]: TileMapRenderer montado: 0 ground sprites e 15 prop sprites para mapa 'estrada_vale' (21x12).
[2026-09-05 20:56:39,226] [INFO] [src.manager.session_manager]: Iniciando encontro: encounter_04092026064728
[2026-09-05 20:56:39,233] [ERROR] [src.domain.loaders.tile_map_loader]: Arquivo de mapa não encontrado: 'creations/maps/Sprite-007.json'
[2026-09-05 20:56:39,233] [WARNING] [src.manager.combat_manager]: Não foi possível carregar TileMap a partir de 'creations/maps/Sprite-007.json': Arquivo de mapa não encontrado: 'creations/maps/Sprite-007.json'
[2026-09-05 20:56:39,234] [INFO] [src.manager.combat_manager]: Encontro carregado: 'Emboscada na Floresta' (encounter_04092026064728) [tipo=tilemap] com 5 combatentes.
[2026-09-05 20:56:55,228] [INFO] [src.manager.session_manager]: Iniciando encontro: encounter_04092026064728
[2026-09-05 20:56:55,231] [INFO] [src.domain.loaders.tile_map_loader]: TileMap carregado com sucesso a partir de 'estrada_vale.json'.
[2026-09-05 20:56:55,233] [INFO] [src.manager.combat_manager]: Encontro carregado: 'Emboscada na Floresta' (encounter_04092026064728) [tipo=tilemap] com 5 combatentes.
[2026-09-05 20:56:55,235] [WARNING] [src.domain.loaders.tileset_manager]: tile_id 16 fora dos limites para tileset 'estrada_vale' (total de tiles: 0).
[2026-09-05 20:56:55,235] [WARNING] [src.ui.utils.tilemap_renderer]: Textura para tile_id 16 na célula (0, 0) não encontrada.
[2026-09-05 20:56:55,235] [WARNING] [src.domain.loaders.tileset_manager]: tile_id 16 fora dos limites para tileset 'estrada_vale' (total de tiles: 0).
[2026-09-05 20:56:55,236] [WARNING] [src.ui.utils.tilemap_renderer]: Textura para tile_id 16 na célula (1, 0) não encontrada.
[2026-09-05 20:56:55,236] [WARNING] [src.domain.loaders.tileset_manager]: tile_id 16 fora dos limites para tileset 'estrada_vale' (total de tiles: 0).
[2026-09-05 20:56:55,237] [WARNING] [src.ui.utils.tilemap_renderer]: Textura para tile_id 16 na célula (2, 0) não encontrada.
[2026-09-05 20:56:55,237] [WARNING] [src.domain.loaders.tileset_manager]: tile_id 16 fora dos limites para tileset 'estrada_vale' (total de tiles: 0).
[2026-09-05 20:56:55,238] [WARNING] [src.ui.utils.tilemap_renderer]: Textura para tile_id 16 na célula (3, 0) não encontrada.
[2026-09-05 20:56:55,238] [WARNING] [src.domain.loaders.tileset_manager]: tile_id 16 fora dos limites para tileset 'estrada_vale' (total de tiles: 0).
[2026-09-05 20:56:55,238] [WARNING] [src.ui.utils.tilemap_renderer]: Textura para tile_id 16 na célula (4, 0) não encontrada.
[2026-09-05 20:56:55,239] [WARNING] [src.domain.loaders.tileset_manager]: tile_id 16 fora dos limites para tileset 'estrada_vale' (total de tiles: 0).
[2026-09-05 20:56:55,239] [WARNING] [src.ui.utils.tilemap_renderer]: Textura para tile_id 16 na célula (5, 0) não encontrada.
[2026-09-05 20:56:55,241] [WARNING] [src.domain.loaders.tileset_manager]: tile_id 16 fora dos limites para tileset 'estrada_vale' (total de tiles: 0).
[2026-09-05 20:56:55,241] [WARNING] [src.ui.utils.tilemap_renderer]: Textura para tile_id 16 na célula (6, 0) não encontrada.
[2026-09-05 20:56:55,242] [WARNING] [src.domain.loaders.tileset_manager]: tile_id 16 fora dos limites para tileset 'estrada_vale' (total de tiles: 0).
[2026-09-05 20:56:55,242] [WARNING] [src.ui.utils.tilemap_renderer]: Textura para tile_id 16 na célula (7, 0) não encontrada.
[2026-09-05 20:56:55,242] [WARNING] [src.domain.loaders.tileset_manager]: tile_id 16 fora dos limites para tileset 'estrada_vale' (total de tiles: 0).
[2026-09-05 20:56:55,243] [WARNING] [src.ui.utils.tilemap_renderer]: Textura para tile_id 16 na célula (8, 0) não encontrada.
[2026-09-05 20:56:55,243] [WARNING] [src.domain.loaders.tileset_manager]: tile_id 16 fora dos limites para tileset 'estrada_vale' (total de tiles: 0).
[2026-09-05 20:56:55,244] [WARNING] [src.ui.utils.tilemap_renderer]: Textura para tile_id 16 na célula (9, 0) não encontrada.
[2026-09-05 20:56:55,244] [WARNING] [src.domain.loaders.tileset_manager]: tile_id 16 fora dos limites para tileset 'estrada_vale' (total de tiles: 0).
[2026-09-05 20:56:55,244] [WARNING] [src.ui.utils.tilemap_renderer]: Textura para tile_id 16 na célula (10, 0) não encontrada.
[2026-09-05 20:56:55,245] [WARNING] [src.domain.loaders.tileset_manager]: tile_id 16 fora dos limites para tileset 'estrada_vale' (total de tiles: 0).
[2026-09-05 20:56:55,246] [WARNING] [src.ui.utils.tilemap_renderer]: Textura para tile_id 16 na célula (11, 0) não encontrada.
[2026-09-05 20:56:55,246] [WARNING] [src.domain.loaders.tileset_manager]: tile_id 16 fora dos limites para tileset 'estrada_vale' (total de tiles: 0).
[2026-09-05 20:56:55,246] [WARNING] [src.ui.utils.tilemap_renderer]: Textura para tile_id 16 na célula (12, 0) não encontrada.
[2026-09-05 20:56:55,247] [WARNING] [src.domain.loaders.tileset_manager]: tile_id 16 fora dos limites para tileset 'estrada_vale' (total de tiles: 0).
[2026-09-05 20:56:55,247] [WARNING] [src.ui.utils.tilemap_renderer]: Textura para tile_id 16 na célula (13, 0) não encontrada.
[2026-09-05 20:56:55,247] [WARNING] [src.domain.loaders.tileset_manager]: tile_id 16 fora dos limites para tileset 'estrada_vale' (total de tiles: 0).
[2026-09-05 20:56:55,248] [WARNING] [src.ui.utils.tilemap_renderer]: Textura para tile_id 16 na célula (14, 0) não encontrada.
[2026-09-05 20:56:55,248] [WARNING] [src.domain.loaders.tileset_manager]: tile_id 16 fora dos limites para tileset 'estrada_vale' (total de tiles: 0).
[2026-09-05 20:56:55,248] [WARNING] [src.ui.utils.tilemap_renderer]: Textura para tile_id 16 na célula (15, 0) não encontrada.
[2026-09-05 20:56:55,249] [WARNING] [src.domain.loaders.tileset_manager]: tile_id 16 fora dos limites para tileset 'estrada_vale' (total de tiles: 0).
[2026-09-05 20:56:55,249] [WARNING] [src.ui.utils.tilemap_renderer]: Textura para tile_id 16 na célula (16, 0) não encontrada.
[2026-09-05 20:56:55,249] [WARNING] [src.domain.loaders.tileset_manager]: tile_id 16 fora dos limites para tileset 'estrada_vale' (total de tiles: 0).
[2026-09-05 20:56:55,250] [WARNING] [src.ui.utils.tilemap_renderer]: Textura para tile_id 16 na célula (17, 0) não encontrada.
[2026-09-05 20:56:55,250] [WARNING] [src.domain.loaders.tileset_manager]: tile_id 16 fora dos limites para tileset 'estrada_vale' (total de tiles: 0).
[2026-09-05 20:56:55,251] [WARNING] [src.ui.utils.tilemap_renderer]: Textura para tile_id 16 na célula (18, 0) não encontrada.
[2026-09-05 20:56:55,251] [WARNING] [src.domain.loaders.tileset_manager]: tile_id 16 fora dos limites para tileset 'estrada_vale' (total de tiles: 0).
[2026-09-05 20:56:55,251] [WARNING] [src.ui.utils.tilemap_renderer]: Textura para tile_id 16 na célula (19, 0) não encontrada.
[2026-09-05 20:56:55,252] [WARNING] [src.domain.loaders.tileset_manager]: tile_id 16 fora dos limites para tileset 'estrada_vale' (total de tiles: 0).
[2026-09-05 20:56:55,252] [WARNING] [src.ui.utils.tilemap_renderer]: Textura para tile_id 16 na célula (20, 0) não encontrada.
[2026-09-05 20:56:55,252] [WARNING] [src.domain.loaders.tileset_manager]: tile_id 1 fora dos limites para tileset 'estrada_vale' (total de tiles: 0).
[2026-09-05 20:56:55,252] [WARNING] [src.ui.utils.tilemap_renderer]: Textura para tile_id 1 na célula (0, 1) não encontrada.
[2026-09-05 20:56:55,252] [WARNING] [src.domain.loaders.tileset_manager]: tile_id 1 fora dos limites para tileset 'estrada_vale' (total de tiles: 0).
[2026-09-05 20:56:55,253] [WARNING] [src.ui.utils.tilemap_renderer]: Textura para tile_id 1 na célula (1, 1) não encontrada.
[2026-09-05 20:56:55,253] [WARNING] [src.domain.loaders.tileset_manager]: tile_id 1 fora dos limites para tileset 'estrada_vale' (total de tiles: 0).
[2026-09-05 20:56:55,253] [WARNING] [src.ui.utils.tilemap_renderer]: Textura para tile_id 1 na célula (2, 1) não encontrada.
[2026-09-05 20:56:55,253] [WARNING] [src.domain.loaders.tileset_manager]: tile_id 1 fora dos limites para tileset 'estrada_vale' (total de tiles: 0).
[2026-09-05 20:56:55,254] [WARNING] [src.ui.utils.tilemap_renderer]: Textura para tile_id 1 na célula (3, 1) não encontrada.
[2026-09-05 20:56:55,254] [WARNING] [src.domain.loaders.tileset_manager]: tile_id 1 fora dos limites para tileset 'estrada_vale' (total de tiles: 0).
[2026-09-05 20:56:55,254] [WARNING] [src.ui.utils.tilemap_renderer]: Textura para tile_id 1 na célula (4, 1) não encontrada.
[2026-09-05 20:56:55,255] [WARNING] [src.domain.loaders.tileset_manager]: tile_id 1 fora dos limites para tileset 'estrada_vale' (total de tiles: 0).
[2026-09-05 20:56:55,255] [WARNING] [src.ui.utils.tilemap_renderer]: Textura para tile_id 1 na célula (5, 1) não encontrada.
[2026-09-05 20:56:55,255] [WARNING] [src.domain.loaders.tileset_manager]: tile_id 1 fora dos limites para tileset 'estrada_vale' (total de tiles: 0).
[2026-09-05 20:56:55,255] [WARNING] [src.ui.utils.tilemap_renderer]: Textura para tile_id 1 na célula (6, 1) não encontrada.
[2026-09-05 20:56:55,257] [WARNING] [src.domain.loaders.tileset_manager]: tile_id 1 fora dos limites para tileset 'estrada_vale' (total de tiles: 0).
[2026-09-05 20:56:55,257] [WARNING] [src.ui.utils.tilemap_renderer]: Textura para tile_id 1 na célula (7, 1) não encontrada.
[2026-09-05 20:56:55,258] [WARNING] [src.domain.loaders.tileset_manager]: tile_id 1 fora dos limites para tileset 'estrada_vale' (total de tiles: 0).
[2026-09-05 20:56:55,258] [WARNING] [src.ui.utils.tilemap_renderer]: Textura para tile_id 1 na célula (8, 1) não encontrada.
[2026-09-05 20:56:55,258] [WARNING] [src.domain.loaders.tileset_manager]: tile_id 1 fora dos limites para tileset 'estrada_vale' (total de tiles: 0).
[2026-09-05 20:56:55,259] [WARNING] [src.ui.utils.tilemap_renderer]: Textura para tile_id 1 na célula (9, 1) não encontrada.
[2026-09-05 20:56:55,259] [WARNING] [src.domain.loaders.tileset_manager]: tile_id 1 fora dos limites para tileset 'estrada_vale' (total de tiles: 0).
[2026-09-05 20:56:55,260] [WARNING] [src.ui.utils.tilemap_renderer]: Textura para tile_id 1 na célula (10, 1) não encontrada.
[2026-09-05 20:56:55,260] [WARNING] [src.domain.loaders.tileset_manager]: tile_id 1 fora dos limites para tileset 'estrada_vale' (total de tiles: 0).
[2026-09-05 20:56:55,260] [WARNING] [src.ui.utils.tilemap_renderer]: Textura para tile_id 1 na célula (11, 1) não encontrada.
[2026-09-05 20:56:55,260] [WARNING] [src.domain.loaders.tileset_manager]: tile_id 1 fora dos limites para tileset 'estrada_vale' (total de tiles: 0).
[2026-09-05 20:56:55,260] [WARNING] [src.ui.utils.tilemap_renderer]: Textura para tile_id 1 na célula (12, 1) não encontrada.
[2026-09-05 20:56:55,260] [WARNING] [src.domain.loaders.tileset_manager]: tile_id 1 fora dos limites para tileset 'estrada_vale' (total de tiles: 0).
[2026-09-05 20:56:55,261] [WARNING] [src.ui.utils.tilemap_renderer]: Textura para tile_id 1 na célula (13, 1) não encontrada.
[2026-09-05 20:56:55,261] [WARNING] [src.domain.loaders.tileset_manager]: tile_id 1 fora dos limites para tileset 'estrada_vale' (total de tiles: 0).
[2026-09-05 20:56:55,262] [WARNING] [src.ui.utils.tilemap_renderer]: Textura para tile_id 1 na célula (14, 1) não encontrada.
[2026-09-05 20:56:55,262] [WARNING] [src.domain.loaders.tileset_manager]: tile_id 1 fora dos limites para tileset 'estrada_vale' (total de tiles: 0).
[2026-09-05 20:56:55,263] [WARNING] [src.ui.utils.tilemap_renderer]: Textura para tile_id 1 na célula (15, 1) não encontrada.
[2026-09-05 20:56:55,263] [WARNING] [src.domain.loaders.tileset_manager]: tile_id 1 fora dos limites para tileset 'estrada_vale' (total de tiles: 0).
[2026-09-05 20:56:55,264] [WARNING] [src.ui.utils.tilemap_renderer]: Textura para tile_id 1 na célula (16, 1) não encontrada.
[2026-09-05 20:56:55,264] [WARNING] [src.domain.loaders.tileset_manager]: tile_id 1 fora dos limites para tileset 'estrada_vale' (total de tiles: 0).
[2026-09-05 20:56:55,264] [WARNING] [src.ui.utils.tilemap_renderer]: Textura para tile_id 1 na célula (17, 1) não encontrada.
[2026-09-05 20:56:55,265] [WARNING] [src.domain.loaders.tileset_manager]: tile_id 1 fora dos limites para tileset 'estrada_vale' (total de tiles: 0).
[2026-09-05 20:56:55,265] [WARNING] [src.ui.utils.tilemap_renderer]: Textura para tile_id 1 na célula (18, 1) não encontrada.
[2026-09-05 20:56:55,265] [WARNING] [src.domain.loaders.tileset_manager]: tile_id 1 fora dos limites para tileset 'estrada_vale' (total de tiles: 0).
[2026-09-05 20:56:55,266] [WARNING] [src.ui.utils.tilemap_renderer]: Textura para tile_id 1 na célula (19, 1) não encontrada.
[2026-09-05 20:56:55,266] [WARNING] [src.domain.loaders.tileset_manager]: tile_id 1 fora dos limites para tileset 'estrada_vale' (total de tiles: 0).
[2026-09-05 20:56:55,266] [WARNING] [src.ui.utils.tilemap_renderer]: Textura para tile_id 1 na célula (20, 1) não encontrada.
[2026-09-05 20:56:55,267] [WARNING] [src.domain.loaders.tileset_manager]: tile_id 5 fora dos limites para tileset 'estrada_vale' (total de tiles: 0).
[2026-09-05 20:56:55,267] [WARNING] [src.ui.utils.tilemap_renderer]: Textura para tile_id 5 na célula (0, 2) não encontrada.
[2026-09-05 20:56:55,267] [WARNING] [src.domain.loaders.tileset_manager]: tile_id 5 fora dos limites para tileset 'estrada_vale' (total de tiles: 0).
[2026-09-05 20:56:55,268] [WARNING] [src.ui.utils.tilemap_renderer]: Textura para tile_id 5 na célula (1, 2) não encontrada.
[2026-09-05 20:56:55,268] [WARNING] [src.domain.loaders.tileset_manager]: tile_id 5 fora dos limites para tileset 'estrada_vale' (total de tiles: 0).
[2026-09-05 20:56:55,268] [WARNING] [src.ui.utils.tilemap_renderer]: Textura para tile_id 5 na célula (2, 2) não encontrada.
[2026-09-05 20:56:55,269] [WARNING] [src.domain.loaders.tileset_manager]: tile_id 5 fora dos limites para tileset 'estrada_vale' (total de tiles: 0).
[2026-09-05 20:56:55,269] [WARNING] [src.ui.utils.tilemap_renderer]: Textura para tile_id 5 na célula (3, 2) não encontrada.
[2026-09-05 20:56:55,269] [WARNING] [src.domain.loaders.tileset_manager]: tile_id 5 fora dos limites para tileset 'estrada_vale' (total de tiles: 0).
[2026-09-05 20:56:55,270] [WARNING] [src.ui.utils.tilemap_renderer]: Textura para tile_id 5 na célula (4, 2) não encontrada.
[2026-09-05 20:56:55,270] [WARNING] [src.domain.loaders.tileset_manager]: tile_id 5 fora dos limites para tileset 'estrada_vale' (total de tiles: 0).
[2026-09-05 20:56:55,270] [WARNING] [src.ui.utils.tilemap_renderer]: Textura para tile_id 5 na célula (5, 2) não encontrada.
[2026-09-05 20:56:55,271] [WARNING] [src.domain.loaders.tileset_manager]: tile_id 5 fora dos limites para tileset 'estrada_vale' (total de tiles: 0).
[2026-09-05 20:56:55,271] [WARNING] [src.ui.utils.tilemap_renderer]: Textura para tile_id 5 na célula (6, 2) não encontrada.
[2026-09-05 20:56:55,271] [WARNING] [src.domain.loaders.tileset_manager]: tile_id 5 fora dos limites para tileset 'estrada_vale' (total de tiles: 0).
[2026-09-05 20:56:55,272] [WARNING] [src.ui.utils.tilemap_renderer]: Textura para tile_id 5 na célula (7, 2) não encontrada.
[2026-09-05 20:56:55,272] [WARNING] [src.domain.loaders.tileset_manager]: tile_id 5 fora dos limites para tileset 'estrada_vale' (total de tiles: 0).
[2026-09-05 20:56:55,272] [WARNING] [src.ui.utils.tilemap_renderer]: Textura para tile_id 5 na célula (8, 2) não encontrada.
[2026-09-05 20:56:55,273] [WARNING] [src.domain.loaders.tileset_manager]: tile_id 5 fora dos limites para tileset 'estrada_vale' (total de tiles: 0).
[2026-09-05 20:56:55,273] [WARNING] [src.ui.utils.tilemap_renderer]: Textura para tile_id 5 na célula (9, 2) não encontrada.
[2026-09-05 20:56:55,273] [WARNING] [src.domain.loaders.tileset_manager]: tile_id 5 fora dos limites para tileset 'estrada_vale' (total de tiles: 0).
[2026-09-05 20:56:55,275] [WARNING] [src.ui.utils.tilemap_renderer]: Textura para tile_id 5 na célula (10, 2) não encontrada.
[2026-09-05 20:56:55,275] [WARNING] [src.domain.loaders.tileset_manager]: tile_id 5 fora dos limites para tileset 'estrada_vale' (total de tiles: 0).
[2026-09-05 20:56:55,275] [WARNING] [src.ui.utils.tilemap_renderer]: Textura para tile_id 5 na célula (11, 2) não encontrada.
[2026-09-05 20:56:55,276] [WARNING] [src.domain.loaders.tileset_manager]: tile_id 5 fora dos limites para tileset 'estrada_vale' (total de tiles: 0).
[2026-09-05 20:56:55,276] [WARNING] [src.ui.utils.tilemap_renderer]: Textura para tile_id 5 na célula (12, 2) não encontrada.
[2026-09-05 20:56:55,276] [WARNING] [src.domain.loaders.tileset_manager]: tile_id 5 fora dos limites para tileset 'estrada_vale' (total de tiles: 0).
[2026-09-05 20:56:55,277] [WARNING] [src.ui.utils.tilemap_renderer]: Textura para tile_id 5 na célula (13, 2) não encontrada.
[2026-09-05 20:56:55,277] [WARNING] [src.domain.loaders.tileset_manager]: tile_id 5 fora dos limites para tileset 'estrada_vale' (total de tiles: 0).
[2026-09-05 20:56:55,277] [WARNING] [src.ui.utils.tilemap_renderer]: Textura para tile_id 5 na célula (14, 2) não encontrada.
[2026-09-05 20:56:55,278] [WARNING] [src.domain.loaders.tileset_manager]: tile_id 5 fora dos limites para tileset 'estrada_vale' (total de tiles: 0).
[2026-09-05 20:56:55,278] [WARNING] [src.ui.utils.tilemap_renderer]: Textura para tile_id 5 na célula (15, 2) não encontrada.
[2026-09-05 20:56:55,278] [WARNING] [src.domain.loaders.tileset_manager]: tile_id 5 fora dos limites para tileset 'estrada_vale' (total de tiles: 0).
[2026-09-05 20:56:55,278] [WARNING] [src.ui.utils.tilemap_renderer]: Textura para tile_id 5 na célula (16, 2) não encontrada.
[2026-09-05 20:56:55,278] [WARNING] [src.domain.loaders.tileset_manager]: tile_id 5 fora dos limites para tileset 'estrada_vale' (total de tiles: 0).
[2026-09-05 20:56:55,279] [WARNING] [src.ui.utils.tilemap_renderer]: Textura para tile_id 5 na célula (17, 2) não encontrada.
[2026-09-05 20:56:55,279] [WARNING] [src.domain.loaders.tileset_manager]: tile_id 5 fora dos limites para tileset 'estrada_vale' (total de tiles: 0).
[2026-09-05 20:56:55,279] [WARNING] [src.ui.utils.tilemap_renderer]: Textura para tile_id 5 na célula (18, 2) não encontrada.
[2026-09-05 20:56:55,279] [WARNING] [src.domain.loaders.tileset_manager]: tile_id 5 fora dos limites para tileset 'estrada_vale' (total de tiles: 0).
[2026-09-05 20:56:55,280] [WARNING] [src.ui.utils.tilemap_renderer]: Textura para tile_id 5 na célula (19, 2) não encontrada.
[2026-09-05 20:56:55,280] [WARNING] [src.domain.loaders.tileset_manager]: tile_id 5 fora dos limites para tileset 'estrada_vale' (total de tiles: 0).
[2026-09-05 20:56:55,280] [WARNING] [src.ui.utils.tilemap_renderer]: Textura para tile_id 5 na célula (20, 2) não encontrada.
[2026-09-05 20:56:55,281] [WARNING] [src.domain.loaders.tileset_manager]: tile_id 55 fora dos limites para tileset 'estrada_vale' (total de tiles: 0).
[2026-09-05 20:56:55,281] [WARNING] [src.ui.utils.tilemap_renderer]: Textura para tile_id 55 na célula (0, 3) não encontrada.
[2026-09-05 20:56:55,281] [WARNING] [src.domain.loaders.tileset_manager]: tile_id 55 fora dos limites para tileset 'estrada_vale' (total de tiles: 0).
[2026-09-05 20:56:55,282] [WARNING] [src.ui.utils.tilemap_renderer]: Textura para tile_id 55 na célula (1, 3) não encontrada.
[2026-09-05 20:56:55,282] [WARNING] [src.domain.loaders.tileset_manager]: tile_id 55 fora dos limites para tileset 'estrada_vale' (total de tiles: 0).
[2026-09-05 20:56:55,282] [WARNING] [src.ui.utils.tilemap_renderer]: Textura para tile_id 55 na célula (2, 3) não encontrada.
[2026-09-05 20:56:55,282] [WARNING] [src.domain.loaders.tileset_manager]: tile_id 55 fora dos limites para tileset 'estrada_vale' (total de tiles: 0).
[2026-09-05 20:56:55,282] [WARNING] [src.ui.utils.tilemap_renderer]: Textura para tile_id 55 na célula (3, 3) não encontrada.
[2026-09-05 20:56:55,284] [WARNING] [src.domain.loaders.tileset_manager]: tile_id 55 fora dos limites para tileset 'estrada_vale' (total de tiles: 0).
[2026-09-05 20:56:55,284] [WARNING] [src.ui.utils.tilemap_renderer]: Textura para tile_id 55 na célula (4, 3) não encontrada.
[2026-09-05 20:56:55,284] [WARNING] [src.domain.loaders.tileset_manager]: tile_id 55 fora dos limites para tileset 'estrada_vale' (total de tiles: 0).
[2026-09-05 20:56:55,284] [WARNING] [src.ui.utils.tilemap_renderer]: Textura para tile_id 55 na célula (5, 3) não encontrada.
[2026-09-05 20:56:55,285] [WARNING] [src.domain.loaders.tileset_manager]: tile_id 55 fora dos limites para tileset 'estrada_vale' (total de tiles: 0).
[2026-09-05 20:56:55,285] [WARNING] [src.ui.utils.tilemap_renderer]: Textura para tile_id 55 na célula (6, 3) não encontrada.
[2026-09-05 20:56:55,285] [WARNING] [src.domain.loaders.tileset_manager]: tile_id 55 fora dos limites para tileset 'estrada_vale' (total de tiles: 0).
[2026-09-05 20:56:55,286] [WARNING] [src.ui.utils.tilemap_renderer]: Textura para tile_id 55 na célula (7, 3) não encontrada.
[2026-09-05 20:56:55,286] [WARNING] [src.domain.loaders.tileset_manager]: tile_id 55 fora dos limites para tileset 'estrada_vale' (total de tiles: 0).
[2026-09-05 20:56:55,286] [WARNING] [src.ui.utils.tilemap_renderer]: Textura para tile_id 55 na célula (8, 3) não encontrada.
[2026-09-05 20:56:55,287] [WARNING] [src.domain.loaders.tileset_manager]: tile_id 55 fora dos limites para tileset 'estrada_vale' (total de tiles: 0).
[2026-09-05 20:56:55,287] [WARNING] [src.ui.utils.tilemap_renderer]: Textura para tile_id 55 na célula (9, 3) não encontrada.
[2026-09-05 20:56:55,287] [WARNING] [src.domain.loaders.tileset_manager]: tile_id 55 fora dos limites para tileset 'estrada_vale' (total de tiles: 0).
[2026-09-05 20:56:55,288] [WARNING] [src.ui.utils.tilemap_renderer]: Textura para tile_id 55 na célula (10, 3) não encontrada.
[2026-09-05 20:56:55,288] [WARNING] [src.domain.loaders.tileset_manager]: tile_id 55 fora dos limites para tileset 'estrada_vale' (total de tiles: 0).
[2026-09-05 20:56:55,288] [WARNING] [src.ui.utils.tilemap_renderer]: Textura para tile_id 55 na célula (11, 3) não encontrada.
[2026-09-05 20:56:55,289] [WARNING] [src.domain.loaders.tileset_manager]: tile_id 55 fora dos limites para tileset 'estrada_vale' (total de tiles: 0).
[2026-09-05 20:56:55,289] [WARNING] [src.ui.utils.tilemap_renderer]: Textura para tile_id 55 na célula (12, 3) não encontrada.
[2026-09-05 20:56:55,289] [WARNING] [src.domain.loaders.tileset_manager]: tile_id 55 fora dos limites para tileset 'estrada_vale' (total de tiles: 0).
[2026-09-05 20:56:55,289] [WARNING] [src.ui.utils.tilemap_renderer]: Textura para tile_id 55 na célula (13, 3) não encontrada.
[2026-09-05 20:56:55,290] [WARNING] [src.domain.loaders.tileset_manager]: tile_id 55 fora dos limites para tileset 'estrada_vale' (total de tiles: 0).
[2026-09-05 20:56:55,290] [WARNING] [src.ui.utils.tilemap_renderer]: Textura para tile_id 55 na célula (14, 3) não encontrada.
[2026-09-05 20:56:55,290] [WARNING] [src.domain.loaders.tileset_manager]: tile_id 55 fora dos limites para tileset 'estrada_vale' (total de tiles: 0).
[2026-09-05 20:56:55,290] [WARNING] [src.ui.utils.tilemap_renderer]: Textura para tile_id 55 na célula (15, 3) não encontrada.
[2026-09-05 20:56:55,291] [WARNING] [src.domain.loaders.tileset_manager]: tile_id 55 fora dos limites para tileset 'estrada_vale' (total de tiles: 0).
[2026-09-05 20:56:55,291] [WARNING] [src.ui.utils.tilemap_renderer]: Textura para tile_id 55 na célula (16, 3) não encontrada.
[2026-09-05 20:56:55,291] [WARNING] [src.domain.loaders.tileset_manager]: tile_id 55 fora dos limites para tileset 'estrada_vale' (total de tiles: 0).
[2026-09-05 20:56:55,292] [WARNING] [src.ui.utils.tilemap_renderer]: Textura para tile_id 55 na célula (17, 3) não encontrada.
[2026-09-05 20:56:55,292] [WARNING] [src.domain.loaders.tileset_manager]: tile_id 55 fora dos limites para tileset 'estrada_vale' (total de tiles: 0).
[2026-09-05 20:56:55,292] [WARNING] [src.ui.utils.tilemap_renderer]: Textura para tile_id 55 na célula (18, 3) não encontrada.
[2026-09-05 20:56:55,292] [WARNING] [src.domain.loaders.tileset_manager]: tile_id 55 fora dos limites para tileset 'estrada_vale' (total de tiles: 0).
[2026-09-05 20:56:55,294] [WARNING] [src.ui.utils.tilemap_renderer]: Textura para tile_id 55 na célula (19, 3) não encontrada.
[2026-09-05 20:56:55,294] [WARNING] [src.domain.loaders.tileset_manager]: tile_id 55 fora dos limites para tileset 'estrada_vale' (total de tiles: 0).
[2026-09-05 20:56:55,294] [WARNING] [src.ui.utils.tilemap_renderer]: Textura para tile_id 55 na célula (20, 3) não encontrada.
[2026-09-05 20:56:55,294] [WARNING] [src.domain.loaders.tileset_manager]: tile_id 58 fora dos limites para tileset 'estrada_vale' (total de tiles: 0).
[2026-09-05 20:56:55,295] [WARNING] [src.ui.utils.tilemap_renderer]: Textura para tile_id 58 na célula (0, 4) não encontrada.
[2026-09-05 20:56:55,295] [WARNING] [src.domain.loaders.tileset_manager]: tile_id 58 fora dos limites para tileset 'estrada_vale' (total de tiles: 0).
[2026-09-05 20:56:55,295] [WARNING] [src.ui.utils.tilemap_renderer]: Textura para tile_id 58 na célula (1, 4) não encontrada.
[2026-09-05 20:56:55,296] [WARNING] [src.domain.loaders.tileset_manager]: tile_id 59 fora dos limites para tileset 'estrada_vale' (total de tiles: 0).
[2026-09-05 20:56:55,296] [WARNING] [src.ui.utils.tilemap_renderer]: Textura para tile_id 59 na célula (2, 4) não encontrada.
[2026-09-05 20:56:55,296] [WARNING] [src.domain.loaders.tileset_manager]: tile_id 61 fora dos limites para tileset 'estrada_vale' (total de tiles: 0).
[2026-09-05 20:56:55,297] [WARNING] [src.ui.utils.tilemap_renderer]: Textura para tile_id 61 na célula (3, 4) não encontrada.
[2026-09-05 20:56:55,297] [WARNING] [src.domain.loaders.tileset_manager]: tile_id 61 fora dos limites para tileset 'estrada_vale' (total de tiles: 0).
[2026-09-05 20:56:55,297] [WARNING] [src.ui.utils.tilemap_renderer]: Textura para tile_id 61 na célula (4, 4) não encontrada.
[2026-09-05 20:56:55,297] [WARNING] [src.domain.loaders.tileset_manager]: tile_id 61 fora dos limites para tileset 'estrada_vale' (total de tiles: 0).
[2026-09-05 20:56:55,298] [WARNING] [src.ui.utils.tilemap_renderer]: Textura para tile_id 61 na célula (5, 4) não encontrada.
[2026-09-05 20:56:55,298] [WARNING] [src.domain.loaders.tileset_manager]: tile_id 61 fora dos limites para tileset 'estrada_vale' (total de tiles: 0).
[2026-09-05 20:56:55,298] [WARNING] [src.ui.utils.tilemap_renderer]: Textura para tile_id 61 na célula (6, 4) não encontrada.
[2026-09-05 20:56:55,299] [WARNING] [src.domain.loaders.tileset_manager]: tile_id 61 fora dos limites para tileset 'estrada_vale' (total de tiles: 0).
[2026-09-05 20:56:55,299] [WARNING] [src.ui.utils.tilemap_renderer]: Textura para tile_id 61 na célula (7, 4) não encontrada.
[2026-09-05 20:56:55,299] [WARNING] [src.domain.loaders.tileset_manager]: tile_id 61 fora dos limites para tileset 'estrada_vale' (total de tiles: 0).
[2026-09-05 20:56:55,300] [WARNING] [src.ui.utils.tilemap_renderer]: Textura para tile_id 61 na célula (8, 4) não encontrada.
[2026-09-05 20:56:55,300] [WARNING] [src.domain.loaders.tileset_manager]: tile_id 61 fora dos limites para tileset 'estrada_vale' (total de tiles: 0).
[2026-09-05 20:56:55,300] [WARNING] [src.ui.utils.tilemap_renderer]: Textura para tile_id 61 na célula (9, 4) não encontrada.
[2026-09-05 20:56:55,301] [WARNING] [src.domain.loaders.tileset_manager]: tile_id 61 fora dos limites para tileset 'estrada_vale' (total de tiles: 0).
[2026-09-05 20:56:55,301] [WARNING] [src.ui.utils.tilemap_renderer]: Textura para tile_id 61 na célula (10, 4) não encontrada.
[2026-09-05 20:56:55,301] [WARNING] [src.domain.loaders.tileset_manager]: tile_id 61 fora dos limites para tileset 'estrada_vale' (total de tiles: 0).
[2026-09-05 20:56:55,301] [WARNING] [src.ui.utils.tilemap_renderer]: Textura para tile_id 61 na célula (11, 4) não encontrada.
[2026-09-05 20:56:55,302] [WARNING] [src.domain.loaders.tileset_manager]: tile_id 61 fora dos limites para tileset 'estrada_vale' (total de tiles: 0).
[2026-09-05 20:56:55,302] [WARNING] [src.ui.utils.tilemap_renderer]: Textura para tile_id 61 na célula (12, 4) não encontrada.
[2026-09-05 20:56:55,303] [WARNING] [src.domain.loaders.tileset_manager]: tile_id 61 fora dos limites para tileset 'estrada_vale' (total de tiles: 0).
[2026-09-05 20:56:55,303] [WARNING] [src.ui.utils.tilemap_renderer]: Textura para tile_id 61 na célula (13, 4) não encontrada.
[2026-09-05 20:56:55,303] [WARNING] [src.domain.loaders.tileset_manager]: tile_id 61 fora dos limites para tileset 'estrada_vale' (total de tiles: 0).
[2026-09-05 20:56:55,303] [WARNING] [src.ui.utils.tilemap_renderer]: Textura para tile_id 61 na célula (14, 4) não encontrada.
[2026-09-05 20:56:55,304] [WARNING] [src.domain.loaders.tileset_manager]: tile_id 61 fora dos limites para tileset 'estrada_vale' (total de tiles: 0).
[2026-09-05 20:56:55,304] [WARNING] [src.ui.utils.tilemap_renderer]: Textura para tile_id 61 na célula (15, 4) não encontrada.
[2026-09-05 20:56:55,304] [WARNING] [src.domain.loaders.tileset_manager]: tile_id 61 fora dos limites para tileset 'estrada_vale' (total de tiles: 0).
[2026-09-05 20:56:55,304] [WARNING] [src.ui.utils.tilemap_renderer]: Textura para tile_id 61 na célula (16, 4) não encontrada.
[2026-09-05 20:56:55,305] [WARNING] [src.domain.loaders.tileset_manager]: tile_id 61 fora dos limites para tileset 'estrada_vale' (total de tiles: 0).
[2026-09-05 20:56:55,305] [WARNING] [src.ui.utils.tilemap_renderer]: Textura para tile_id 61 na célula (17, 4) não encontrada.
[2026-09-05 20:56:55,305] [WARNING] [src.domain.loaders.tileset_manager]: tile_id 61 fora dos limites para tileset 'estrada_vale' (total de tiles: 0).
[2026-09-05 20:56:55,305] [WARNING] [src.ui.utils.tilemap_renderer]: Textura para tile_id 61 na célula (18, 4) não encontrada.
[2026-09-05 20:56:55,306] [WARNING] [src.domain.loaders.tileset_manager]: tile_id 61 fora dos limites para tileset 'estrada_vale' (total de tiles: 0).
[2026-09-05 20:56:55,307] [WARNING] [src.ui.utils.tilemap_renderer]: Textura para tile_id 61 na célula (19, 4) não encontrada.
[2026-09-05 20:56:55,307] [WARNING] [src.domain.loaders.tileset_manager]: tile_id 61 fora dos limites para tileset 'estrada_vale' (total de tiles: 0).
[2026-09-05 20:56:55,307] [WARNING] [src.ui.utils.tilemap_renderer]: Textura para tile_id 61 na célula (20, 4) não encontrada.
[2026-09-05 20:56:55,308] [WARNING] [src.domain.loaders.tileset_manager]: tile_id 58 fora dos limites para tileset 'estrada_vale' (total de tiles: 0).
[2026-09-05 20:56:55,308] [WARNING] [src.ui.utils.tilemap_renderer]: Textura para tile_id 58 na célula (0, 5) não encontrada.
[2026-09-05 20:56:55,308] [WARNING] [src.domain.loaders.tileset_manager]: tile_id 59 fora dos limites para tileset 'estrada_vale' (total de tiles: 0).
[2026-09-05 20:56:55,308] [WARNING] [src.ui.utils.tilemap_renderer]: Textura para tile_id 59 na célula (1, 5) não encontrada.
[2026-09-05 20:56:55,309] [WARNING] [src.domain.loaders.tileset_manager]: tile_id 67 fora dos limites para tileset 'estrada_vale' (total de tiles: 0).
[2026-09-05 20:56:55,309] [WARNING] [src.ui.utils.tilemap_renderer]: Textura para tile_id 67 na célula (2, 5) não encontrada.
[2026-09-05 20:56:55,309] [WARNING] [src.domain.loaders.tileset_manager]: tile_id 23 fora dos limites para tileset 'estrada_vale' (total de tiles: 0).
[2026-09-05 20:56:55,310] [WARNING] [src.ui.utils.tilemap_renderer]: Textura para tile_id 23 na célula (3, 5) não encontrada.
[2026-09-05 20:56:55,310] [WARNING] [src.domain.loaders.tileset_manager]: tile_id 69 fora dos limites para tileset 'estrada_vale' (total de tiles: 0).
[2026-09-05 20:56:55,311] [WARNING] [src.ui.utils.tilemap_renderer]: Textura para tile_id 69 na célula (4, 5) não encontrada.
[2026-09-05 20:56:55,311] [WARNING] [src.domain.loaders.tileset_manager]: tile_id 27 fora dos limites para tileset 'estrada_vale' (total de tiles: 0).
[2026-09-05 20:56:55,311] [WARNING] [src.ui.utils.tilemap_renderer]: Textura para tile_id 27 na célula (5, 5) não encontrada.
[2026-09-05 20:56:55,312] [WARNING] [src.domain.loaders.tileset_manager]: tile_id 68 fora dos limites para tileset 'estrada_vale' (total de tiles: 0).
[2026-09-05 20:56:55,312] [WARNING] [src.ui.utils.tilemap_renderer]: Textura para tile_id 68 na célula (6, 5) não encontrada.
[2026-09-05 20:56:55,312] [WARNING] [src.domain.loaders.tileset_manager]: tile_id 23 fora dos limites para tileset 'estrada_vale' (total de tiles: 0).
[2026-09-05 20:56:55,313] [WARNING] [src.ui.utils.tilemap_renderer]: Textura para tile_id 23 na célula (7, 5) não encontrada.
[2026-09-05 20:56:55,313] [WARNING] [src.domain.loaders.tileset_manager]: tile_id 23 fora dos limites para tileset 'estrada_vale' (total de tiles: 0).
[2026-09-05 20:56:55,313] [WARNING] [src.ui.utils.tilemap_renderer]: Textura para tile_id 23 na célula (8, 5) não encontrada.
[2026-09-05 20:56:55,313] [WARNING] [src.domain.loaders.tileset_manager]: tile_id 23 fora dos limites para tileset 'estrada_vale' (total de tiles: 0).
[2026-09-05 20:56:55,314] [WARNING] [src.ui.utils.tilemap_renderer]: Textura para tile_id 23 na célula (9, 5) não encontrada.
[2026-09-05 20:56:55,314] [WARNING] [src.domain.loaders.tileset_manager]: tile_id 23 fora dos limites para tileset 'estrada_vale' (total de tiles: 0).
[2026-09-05 20:56:55,314] [WARNING] [src.ui.utils.tilemap_renderer]: Textura para tile_id 23 na célula (10, 5) não encontrada.
[2026-09-05 20:56:55,314] [WARNING] [src.domain.loaders.tileset_manager]: tile_id 23 fora dos limites para tileset 'estrada_vale' (total de tiles: 0).
[2026-09-05 20:56:55,314] [WARNING] [src.ui.utils.tilemap_renderer]: Textura para tile_id 23 na célula (11, 5) não encontrada.
[2026-09-05 20:56:55,315] [WARNING] [src.domain.loaders.tileset_manager]: tile_id 23 fora dos limites para tileset 'estrada_vale' (total de tiles: 0).
[2026-09-05 20:56:55,315] [WARNING] [src.ui.utils.tilemap_renderer]: Textura para tile_id 23 na célula (12, 5) não encontrada.
[2026-09-05 20:56:55,315] [WARNING] [src.domain.loaders.tileset_manager]: tile_id 23 fora dos limites para tileset 'estrada_vale' (total de tiles: 0).
[2026-09-05 20:56:55,316] [WARNING] [src.ui.utils.tilemap_renderer]: Textura para tile_id 23 na célula (13, 5) não encontrada.
[2026-09-05 20:56:55,316] [WARNING] [src.domain.loaders.tileset_manager]: tile_id 23 fora dos limites para tileset 'estrada_vale' (total de tiles: 0).
[2026-09-05 20:56:55,316] [WARNING] [src.ui.utils.tilemap_renderer]: Textura para tile_id 23 na célula (14, 5) não encontrada.
[2026-09-05 20:56:55,317] [WARNING] [src.domain.loaders.tileset_manager]: tile_id 23 fora dos limites para tileset 'estrada_vale' (total de tiles: 0).
[2026-09-05 20:56:55,317] [WARNING] [src.ui.utils.tilemap_renderer]: Textura para tile_id 23 na célula (15, 5) não encontrada.
[2026-09-05 20:56:55,317] [WARNING] [src.domain.loaders.tileset_manager]: tile_id 23 fora dos limites para tileset 'estrada_vale' (total de tiles: 0).
[2026-09-05 20:56:55,318] [WARNING] [src.ui.utils.tilemap_renderer]: Textura para tile_id 23 na célula (16, 5) não encontrada.
[2026-09-05 20:56:55,318] [WARNING] [src.domain.loaders.tileset_manager]: tile_id 23 fora dos limites para tileset 'estrada_vale' (total de tiles: 0).
[2026-09-05 20:56:55,318] [WARNING] [src.ui.utils.tilemap_renderer]: Textura para tile_id 23 na célula (17, 5) não encontrada.
[2026-09-05 20:56:55,319] [WARNING] [src.domain.loaders.tileset_manager]: tile_id 23 fora dos limites para tileset 'estrada_vale' (total de tiles: 0).
[2026-09-05 20:56:55,319] [WARNING] [src.ui.utils.tilemap_renderer]: Textura para tile_id 23 na célula (18, 5) não encontrada.
[2026-09-05 20:56:55,319] [WARNING] [src.domain.loaders.tileset_manager]: tile_id 23 fora dos limites para tileset 'estrada_vale' (total de tiles: 0).
[2026-09-05 20:56:55,320] [WARNING] [src.ui.utils.tilemap_renderer]: Textura para tile_id 23 na célula (19, 5) não encontrada.
[2026-09-05 20:56:55,320] [WARNING] [src.domain.loaders.tileset_manager]: tile_id 23 fora dos limites para tileset 'estrada_vale' (total de tiles: 0).
[2026-09-05 20:56:55,320] [WARNING] [src.ui.utils.tilemap_renderer]: Textura para tile_id 23 na célula (20, 5) não encontrada.
[2026-09-05 20:56:55,321] [WARNING] [src.domain.loaders.tileset_manager]: tile_id 61 fora dos limites para tileset 'estrada_vale' (total de tiles: 0).
[2026-09-05 20:56:55,321] [WARNING] [src.ui.utils.tilemap_renderer]: Textura para tile_id 61 na célula (0, 6) não encontrada.
[2026-09-05 20:56:55,321] [WARNING] [src.domain.loaders.tileset_manager]: tile_id 67 fora dos limites para tileset 'estrada_vale' (total de tiles: 0).
[2026-09-05 20:56:55,321] [WARNING] [src.ui.utils.tilemap_renderer]: Textura para tile_id 67 na célula (1, 6) não encontrada.
[2026-09-05 20:56:55,321] [WARNING] [src.domain.loaders.tileset_manager]: tile_id 23 fora dos limites para tileset 'estrada_vale' (total de tiles: 0).
[2026-09-05 20:56:55,321] [WARNING] [src.ui.utils.tilemap_renderer]: Textura para tile_id 23 na célula (2, 6) não encontrada.
[2026-09-05 20:56:55,323] [WARNING] [src.domain.loaders.tileset_manager]: tile_id 32 fora dos limites para tileset 'estrada_vale' (total de tiles: 0).
[2026-09-05 20:56:55,323] [WARNING] [src.ui.utils.tilemap_renderer]: Textura para tile_id 32 na célula (3, 6) não encontrada.
[2026-09-05 20:56:55,324] [WARNING] [src.domain.loaders.tileset_manager]: tile_id 33 fora dos limites para tileset 'estrada_vale' (total de tiles: 0).
[2026-09-05 20:56:55,324] [WARNING] [src.ui.utils.tilemap_renderer]: Textura para tile_id 33 na célula (4, 6) não encontrada.
[2026-09-05 20:56:55,324] [WARNING] [src.domain.loaders.tileset_manager]: tile_id 31 fora dos limites para tileset 'estrada_vale' (total de tiles: 0).
[2026-09-05 20:56:55,325] [WARNING] [src.ui.utils.tilemap_renderer]: Textura para tile_id 31 na célula (5, 6) não encontrada.
[2026-09-05 20:56:55,325] [WARNING] [src.domain.loaders.tileset_manager]: tile_id 28 fora dos limites para tileset 'estrada_vale' (total de tiles: 0).
[2026-09-05 20:56:55,325] [WARNING] [src.ui.utils.tilemap_renderer]: Textura para tile_id 28 na célula (6, 6) não encontrada.
[2026-09-05 20:56:55,326] [WARNING] [src.domain.loaders.tileset_manager]: tile_id 32 fora dos limites para tileset 'estrada_vale' (total de tiles: 0).
[2026-09-05 20:56:55,326] [WARNING] [src.ui.utils.tilemap_renderer]: Textura para tile_id 32 na célula (7, 6) não encontrada.
[2026-09-05 20:56:55,327] [WARNING] [src.domain.loaders.tileset_manager]: tile_id 32 fora dos limites para tileset 'estrada_vale' (total de tiles: 0).
[2026-09-05 20:56:55,327] [WARNING] [src.ui.utils.tilemap_renderer]: Textura para tile_id 32 na célula (8, 6) não encontrada.
[2026-09-05 20:56:55,327] [WARNING] [src.domain.loaders.tileset_manager]: tile_id 32 fora dos limites para tileset 'estrada_vale' (total de tiles: 0).
[2026-09-05 20:56:55,328] [WARNING] [src.ui.utils.tilemap_renderer]: Textura para tile_id 32 na célula (9, 6) não encontrada.
[2026-09-05 20:56:55,328] [WARNING] [src.domain.loaders.tileset_manager]: tile_id 19 fora dos limites para tileset 'estrada_vale' (total de tiles: 0).
[2026-09-05 20:56:55,328] [WARNING] [src.ui.utils.tilemap_renderer]: Textura para tile_id 19 na célula (10, 6) não encontrada.
[2026-09-05 20:56:55,329] [WARNING] [src.domain.loaders.tileset_manager]: tile_id 35 fora dos limites para tileset 'estrada_vale' (total de tiles: 0).
[2026-09-05 20:56:55,329] [WARNING] [src.ui.utils.tilemap_renderer]: Textura para tile_id 35 na célula (11, 6) não encontrada.
[2026-09-05 20:56:55,329] [WARNING] [src.domain.loaders.tileset_manager]: tile_id 32 fora dos limites para tileset 'estrada_vale' (total de tiles: 0).
[2026-09-05 20:56:55,329] [WARNING] [src.ui.utils.tilemap_renderer]: Textura para tile_id 32 na célula (12, 6) não encontrada.
[2026-09-05 20:56:55,330] [WARNING] [src.domain.loaders.tileset_manager]: tile_id 32 fora dos limites para tileset 'estrada_vale' (total de tiles: 0).
[2026-09-05 20:56:55,330] [WARNING] [src.ui.utils.tilemap_renderer]: Textura para tile_id 32 na célula (13, 6) não encontrada.
[2026-09-05 20:56:55,330] [WARNING] [src.domain.loaders.tileset_manager]: tile_id 32 fora dos limites para tileset 'estrada_vale' (total de tiles: 0).
[2026-09-05 20:56:55,331] [WARNING] [src.ui.utils.tilemap_renderer]: Textura para tile_id 32 na célula (14, 6) não encontrada.
[2026-09-05 20:56:55,331] [WARNING] [src.domain.loaders.tileset_manager]: tile_id 32 fora dos limites para tileset 'estrada_vale' (total de tiles: 0).
[2026-09-05 20:56:55,331] [WARNING] [src.ui.utils.tilemap_renderer]: Textura para tile_id 32 na célula (15, 6) não encontrada.
[2026-09-05 20:56:55,332] [WARNING] [src.domain.loaders.tileset_manager]: tile_id 32 fora dos limites para tileset 'estrada_vale' (total de tiles: 0).
[2026-09-05 20:56:55,332] [WARNING] [src.ui.utils.tilemap_renderer]: Textura para tile_id 32 na célula (16, 6) não encontrada.
[2026-09-05 20:56:55,332] [WARNING] [src.domain.loaders.tileset_manager]: tile_id 32 fora dos limites para tileset 'estrada_vale' (total de tiles: 0).
[2026-09-05 20:56:55,332] [WARNING] [src.ui.utils.tilemap_renderer]: Textura para tile_id 32 na célula (17, 6) não encontrada.
[2026-09-05 20:56:55,333] [WARNING] [src.domain.loaders.tileset_manager]: tile_id 32 fora dos limites para tileset 'estrada_vale' (total de tiles: 0).
[2026-09-05 20:56:55,333] [WARNING] [src.ui.utils.tilemap_renderer]: Textura para tile_id 32 na célula (18, 6) não encontrada.
[2026-09-05 20:56:55,333] [WARNING] [src.domain.loaders.tileset_manager]: tile_id 32 fora dos limites para tileset 'estrada_vale' (total de tiles: 0).
[2026-09-05 20:56:55,334] [WARNING] [src.ui.utils.tilemap_renderer]: Textura para tile_id 32 na célula (19, 6) não encontrada.
[2026-09-05 20:56:55,334] [WARNING] [src.domain.loaders.tileset_manager]: tile_id 32 fora dos limites para tileset 'estrada_vale' (total de tiles: 0).
[2026-09-05 20:56:55,334] [WARNING] [src.ui.utils.tilemap_renderer]: Textura para tile_id 32 na célula (20, 6) não encontrada.
[2026-09-05 20:56:55,334] [WARNING] [src.domain.loaders.tileset_manager]: tile_id 23 fora dos limites para tileset 'estrada_vale' (total de tiles: 0).
[2026-09-05 20:56:55,334] [WARNING] [src.ui.utils.tilemap_renderer]: Textura para tile_id 23 na célula (0, 7) não encontrada.
[2026-09-05 20:56:55,335] [WARNING] [src.domain.loaders.tileset_manager]: tile_id 23 fora dos limites para tileset 'estrada_vale' (total de tiles: 0).
[2026-09-05 20:56:55,335] [WARNING] [src.ui.utils.tilemap_renderer]: Textura para tile_id 23 na célula (1, 7) não encontrada.
[2026-09-05 20:56:55,335] [WARNING] [src.domain.loaders.tileset_manager]: tile_id 32 fora dos limites para tileset 'estrada_vale' (total de tiles: 0).
[2026-09-05 20:56:55,336] [WARNING] [src.ui.utils.tilemap_renderer]: Textura para tile_id 32 na célula (2, 7) não encontrada.
[2026-09-05 20:56:55,336] [WARNING] [src.domain.loaders.tileset_manager]: tile_id 32 fora dos limites para tileset 'estrada_vale' (total de tiles: 0).
[2026-09-05 20:56:55,336] [WARNING] [src.ui.utils.tilemap_renderer]: Textura para tile_id 32 na célula (3, 7) não encontrada.
[2026-09-05 20:56:55,337] [WARNING] [src.domain.loaders.tileset_manager]: tile_id 32 fora dos limites para tileset 'estrada_vale' (total de tiles: 0).
[2026-09-05 20:56:55,337] [WARNING] [src.ui.utils.tilemap_renderer]: Textura para tile_id 32 na célula (4, 7) não encontrada.
[2026-09-05 20:56:55,337] [WARNING] [src.domain.loaders.tileset_manager]: tile_id 32 fora dos limites para tileset 'estrada_vale' (total de tiles: 0).
[2026-09-05 20:56:55,337] [WARNING] [src.ui.utils.tilemap_renderer]: Textura para tile_id 32 na célula (5, 7) não encontrada.
[2026-09-05 20:56:55,337] [WARNING] [src.domain.loaders.tileset_manager]: tile_id 32 fora dos limites para tileset 'estrada_vale' (total de tiles: 0).
[2026-09-05 20:56:55,337] [WARNING] [src.ui.utils.tilemap_renderer]: Textura para tile_id 32 na célula (6, 7) não encontrada.
[2026-09-05 20:56:55,339] [WARNING] [src.domain.loaders.tileset_manager]: tile_id 32 fora dos limites para tileset 'estrada_vale' (total de tiles: 0).
[2026-09-05 20:56:55,339] [WARNING] [src.ui.utils.tilemap_renderer]: Textura para tile_id 32 na célula (7, 7) não encontrada.
[2026-09-05 20:56:55,339] [WARNING] [src.domain.loaders.tileset_manager]: tile_id 32 fora dos limites para tileset 'estrada_vale' (total de tiles: 0).
[2026-09-05 20:56:55,340] [WARNING] [src.ui.utils.tilemap_renderer]: Textura para tile_id 32 na célula (8, 7) não encontrada.
[2026-09-05 20:56:55,340] [WARNING] [src.domain.loaders.tileset_manager]: tile_id 32 fora dos limites para tileset 'estrada_vale' (total de tiles: 0).
[2026-09-05 20:56:55,340] [WARNING] [src.ui.utils.tilemap_renderer]: Textura para tile_id 32 na célula (9, 7) não encontrada.
[2026-09-05 20:56:55,341] [WARNING] [src.domain.loaders.tileset_manager]: tile_id 33 fora dos limites para tileset 'estrada_vale' (total de tiles: 0).
[2026-09-05 20:56:55,341] [WARNING] [src.ui.utils.tilemap_renderer]: Textura para tile_id 33 na célula (10, 7) não encontrada.
[2026-09-05 20:56:55,341] [WARNING] [src.domain.loaders.tileset_manager]: tile_id 28 fora dos limites para tileset 'estrada_vale' (total de tiles: 0).
[2026-09-05 20:56:55,341] [WARNING] [src.ui.utils.tilemap_renderer]: Textura para tile_id 28 na célula (11, 7) não encontrada.
[2026-09-05 20:56:55,342] [WARNING] [src.domain.loaders.tileset_manager]: tile_id 32 fora dos limites para tileset 'estrada_vale' (total de tiles: 0).
[2026-09-05 20:56:55,342] [WARNING] [src.ui.utils.tilemap_renderer]: Textura para tile_id 32 na célula (12, 7) não encontrada.
[2026-09-05 20:56:55,342] [WARNING] [src.domain.loaders.tileset_manager]: tile_id 32 fora dos limites para tileset 'estrada_vale' (total de tiles: 0).
[2026-09-05 20:56:55,342] [WARNING] [src.ui.utils.tilemap_renderer]: Textura para tile_id 32 na célula (13, 7) não encontrada.
[2026-09-05 20:56:55,342] [WARNING] [src.domain.loaders.tileset_manager]: tile_id 32 fora dos limites para tileset 'estrada_vale' (total de tiles: 0).
[2026-09-05 20:56:55,344] [WARNING] [src.ui.utils.tilemap_renderer]: Textura para tile_id 32 na célula (14, 7) não encontrada.
[2026-09-05 20:56:55,344] [WARNING] [src.domain.loaders.tileset_manager]: tile_id 32 fora dos limites para tileset 'estrada_vale' (total de tiles: 0).
[2026-09-05 20:56:55,344] [WARNING] [src.ui.utils.tilemap_renderer]: Textura para tile_id 32 na célula (15, 7) não encontrada.
[2026-09-05 20:56:55,345] [WARNING] [src.domain.loaders.tileset_manager]: tile_id 32 fora dos limites para tileset 'estrada_vale' (total de tiles: 0).
[2026-09-05 20:56:55,345] [WARNING] [src.ui.utils.tilemap_renderer]: Textura para tile_id 32 na célula (16, 7) não encontrada.
[2026-09-05 20:56:55,345] [WARNING] [src.domain.loaders.tileset_manager]: tile_id 32 fora dos limites para tileset 'estrada_vale' (total de tiles: 0).
[2026-09-05 20:56:55,346] [WARNING] [src.ui.utils.tilemap_renderer]: Textura para tile_id 32 na célula (17, 7) não encontrada.
[2026-09-05 20:56:55,346] [WARNING] [src.domain.loaders.tileset_manager]: tile_id 32 fora dos limites para tileset 'estrada_vale' (total de tiles: 0).
[2026-09-05 20:56:55,346] [WARNING] [src.ui.utils.tilemap_renderer]: Textura para tile_id 32 na célula (18, 7) não encontrada.
[2026-09-05 20:56:55,347] [WARNING] [src.domain.loaders.tileset_manager]: tile_id 32 fora dos limites para tileset 'estrada_vale' (total de tiles: 0).
[2026-09-05 20:56:55,347] [WARNING] [src.ui.utils.tilemap_renderer]: Textura para tile_id 32 na célula (19, 7) não encontrada.
[2026-09-05 20:56:55,347] [WARNING] [src.domain.loaders.tileset_manager]: tile_id 32 fora dos limites para tileset 'estrada_vale' (total de tiles: 0).
[2026-09-05 20:56:55,347] [WARNING] [src.ui.utils.tilemap_renderer]: Textura para tile_id 32 na célula (20, 7) não encontrada.
[2026-09-05 20:56:55,348] [WARNING] [src.domain.loaders.tileset_manager]: tile_id 32 fora dos limites para tileset 'estrada_vale' (total de tiles: 0).
[2026-09-05 20:56:55,348] [WARNING] [src.ui.utils.tilemap_renderer]: Textura para tile_id 32 na célula (0, 8) não encontrada.
[2026-09-05 20:56:55,348] [WARNING] [src.domain.loaders.tileset_manager]: tile_id 32 fora dos limites para tileset 'estrada_vale' (total de tiles: 0).
[2026-09-05 20:56:55,349] [WARNING] [src.ui.utils.tilemap_renderer]: Textura para tile_id 32 na célula (1, 8) não encontrada.
[2026-09-05 20:56:55,349] [WARNING] [src.domain.loaders.tileset_manager]: tile_id 19 fora dos limites para tileset 'estrada_vale' (total de tiles: 0).
[2026-09-05 20:56:55,349] [WARNING] [src.ui.utils.tilemap_renderer]: Textura para tile_id 19 na célula (2, 8) não encontrada.
[2026-09-05 20:56:55,350] [WARNING] [src.domain.loaders.tileset_manager]: tile_id 20 fora dos limites para tileset 'estrada_vale' (total de tiles: 0).
[2026-09-05 20:56:55,350] [WARNING] [src.ui.utils.tilemap_renderer]: Textura para tile_id 20 na célula (3, 8) não encontrada.
[2026-09-05 20:56:55,350] [WARNING] [src.domain.loaders.tileset_manager]: tile_id 20 fora dos limites para tileset 'estrada_vale' (total de tiles: 0).
[2026-09-05 20:56:55,351] [WARNING] [src.ui.utils.tilemap_renderer]: Textura para tile_id 20 na célula (4, 8) não encontrada.
[2026-09-05 20:56:55,351] [WARNING] [src.domain.loaders.tileset_manager]: tile_id 20 fora dos limites para tileset 'estrada_vale' (total de tiles: 0).
[2026-09-05 20:56:55,351] [WARNING] [src.ui.utils.tilemap_renderer]: Textura para tile_id 20 na célula (5, 8) não encontrada.
[2026-09-05 20:56:55,352] [WARNING] [src.domain.loaders.tileset_manager]: tile_id 20 fora dos limites para tileset 'estrada_vale' (total de tiles: 0).
[2026-09-05 20:56:55,352] [WARNING] [src.ui.utils.tilemap_renderer]: Textura para tile_id 20 na célula (6, 8) não encontrada.
[2026-09-05 20:56:55,352] [WARNING] [src.domain.loaders.tileset_manager]: tile_id 20 fora dos limites para tileset 'estrada_vale' (total de tiles: 0).
[2026-09-05 20:56:55,352] [WARNING] [src.ui.utils.tilemap_renderer]: Textura para tile_id 20 na célula (7, 8) não encontrada.
[2026-09-05 20:56:55,353] [WARNING] [src.domain.loaders.tileset_manager]: tile_id 20 fora dos limites para tileset 'estrada_vale' (total de tiles: 0).
[2026-09-05 20:56:55,353] [WARNING] [src.ui.utils.tilemap_renderer]: Textura para tile_id 20 na célula (8, 8) não encontrada.
[2026-09-05 20:56:55,353] [WARNING] [src.domain.loaders.tileset_manager]: tile_id 20 fora dos limites para tileset 'estrada_vale' (total de tiles: 0).
[2026-09-05 20:56:55,354] [WARNING] [src.ui.utils.tilemap_renderer]: Textura para tile_id 20 na célula (9, 8) não encontrada.
[2026-09-05 20:56:55,354] [WARNING] [src.domain.loaders.tileset_manager]: tile_id 20 fora dos limites para tileset 'estrada_vale' (total de tiles: 0).
[2026-09-05 20:56:55,354] [WARNING] [src.ui.utils.tilemap_renderer]: Textura para tile_id 20 na célula (10, 8) não encontrada.
[2026-09-05 20:56:55,355] [WARNING] [src.domain.loaders.tileset_manager]: tile_id 20 fora dos limites para tileset 'estrada_vale' (total de tiles: 0).
[2026-09-05 20:56:55,355] [WARNING] [src.ui.utils.tilemap_renderer]: Textura para tile_id 20 na célula (11, 8) não encontrada.
[2026-09-05 20:56:55,355] [WARNING] [src.domain.loaders.tileset_manager]: tile_id 35 fora dos limites para tileset 'estrada_vale' (total de tiles: 0).
[2026-09-05 20:56:55,356] [WARNING] [src.ui.utils.tilemap_renderer]: Textura para tile_id 35 na célula (12, 8) não encontrada.
[2026-09-05 20:56:55,356] [WARNING] [src.domain.loaders.tileset_manager]: tile_id 32 fora dos limites para tileset 'estrada_vale' (total de tiles: 0).
[2026-09-05 20:56:55,356] [WARNING] [src.ui.utils.tilemap_renderer]: Textura para tile_id 32 na célula (13, 8) não encontrada.
[2026-09-05 20:56:55,357] [WARNING] [src.domain.loaders.tileset_manager]: tile_id 32 fora dos limites para tileset 'estrada_vale' (total de tiles: 0).
[2026-09-05 20:56:55,357] [WARNING] [src.ui.utils.tilemap_renderer]: Textura para tile_id 32 na célula (14, 8) não encontrada.
[2026-09-05 20:56:55,357] [WARNING] [src.domain.loaders.tileset_manager]: tile_id 32 fora dos limites para tileset 'estrada_vale' (total de tiles: 0).
[2026-09-05 20:56:55,357] [WARNING] [src.ui.utils.tilemap_renderer]: Textura para tile_id 32 na célula (15, 8) não encontrada.
[2026-09-05 20:56:55,358] [WARNING] [src.domain.loaders.tileset_manager]: tile_id 32 fora dos limites para tileset 'estrada_vale' (total de tiles: 0).
[2026-09-05 20:56:55,358] [WARNING] [src.ui.utils.tilemap_renderer]: Textura para tile_id 32 na célula (16, 8) não encontrada.
[2026-09-05 20:56:55,358] [WARNING] [src.domain.loaders.tileset_manager]: tile_id 32 fora dos limites para tileset 'estrada_vale' (total de tiles: 0).
[2026-09-05 20:56:55,359] [WARNING] [src.ui.utils.tilemap_renderer]: Textura para tile_id 32 na célula (17, 8) não encontrada.
[2026-09-05 20:56:55,359] [WARNING] [src.domain.loaders.tileset_manager]: tile_id 32 fora dos limites para tileset 'estrada_vale' (total de tiles: 0).
[2026-09-05 20:56:55,359] [WARNING] [src.ui.utils.tilemap_renderer]: Textura para tile_id 32 na célula (18, 8) não encontrada.
[2026-09-05 20:56:55,359] [WARNING] [src.domain.loaders.tileset_manager]: tile_id 32 fora dos limites para tileset 'estrada_vale' (total de tiles: 0).
[2026-09-05 20:56:55,360] [WARNING] [src.ui.utils.tilemap_renderer]: Textura para tile_id 32 na célula (19, 8) não encontrada.
[2026-09-05 20:56:55,360] [WARNING] [src.domain.loaders.tileset_manager]: tile_id 32 fora dos limites para tileset 'estrada_vale' (total de tiles: 0).
[2026-09-05 20:56:55,360] [WARNING] [src.ui.utils.tilemap_renderer]: Textura para tile_id 32 na célula (20, 8) não encontrada.
[2026-09-05 20:56:55,361] [WARNING] [src.domain.loaders.tileset_manager]: tile_id 32 fora dos limites para tileset 'estrada_vale' (total de tiles: 0).
[2026-09-05 20:56:55,361] [WARNING] [src.ui.utils.tilemap_renderer]: Textura para tile_id 32 na célula (0, 9) não encontrada.
[2026-09-05 20:56:55,361] [WARNING] [src.domain.loaders.tileset_manager]: tile_id 19 fora dos limites para tileset 'estrada_vale' (total de tiles: 0).
[2026-09-05 20:56:55,362] [WARNING] [src.ui.utils.tilemap_renderer]: Textura para tile_id 19 na célula (1, 9) não encontrada.
[2026-09-05 20:56:55,362] [WARNING] [src.domain.loaders.tileset_manager]: tile_id 21 fora dos limites para tileset 'estrada_vale' (total de tiles: 0).
[2026-09-05 20:56:55,362] [WARNING] [src.ui.utils.tilemap_renderer]: Textura para tile_id 21 na célula (2, 9) não encontrada.
[2026-09-05 20:56:55,362] [WARNING] [src.domain.loaders.tileset_manager]: tile_id 13 fora dos limites para tileset 'estrada_vale' (total de tiles: 0).
[2026-09-05 20:56:55,362] [WARNING] [src.ui.utils.tilemap_renderer]: Textura para tile_id 13 na célula (3, 9) não encontrada.
[2026-09-05 20:56:55,364] [WARNING] [src.domain.loaders.tileset_manager]: tile_id 13 fora dos limites para tileset 'estrada_vale' (total de tiles: 0).
[2026-09-05 20:56:55,364] [WARNING] [src.ui.utils.tilemap_renderer]: Textura para tile_id 13 na célula (4, 9) não encontrada.
[2026-09-05 20:56:55,364] [WARNING] [src.domain.loaders.tileset_manager]: tile_id 13 fora dos limites para tileset 'estrada_vale' (total de tiles: 0).
[2026-09-05 20:56:55,365] [WARNING] [src.ui.utils.tilemap_renderer]: Textura para tile_id 13 na célula (5, 9) não encontrada.
[2026-09-05 20:56:55,365] [WARNING] [src.domain.loaders.tileset_manager]: tile_id 13 fora dos limites para tileset 'estrada_vale' (total de tiles: 0).
[2026-09-05 20:56:55,365] [WARNING] [src.ui.utils.tilemap_renderer]: Textura para tile_id 13 na célula (6, 9) não encontrada.
[2026-09-05 20:56:55,365] [WARNING] [src.domain.loaders.tileset_manager]: tile_id 13 fora dos limites para tileset 'estrada_vale' (total de tiles: 0).
[2026-09-05 20:56:55,366] [WARNING] [src.ui.utils.tilemap_renderer]: Textura para tile_id 13 na célula (7, 9) não encontrada.
[2026-09-05 20:56:55,366] [WARNING] [src.domain.loaders.tileset_manager]: tile_id 13 fora dos limites para tileset 'estrada_vale' (total de tiles: 0).
[2026-09-05 20:56:55,366] [WARNING] [src.ui.utils.tilemap_renderer]: Textura para tile_id 13 na célula (8, 9) não encontrada.
[2026-09-05 20:56:55,367] [WARNING] [src.domain.loaders.tileset_manager]: tile_id 13 fora dos limites para tileset 'estrada_vale' (total de tiles: 0).
[2026-09-05 20:56:55,367] [WARNING] [src.ui.utils.tilemap_renderer]: Textura para tile_id 13 na célula (9, 9) não encontrada.
[2026-09-05 20:56:55,367] [WARNING] [src.domain.loaders.tileset_manager]: tile_id 13 fora dos limites para tileset 'estrada_vale' (total de tiles: 0).
[2026-09-05 20:56:55,368] [WARNING] [src.ui.utils.tilemap_renderer]: Textura para tile_id 13 na célula (10, 9) não encontrada.
[2026-09-05 20:56:55,368] [WARNING] [src.domain.loaders.tileset_manager]: tile_id 13 fora dos limites para tileset 'estrada_vale' (total de tiles: 0).
[2026-09-05 20:56:55,368] [WARNING] [src.ui.utils.tilemap_renderer]: Textura para tile_id 13 na célula (11, 9) não encontrada.
[2026-09-05 20:56:55,368] [WARNING] [src.domain.loaders.tileset_manager]: tile_id 26 fora dos limites para tileset 'estrada_vale' (total de tiles: 0).
[2026-09-05 20:56:55,369] [WARNING] [src.ui.utils.tilemap_renderer]: Textura para tile_id 26 na célula (12, 9) não encontrada.
[2026-09-05 20:56:55,369] [WARNING] [src.domain.loaders.tileset_manager]: tile_id 20 fora dos limites para tileset 'estrada_vale' (total de tiles: 0).
[2026-09-05 20:56:55,369] [WARNING] [src.ui.utils.tilemap_renderer]: Textura para tile_id 20 na célula (13, 9) não encontrada.
[2026-09-05 20:56:55,370] [WARNING] [src.domain.loaders.tileset_manager]: tile_id 20 fora dos limites para tileset 'estrada_vale' (total de tiles: 0).
[2026-09-05 20:56:55,370] [WARNING] [src.ui.utils.tilemap_renderer]: Textura para tile_id 20 na célula (14, 9) não encontrada.
[2026-09-05 20:56:55,370] [WARNING] [src.domain.loaders.tileset_manager]: tile_id 20 fora dos limites para tileset 'estrada_vale' (total de tiles: 0).
[2026-09-05 20:56:55,370] [WARNING] [src.ui.utils.tilemap_renderer]: Textura para tile_id 20 na célula (15, 9) não encontrada.
[2026-09-05 20:56:55,371] [WARNING] [src.domain.loaders.tileset_manager]: tile_id 20 fora dos limites para tileset 'estrada_vale' (total de tiles: 0).
[2026-09-05 20:56:55,371] [WARNING] [src.ui.utils.tilemap_renderer]: Textura para tile_id 20 na célula (16, 9) não encontrada.
[2026-09-05 20:56:55,371] [WARNING] [src.domain.loaders.tileset_manager]: tile_id 20 fora dos limites para tileset 'estrada_vale' (total de tiles: 0).
[2026-09-05 20:56:55,371] [WARNING] [src.ui.utils.tilemap_renderer]: Textura para tile_id 20 na célula (17, 9) não encontrada.
[2026-09-05 20:56:55,372] [WARNING] [src.domain.loaders.tileset_manager]: tile_id 35 fora dos limites para tileset 'estrada_vale' (total de tiles: 0).
[2026-09-05 20:56:55,372] [WARNING] [src.ui.utils.tilemap_renderer]: Textura para tile_id 35 na célula (18, 9) não encontrada.
[2026-09-05 20:56:55,372] [WARNING] [src.domain.loaders.tileset_manager]: tile_id 32 fora dos limites para tileset 'estrada_vale' (total de tiles: 0).
[2026-09-05 20:56:55,372] [WARNING] [src.ui.utils.tilemap_renderer]: Textura para tile_id 32 na célula (19, 9) não encontrada.
[2026-09-05 20:56:55,372] [WARNING] [src.domain.loaders.tileset_manager]: tile_id 32 fora dos limites para tileset 'estrada_vale' (total de tiles: 0).
[2026-09-05 20:56:55,374] [WARNING] [src.ui.utils.tilemap_renderer]: Textura para tile_id 32 na célula (20, 9) não encontrada.
[2026-09-05 20:56:55,374] [WARNING] [src.domain.loaders.tileset_manager]: tile_id 20 fora dos limites para tileset 'estrada_vale' (total de tiles: 0).
[2026-09-05 20:56:55,374] [WARNING] [src.ui.utils.tilemap_renderer]: Textura para tile_id 20 na célula (0, 10) não encontrada.
[2026-09-05 20:56:55,374] [WARNING] [src.domain.loaders.tileset_manager]: tile_id 21 fora dos limites para tileset 'estrada_vale' (total de tiles: 0).
[2026-09-05 20:56:55,375] [WARNING] [src.ui.utils.tilemap_renderer]: Textura para tile_id 21 na célula (1, 10) não encontrada.
[2026-09-05 20:56:55,375] [WARNING] [src.domain.loaders.tileset_manager]: tile_id 13 fora dos limites para tileset 'estrada_vale' (total de tiles: 0).
[2026-09-05 20:56:55,375] [WARNING] [src.ui.utils.tilemap_renderer]: Textura para tile_id 13 na célula (2, 10) não encontrada.
[2026-09-05 20:56:55,376] [WARNING] [src.domain.loaders.tileset_manager]: tile_id 13 fora dos limites para tileset 'estrada_vale' (total de tiles: 0).
[2026-09-05 20:56:55,376] [WARNING] [src.ui.utils.tilemap_renderer]: Textura para tile_id 13 na célula (3, 10) não encontrada.
[2026-09-05 20:56:55,376] [WARNING] [src.domain.loaders.tileset_manager]: tile_id 13 fora dos limites para tileset 'estrada_vale' (total de tiles: 0).
[2026-09-05 20:56:55,377] [WARNING] [src.ui.utils.tilemap_renderer]: Textura para tile_id 13 na célula (4, 10) não encontrada.
[2026-09-05 20:56:55,377] [WARNING] [src.domain.loaders.tileset_manager]: tile_id 13 fora dos limites para tileset 'estrada_vale' (total de tiles: 0).
[2026-09-05 20:56:55,377] [WARNING] [src.ui.utils.tilemap_renderer]: Textura para tile_id 13 na célula (5, 10) não encontrada.
[2026-09-05 20:56:55,377] [WARNING] [src.domain.loaders.tileset_manager]: tile_id 13 fora dos limites para tileset 'estrada_vale' (total de tiles: 0).
[2026-09-05 20:56:55,378] [WARNING] [src.ui.utils.tilemap_renderer]: Textura para tile_id 13 na célula (6, 10) não encontrada.
[2026-09-05 20:56:55,378] [WARNING] [src.domain.loaders.tileset_manager]: tile_id 13 fora dos limites para tileset 'estrada_vale' (total de tiles: 0).
[2026-09-05 20:56:55,378] [WARNING] [src.ui.utils.tilemap_renderer]: Textura para tile_id 13 na célula (7, 10) não encontrada.
[2026-09-05 20:56:55,379] [WARNING] [src.domain.loaders.tileset_manager]: tile_id 13 fora dos limites para tileset 'estrada_vale' (total de tiles: 0).
[2026-09-05 20:56:55,379] [WARNING] [src.ui.utils.tilemap_renderer]: Textura para tile_id 13 na célula (8, 10) não encontrada.
[2026-09-05 20:56:55,379] [WARNING] [src.domain.loaders.tileset_manager]: tile_id 13 fora dos limites para tileset 'estrada_vale' (total de tiles: 0).
[2026-09-05 20:56:55,380] [WARNING] [src.ui.utils.tilemap_renderer]: Textura para tile_id 13 na célula (9, 10) não encontrada.
[2026-09-05 20:56:55,380] [WARNING] [src.domain.loaders.tileset_manager]: tile_id 13 fora dos limites para tileset 'estrada_vale' (total de tiles: 0).
[2026-09-05 20:56:55,380] [WARNING] [src.ui.utils.tilemap_renderer]: Textura para tile_id 13 na célula (10, 10) não encontrada.
[2026-09-05 20:56:55,381] [WARNING] [src.domain.loaders.tileset_manager]: tile_id 13 fora dos limites para tileset 'estrada_vale' (total de tiles: 0).
[2026-09-05 20:56:55,381] [WARNING] [src.ui.utils.tilemap_renderer]: Textura para tile_id 13 na célula (11, 10) não encontrada.
[2026-09-05 20:56:55,381] [WARNING] [src.domain.loaders.tileset_manager]: tile_id 13 fora dos limites para tileset 'estrada_vale' (total de tiles: 0).
[2026-09-05 20:56:55,382] [WARNING] [src.ui.utils.tilemap_renderer]: Textura para tile_id 13 na célula (12, 10) não encontrada.
[2026-09-05 20:56:55,382] [WARNING] [src.domain.loaders.tileset_manager]: tile_id 13 fora dos limites para tileset 'estrada_vale' (total de tiles: 0).
[2026-09-05 20:56:55,382] [WARNING] [src.ui.utils.tilemap_renderer]: Textura para tile_id 13 na célula (13, 10) não encontrada.
[2026-09-05 20:56:55,382] [WARNING] [src.domain.loaders.tileset_manager]: tile_id 13 fora dos limites para tileset 'estrada_vale' (total de tiles: 0).
[2026-09-05 20:56:55,382] [WARNING] [src.ui.utils.tilemap_renderer]: Textura para tile_id 13 na célula (14, 10) não encontrada.
[2026-09-05 20:56:55,384] [WARNING] [src.domain.loaders.tileset_manager]: tile_id 13 fora dos limites para tileset 'estrada_vale' (total de tiles: 0).
[2026-09-05 20:56:55,384] [WARNING] [src.ui.utils.tilemap_renderer]: Textura para tile_id 13 na célula (15, 10) não encontrada.
[2026-09-05 20:56:55,384] [WARNING] [src.domain.loaders.tileset_manager]: tile_id 13 fora dos limites para tileset 'estrada_vale' (total de tiles: 0).
[2026-09-05 20:56:55,385] [WARNING] [src.ui.utils.tilemap_renderer]: Textura para tile_id 13 na célula (16, 10) não encontrada.
[2026-09-05 20:56:55,385] [WARNING] [src.domain.loaders.tileset_manager]: tile_id 13 fora dos limites para tileset 'estrada_vale' (total de tiles: 0).
[2026-09-05 20:56:55,385] [WARNING] [src.ui.utils.tilemap_renderer]: Textura para tile_id 13 na célula (17, 10) não encontrada.
[2026-09-05 20:56:55,386] [WARNING] [src.domain.loaders.tileset_manager]: tile_id 26 fora dos limites para tileset 'estrada_vale' (total de tiles: 0).
[2026-09-05 20:56:55,386] [WARNING] [src.ui.utils.tilemap_renderer]: Textura para tile_id 26 na célula (18, 10) não encontrada.
[2026-09-05 20:56:55,386] [WARNING] [src.domain.loaders.tileset_manager]: tile_id 20 fora dos limites para tileset 'estrada_vale' (total de tiles: 0).
[2026-09-05 20:56:55,387] [WARNING] [src.ui.utils.tilemap_renderer]: Textura para tile_id 20 na célula (19, 10) não encontrada.
[2026-09-05 20:56:55,387] [WARNING] [src.domain.loaders.tileset_manager]: tile_id 20 fora dos limites para tileset 'estrada_vale' (total de tiles: 0).
[2026-09-05 20:56:55,387] [WARNING] [src.ui.utils.tilemap_renderer]: Textura para tile_id 20 na célula (20, 10) não encontrada.
[2026-09-05 20:56:55,387] [WARNING] [src.domain.loaders.tileset_manager]: tile_id 13 fora dos limites para tileset 'estrada_vale' (total de tiles: 0).
[2026-09-05 20:56:55,387] [WARNING] [src.ui.utils.tilemap_renderer]: Textura para tile_id 13 na célula (0, 11) não encontrada.
[2026-09-05 20:56:55,388] [WARNING] [src.domain.loaders.tileset_manager]: tile_id 13 fora dos limites para tileset 'estrada_vale' (total de tiles: 0).
[2026-09-05 20:56:55,388] [WARNING] [src.ui.utils.tilemap_renderer]: Textura para tile_id 13 na célula (1, 11) não encontrada.
[2026-09-05 20:56:55,388] [WARNING] [src.domain.loaders.tileset_manager]: tile_id 13 fora dos limites para tileset 'estrada_vale' (total de tiles: 0).
[2026-09-05 20:56:55,388] [WARNING] [src.ui.utils.tilemap_renderer]: Textura para tile_id 13 na célula (2, 11) não encontrada.
[2026-09-05 20:56:55,389] [WARNING] [src.domain.loaders.tileset_manager]: tile_id 13 fora dos limites para tileset 'estrada_vale' (total de tiles: 0).
[2026-09-05 20:56:55,389] [WARNING] [src.ui.utils.tilemap_renderer]: Textura para tile_id 13 na célula (3, 11) não encontrada.
[2026-09-05 20:56:55,390] [WARNING] [src.domain.loaders.tileset_manager]: tile_id 13 fora dos limites para tileset 'estrada_vale' (total de tiles: 0).
[2026-09-05 20:56:55,390] [WARNING] [src.ui.utils.tilemap_renderer]: Textura para tile_id 13 na célula (4, 11) não encontrada.
[2026-09-05 20:56:55,391] [WARNING] [src.domain.loaders.tileset_manager]: tile_id 13 fora dos limites para tileset 'estrada_vale' (total de tiles: 0).
[2026-09-05 20:56:55,391] [WARNING] [src.ui.utils.tilemap_renderer]: Textura para tile_id 13 na célula (5, 11) não encontrada.
[2026-09-05 20:56:55,392] [WARNING] [src.domain.loaders.tileset_manager]: tile_id 13 fora dos limites para tileset 'estrada_vale' (total de tiles: 0).
[2026-09-05 20:56:55,392] [WARNING] [src.ui.utils.tilemap_renderer]: Textura para tile_id 13 na célula (6, 11) não encontrada.
[2026-09-05 20:56:55,392] [WARNING] [src.domain.loaders.tileset_manager]: tile_id 13 fora dos limites para tileset 'estrada_vale' (total de tiles: 0).
[2026-09-05 20:56:55,392] [WARNING] [src.ui.utils.tilemap_renderer]: Textura para tile_id 13 na célula (7, 11) não encontrada.
[2026-09-05 20:56:55,393] [WARNING] [src.domain.loaders.tileset_manager]: tile_id 13 fora dos limites para tileset 'estrada_vale' (total de tiles: 0).
[2026-09-05 20:56:55,393] [WARNING] [src.ui.utils.tilemap_renderer]: Textura para tile_id 13 na célula (8, 11) não encontrada.
[2026-09-05 20:56:55,393] [WARNING] [src.domain.loaders.tileset_manager]: tile_id 13 fora dos limites para tileset 'estrada_vale' (total de tiles: 0).
[2026-09-05 20:56:55,394] [WARNING] [src.ui.utils.tilemap_renderer]: Textura para tile_id 13 na célula (9, 11) não encontrada.
[2026-09-05 20:56:55,394] [WARNING] [src.domain.loaders.tileset_manager]: tile_id 13 fora dos limites para tileset 'estrada_vale' (total de tiles: 0).
[2026-09-05 20:56:55,394] [WARNING] [src.ui.utils.tilemap_renderer]: Textura para tile_id 13 na célula (10, 11) não encontrada.
[2026-09-05 20:56:55,394] [WARNING] [src.domain.loaders.tileset_manager]: tile_id 13 fora dos limites para tileset 'estrada_vale' (total de tiles: 0).
[2026-09-05 20:56:55,394] [WARNING] [src.ui.utils.tilemap_renderer]: Textura para tile_id 13 na célula (11, 11) não encontrada.
[2026-09-05 20:56:55,395] [WARNING] [src.domain.loaders.tileset_manager]: tile_id 13 fora dos limites para tileset 'estrada_vale' (total de tiles: 0).
[2026-09-05 20:56:55,395] [WARNING] [src.ui.utils.tilemap_renderer]: Textura para tile_id 13 na célula (12, 11) não encontrada.
[2026-09-05 20:56:55,395] [WARNING] [src.domain.loaders.tileset_manager]: tile_id 13 fora dos limites para tileset 'estrada_vale' (total de tiles: 0).
[2026-09-05 20:56:55,396] [WARNING] [src.ui.utils.tilemap_renderer]: Textura para tile_id 13 na célula (13, 11) não encontrada.
[2026-09-05 20:56:55,396] [WARNING] [src.domain.loaders.tileset_manager]: tile_id 13 fora dos limites para tileset 'estrada_vale' (total de tiles: 0).
[2026-09-05 20:56:55,396] [WARNING] [src.ui.utils.tilemap_renderer]: Textura para tile_id 13 na célula (14, 11) não encontrada.
[2026-09-05 20:56:55,397] [WARNING] [src.domain.loaders.tileset_manager]: tile_id 13 fora dos limites para tileset 'estrada_vale' (total de tiles: 0).
[2026-09-05 20:56:55,397] [WARNING] [src.ui.utils.tilemap_renderer]: Textura para tile_id 13 na célula (15, 11) não encontrada.
[2026-09-05 20:56:55,397] [WARNING] [src.domain.loaders.tileset_manager]: tile_id 13 fora dos limites para tileset 'estrada_vale' (total de tiles: 0).
[2026-09-05 20:56:55,398] [WARNING] [src.ui.utils.tilemap_renderer]: Textura para tile_id 13 na célula (16, 11) não encontrada.
[2026-09-05 20:56:55,398] [WARNING] [src.domain.loaders.tileset_manager]: tile_id 13 fora dos limites para tileset 'estrada_vale' (total de tiles: 0).
[2026-09-05 20:56:55,398] [WARNING] [src.ui.utils.tilemap_renderer]: Textura para tile_id 13 na célula (17, 11) não encontrada.
[2026-09-05 20:56:55,398] [WARNING] [src.domain.loaders.tileset_manager]: tile_id 13 fora dos limites para tileset 'estrada_vale' (total de tiles: 0).
[2026-09-05 20:56:55,399] [WARNING] [src.ui.utils.tilemap_renderer]: Textura para tile_id 13 na célula (18, 11) não encontrada.
[2026-09-05 20:56:55,399] [WARNING] [src.domain.loaders.tileset_manager]: tile_id 13 fora dos limites para tileset 'estrada_vale' (total de tiles: 0).
[2026-09-05 20:56:55,399] [WARNING] [src.ui.utils.tilemap_renderer]: Textura para tile_id 13 na célula (19, 11) não encontrada.
[2026-09-05 20:56:55,400] [WARNING] [src.domain.loaders.tileset_manager]: tile_id 13 fora dos limites para tileset 'estrada_vale' (total de tiles: 0).
[2026-09-05 20:56:55,400] [WARNING] [src.ui.utils.tilemap_renderer]: Textura para tile_id 13 na célula (20, 11) não encontrada.
[2026-09-05 20:56:55,413] [INFO] [src.ui.utils.tilemap_renderer]: TileMapRenderer montado: 0 ground sprites e 15 prop sprites para mapa 'estrada_vale' (21x12).
[2026-09-05 20:56:55,439] [WARNING] [src.domain.loaders.tileset_manager]: tile_id 16 fora dos limites para tileset 'estrada_vale' (total de tiles: 0).
[2026-09-05 20:56:55,439] [WARNING] [src.ui.utils.tilemap_renderer]: Textura para tile_id 16 na célula (0, 0) não encontrada.
[2026-09-05 20:56:55,440] [WARNING] [src.domain.loaders.tileset_manager]: tile_id 16 fora dos limites para tileset 'estrada_vale' (total de tiles: 0).
[2026-09-05 20:56:55,440] [WARNING] [src.ui.utils.tilemap_renderer]: Textura para tile_id 16 na célula (1, 0) não encontrada.
[2026-09-05 20:56:55,440] [WARNING] [src.domain.loaders.tileset_manager]: tile_id 16 fora dos limites para tileset 'estrada_vale' (total de tiles: 0).
[2026-09-05 20:56:55,441] [WARNING] [src.ui.utils.tilemap_renderer]: Textura para tile_id 16 na célula (2, 0) não encontrada.
[2026-09-05 20:56:55,441] [WARNING] [src.domain.loaders.tileset_manager]: tile_id 16 fora dos limites para tileset 'estrada_vale' (total de tiles: 0).
[2026-09-05 20:56:55,441] [WARNING] [src.ui.utils.tilemap_renderer]: Textura para tile_id 16 na célula (3, 0) não encontrada.
[2026-09-05 20:56:55,442] [WARNING] [src.domain.loaders.tileset_manager]: tile_id 16 fora dos limites para tileset 'estrada_vale' (total de tiles: 0).
[2026-09-05 20:56:55,442] [WARNING] [src.ui.utils.tilemap_renderer]: Textura para tile_id 16 na célula (4, 0) não encontrada.
[2026-09-05 20:56:55,442] [WARNING] [src.domain.loaders.tileset_manager]: tile_id 16 fora dos limites para tileset 'estrada_vale' (total de tiles: 0).
[2026-09-05 20:56:55,443] [WARNING] [src.ui.utils.tilemap_renderer]: Textura para tile_id 16 na célula (5, 0) não encontrada.
[2026-09-05 20:56:55,444] [WARNING] [src.domain.loaders.tileset_manager]: tile_id 16 fora dos limites para tileset 'estrada_vale' (total de tiles: 0).
[2026-09-05 20:56:55,444] [WARNING] [src.ui.utils.tilemap_renderer]: Textura para tile_id 16 na célula (6, 0) não encontrada.
[2026-09-05 20:56:55,444] [WARNING] [src.domain.loaders.tileset_manager]: tile_id 16 fora dos limites para tileset 'estrada_vale' (total de tiles: 0).
[2026-09-05 20:56:55,445] [WARNING] [src.ui.utils.tilemap_renderer]: Textura para tile_id 16 na célula (7, 0) não encontrada.
[2026-09-05 20:56:55,445] [WARNING] [src.domain.loaders.tileset_manager]: tile_id 16 fora dos limites para tileset 'estrada_vale' (total de tiles: 0).
[2026-09-05 20:56:55,445] [WARNING] [src.ui.utils.tilemap_renderer]: Textura para tile_id 16 na célula (8, 0) não encontrada.
[2026-09-05 20:56:55,445] [WARNING] [src.domain.loaders.tileset_manager]: tile_id 16 fora dos limites para tileset 'estrada_vale' (total de tiles: 0).
[2026-09-05 20:56:55,446] [WARNING] [src.ui.utils.tilemap_renderer]: Textura para tile_id 16 na célula (9, 0) não encontrada.
[2026-09-05 20:56:55,446] [WARNING] [src.domain.loaders.tileset_manager]: tile_id 16 fora dos limites para tileset 'estrada_vale' (total de tiles: 0).
[2026-09-05 20:56:55,446] [WARNING] [src.ui.utils.tilemap_renderer]: Textura para tile_id 16 na célula (10, 0) não encontrada.
[2026-09-05 20:56:55,447] [WARNING] [src.domain.loaders.tileset_manager]: tile_id 16 fora dos limites para tileset 'estrada_vale' (total de tiles: 0).
[2026-09-05 20:56:55,447] [WARNING] [src.ui.utils.tilemap_renderer]: Textura para tile_id 16 na célula (11, 0) não encontrada.
[2026-09-05 20:56:55,447] [WARNING] [src.domain.loaders.tileset_manager]: tile_id 16 fora dos limites para tileset 'estrada_vale' (total de tiles: 0).
[2026-09-05 20:56:55,448] [WARNING] [src.ui.utils.tilemap_renderer]: Textura para tile_id 16 na célula (12, 0) não encontrada.
[2026-09-05 20:56:55,448] [WARNING] [src.domain.loaders.tileset_manager]: tile_id 16 fora dos limites para tileset 'estrada_vale' (total de tiles: 0).
[2026-09-05 20:56:55,448] [WARNING] [src.ui.utils.tilemap_renderer]: Textura para tile_id 16 na célula (13, 0) não encontrada.
[2026-09-05 20:56:55,448] [WARNING] [src.domain.loaders.tileset_manager]: tile_id 16 fora dos limites para tileset 'estrada_vale' (total de tiles: 0).
[2026-09-05 20:56:55,449] [WARNING] [src.ui.utils.tilemap_renderer]: Textura para tile_id 16 na célula (14, 0) não encontrada.
[2026-09-05 20:56:55,449] [WARNING] [src.domain.loaders.tileset_manager]: tile_id 16 fora dos limites para tileset 'estrada_vale' (total de tiles: 0).
[2026-09-05 20:56:55,449] [WARNING] [src.ui.utils.tilemap_renderer]: Textura para tile_id 16 na célula (15, 0) não encontrada.
[2026-09-05 20:56:55,450] [WARNING] [src.domain.loaders.tileset_manager]: tile_id 16 fora dos limites para tileset 'estrada_vale' (total de tiles: 0).
[2026-09-05 20:56:55,450] [WARNING] [src.ui.utils.tilemap_renderer]: Textura para tile_id 16 na célula (16, 0) não encontrada.
[2026-09-05 20:56:55,450] [WARNING] [src.domain.loaders.tileset_manager]: tile_id 16 fora dos limites para tileset 'estrada_vale' (total de tiles: 0).
[2026-09-05 20:56:55,450] [WARNING] [src.ui.utils.tilemap_renderer]: Textura para tile_id 16 na célula (17, 0) não encontrada.
[2026-09-05 20:56:55,451] [WARNING] [src.domain.loaders.tileset_manager]: tile_id 16 fora dos limites para tileset 'estrada_vale' (total de tiles: 0).
[2026-09-05 20:56:55,451] [WARNING] [src.ui.utils.tilemap_renderer]: Textura para tile_id 16 na célula (18, 0) não encontrada.
[2026-09-05 20:56:55,451] [WARNING] [src.domain.loaders.tileset_manager]: tile_id 16 fora dos limites para tileset 'estrada_vale' (total de tiles: 0).
[2026-09-05 20:56:55,451] [WARNING] [src.ui.utils.tilemap_renderer]: Textura para tile_id 16 na célula (19, 0) não encontrada.
[2026-09-05 20:56:55,452] [WARNING] [src.domain.loaders.tileset_manager]: tile_id 16 fora dos limites para tileset 'estrada_vale' (total de tiles: 0).
[2026-09-05 20:56:55,452] [WARNING] [src.ui.utils.tilemap_renderer]: Textura para tile_id 16 na célula (20, 0) não encontrada.
[2026-09-05 20:56:55,452] [WARNING] [src.domain.loaders.tileset_manager]: tile_id 1 fora dos limites para tileset 'estrada_vale' (total de tiles: 0).
[2026-09-05 20:56:55,453] [WARNING] [src.ui.utils.tilemap_renderer]: Textura para tile_id 1 na célula (0, 1) não encontrada.
[2026-09-05 20:56:55,453] [WARNING] [src.domain.loaders.tileset_manager]: tile_id 1 fora dos limites para tileset 'estrada_vale' (total de tiles: 0).
[2026-09-05 20:56:55,454] [WARNING] [src.ui.utils.tilemap_renderer]: Textura para tile_id 1 na célula (1, 1) não encontrada.
[2026-09-05 20:56:55,454] [WARNING] [src.domain.loaders.tileset_manager]: tile_id 1 fora dos limites para tileset 'estrada_vale' (total de tiles: 0).
[2026-09-05 20:56:55,454] [WARNING] [src.ui.utils.tilemap_renderer]: Textura para tile_id 1 na célula (2, 1) não encontrada.
[2026-09-05 20:56:55,455] [WARNING] [src.domain.loaders.tileset_manager]: tile_id 1 fora dos limites para tileset 'estrada_vale' (total de tiles: 0).
[2026-09-05 20:56:55,455] [WARNING] [src.ui.utils.tilemap_renderer]: Textura para tile_id 1 na célula (3, 1) não encontrada.
[2026-09-05 20:56:55,455] [WARNING] [src.domain.loaders.tileset_manager]: tile_id 1 fora dos limites para tileset 'estrada_vale' (total de tiles: 0).
[2026-09-05 20:56:55,455] [WARNING] [src.ui.utils.tilemap_renderer]: Textura para tile_id 1 na célula (4, 1) não encontrada.
[2026-09-05 20:56:55,456] [WARNING] [src.domain.loaders.tileset_manager]: tile_id 1 fora dos limites para tileset 'estrada_vale' (total de tiles: 0).
[2026-09-05 20:56:55,456] [WARNING] [src.ui.utils.tilemap_renderer]: Textura para tile_id 1 na célula (5, 1) não encontrada.
[2026-09-05 20:56:55,456] [WARNING] [src.domain.loaders.tileset_manager]: tile_id 1 fora dos limites para tileset 'estrada_vale' (total de tiles: 0).
[2026-09-05 20:56:55,456] [WARNING] [src.ui.utils.tilemap_renderer]: Textura para tile_id 1 na célula (6, 1) não encontrada.
[2026-09-05 20:56:55,457] [WARNING] [src.domain.loaders.tileset_manager]: tile_id 1 fora dos limites para tileset 'estrada_vale' (total de tiles: 0).
[2026-09-05 20:56:55,457] [WARNING] [src.ui.utils.tilemap_renderer]: Textura para tile_id 1 na célula (7, 1) não encontrada.
[2026-09-05 20:56:55,457] [WARNING] [src.domain.loaders.tileset_manager]: tile_id 1 fora dos limites para tileset 'estrada_vale' (total de tiles: 0).
[2026-09-05 20:56:55,458] [WARNING] [src.ui.utils.tilemap_renderer]: Textura para tile_id 1 na célula (8, 1) não encontrada.
[2026-09-05 20:56:55,458] [WARNING] [src.domain.loaders.tileset_manager]: tile_id 1 fora dos limites para tileset 'estrada_vale' (total de tiles: 0).
[2026-09-05 20:56:55,458] [WARNING] [src.ui.utils.tilemap_renderer]: Textura para tile_id 1 na célula (9, 1) não encontrada.
[2026-09-05 20:56:55,459] [WARNING] [src.domain.loaders.tileset_manager]: tile_id 1 fora dos limites para tileset 'estrada_vale' (total de tiles: 0).
[2026-09-05 20:56:55,459] [WARNING] [src.ui.utils.tilemap_renderer]: Textura para tile_id 1 na célula (10, 1) não encontrada.
[2026-09-05 20:56:55,459] [WARNING] [src.domain.loaders.tileset_manager]: tile_id 1 fora dos limites para tileset 'estrada_vale' (total de tiles: 0).
[2026-09-05 20:56:55,460] [WARNING] [src.ui.utils.tilemap_renderer]: Textura para tile_id 1 na célula (11, 1) não encontrada.
[2026-09-05 20:56:55,460] [WARNING] [src.domain.loaders.tileset_manager]: tile_id 1 fora dos limites para tileset 'estrada_vale' (total de tiles: 0).
[2026-09-05 20:56:55,460] [WARNING] [src.ui.utils.tilemap_renderer]: Textura para tile_id 1 na célula (12, 1) não encontrada.
[2026-09-05 20:56:55,461] [WARNING] [src.domain.loaders.tileset_manager]: tile_id 1 fora dos limites para tileset 'estrada_vale' (total de tiles: 0).
[2026-09-05 20:56:55,461] [WARNING] [src.ui.utils.tilemap_renderer]: Textura para tile_id 1 na célula (13, 1) não encontrada.
[2026-09-05 20:56:55,461] [WARNING] [src.domain.loaders.tileset_manager]: tile_id 1 fora dos limites para tileset 'estrada_vale' (total de tiles: 0).
[2026-09-05 20:56:55,462] [WARNING] [src.ui.utils.tilemap_renderer]: Textura para tile_id 1 na célula (14, 1) não encontrada.
[2026-09-05 20:56:55,462] [WARNING] [src.domain.loaders.tileset_manager]: tile_id 1 fora dos limites para tileset 'estrada_vale' (total de tiles: 0).
[2026-09-05 20:56:55,462] [WARNING] [src.ui.utils.tilemap_renderer]: Textura para tile_id 1 na célula (15, 1) não encontrada.
[2026-09-05 20:56:55,462] [WARNING] [src.domain.loaders.tileset_manager]: tile_id 1 fora dos limites para tileset 'estrada_vale' (total de tiles: 0).
[2026-09-05 20:56:55,463] [WARNING] [src.ui.utils.tilemap_renderer]: Textura para tile_id 1 na célula (16, 1) não encontrada.
[2026-09-05 20:56:55,464] [WARNING] [src.domain.loaders.tileset_manager]: tile_id 1 fora dos limites para tileset 'estrada_vale' (total de tiles: 0).
[2026-09-05 20:56:55,464] [WARNING] [src.ui.utils.tilemap_renderer]: Textura para tile_id 1 na célula (17, 1) não encontrada.
[2026-09-05 20:56:55,464] [WARNING] [src.domain.loaders.tileset_manager]: tile_id 1 fora dos limites para tileset 'estrada_vale' (total de tiles: 0).
[2026-09-05 20:56:55,465] [WARNING] [src.ui.utils.tilemap_renderer]: Textura para tile_id 1 na célula (18, 1) não encontrada.
[2026-09-05 20:56:55,465] [WARNING] [src.domain.loaders.tileset_manager]: tile_id 1 fora dos limites para tileset 'estrada_vale' (total de tiles: 0).
[2026-09-05 20:56:55,465] [WARNING] [src.ui.utils.tilemap_renderer]: Textura para tile_id 1 na célula (19, 1) não encontrada.
[2026-09-05 20:56:55,465] [WARNING] [src.domain.loaders.tileset_manager]: tile_id 1 fora dos limites para tileset 'estrada_vale' (total de tiles: 0).
[2026-09-05 20:56:55,466] [WARNING] [src.ui.utils.tilemap_renderer]: Textura para tile_id 1 na célula (20, 1) não encontrada.
[2026-09-05 20:56:55,466] [WARNING] [src.domain.loaders.tileset_manager]: tile_id 5 fora dos limites para tileset 'estrada_vale' (total de tiles: 0).
[2026-09-05 20:56:55,466] [WARNING] [src.ui.utils.tilemap_renderer]: Textura para tile_id 5 na célula (0, 2) não encontrada.
[2026-09-05 20:56:55,467] [WARNING] [src.domain.loaders.tileset_manager]: tile_id 5 fora dos limites para tileset 'estrada_vale' (total de tiles: 0).
[2026-09-05 20:56:55,467] [WARNING] [src.ui.utils.tilemap_renderer]: Textura para tile_id 5 na célula (1, 2) não encontrada.
[2026-09-05 20:56:55,467] [WARNING] [src.domain.loaders.tileset_manager]: tile_id 5 fora dos limites para tileset 'estrada_vale' (total de tiles: 0).
[2026-09-05 20:56:55,468] [WARNING] [src.ui.utils.tilemap_renderer]: Textura para tile_id 5 na célula (2, 2) não encontrada.
[2026-09-05 20:56:55,468] [WARNING] [src.domain.loaders.tileset_manager]: tile_id 5 fora dos limites para tileset 'estrada_vale' (total de tiles: 0).
[2026-09-05 20:56:55,468] [WARNING] [src.ui.utils.tilemap_renderer]: Textura para tile_id 5 na célula (3, 2) não encontrada.
[2026-09-05 20:56:55,468] [WARNING] [src.domain.loaders.tileset_manager]: tile_id 5 fora dos limites para tileset 'estrada_vale' (total de tiles: 0).
[2026-09-05 20:56:55,468] [WARNING] [src.ui.utils.tilemap_renderer]: Textura para tile_id 5 na célula (4, 2) não encontrada.
[2026-09-05 20:56:55,469] [WARNING] [src.domain.loaders.tileset_manager]: tile_id 5 fora dos limites para tileset 'estrada_vale' (total de tiles: 0).
[2026-09-05 20:56:55,469] [WARNING] [src.ui.utils.tilemap_renderer]: Textura para tile_id 5 na célula (5, 2) não encontrada.
[2026-09-05 20:56:55,469] [WARNING] [src.domain.loaders.tileset_manager]: tile_id 5 fora dos limites para tileset 'estrada_vale' (total de tiles: 0).
[2026-09-05 20:56:55,470] [WARNING] [src.ui.utils.tilemap_renderer]: Textura para tile_id 5 na célula (6, 2) não encontrada.
[2026-09-05 20:56:55,470] [WARNING] [src.domain.loaders.tileset_manager]: tile_id 5 fora dos limites para tileset 'estrada_vale' (total de tiles: 0).
[2026-09-05 20:56:55,470] [WARNING] [src.ui.utils.tilemap_renderer]: Textura para tile_id 5 na célula (7, 2) não encontrada.
[2026-09-05 20:56:55,470] [WARNING] [src.domain.loaders.tileset_manager]: tile_id 5 fora dos limites para tileset 'estrada_vale' (total de tiles: 0).
[2026-09-05 20:56:55,471] [WARNING] [src.ui.utils.tilemap_renderer]: Textura para tile_id 5 na célula (8, 2) não encontrada.
[2026-09-05 20:56:55,471] [WARNING] [src.domain.loaders.tileset_manager]: tile_id 5 fora dos limites para tileset 'estrada_vale' (total de tiles: 0).
[2026-09-05 20:56:55,471] [WARNING] [src.ui.utils.tilemap_renderer]: Textura para tile_id 5 na célula (9, 2) não encontrada.
[2026-09-05 20:56:55,472] [WARNING] [src.domain.loaders.tileset_manager]: tile_id 5 fora dos limites para tileset 'estrada_vale' (total de tiles: 0).
[2026-09-05 20:56:55,472] [WARNING] [src.ui.utils.tilemap_renderer]: Textura para tile_id 5 na célula (10, 2) não encontrada.
[2026-09-05 20:56:55,473] [WARNING] [src.domain.loaders.tileset_manager]: tile_id 5 fora dos limites para tileset 'estrada_vale' (total de tiles: 0).
[2026-09-05 20:56:55,473] [WARNING] [src.ui.utils.tilemap_renderer]: Textura para tile_id 5 na célula (11, 2) não encontrada.
[2026-09-05 20:56:55,473] [WARNING] [src.domain.loaders.tileset_manager]: tile_id 5 fora dos limites para tileset 'estrada_vale' (total de tiles: 0).
[2026-09-05 20:56:55,473] [WARNING] [src.ui.utils.tilemap_renderer]: Textura para tile_id 5 na célula (12, 2) não encontrada.
[2026-09-05 20:56:55,473] [WARNING] [src.domain.loaders.tileset_manager]: tile_id 5 fora dos limites para tileset 'estrada_vale' (total de tiles: 0).
[2026-09-05 20:56:55,475] [WARNING] [src.ui.utils.tilemap_renderer]: Textura para tile_id 5 na célula (13, 2) não encontrada.
[2026-09-05 20:56:55,475] [WARNING] [src.domain.loaders.tileset_manager]: tile_id 5 fora dos limites para tileset 'estrada_vale' (total de tiles: 0).
[2026-09-05 20:56:55,476] [WARNING] [src.ui.utils.tilemap_renderer]: Textura para tile_id 5 na célula (14, 2) não encontrada.
[2026-09-05 20:56:55,476] [WARNING] [src.domain.loaders.tileset_manager]: tile_id 5 fora dos limites para tileset 'estrada_vale' (total de tiles: 0).
[2026-09-05 20:56:55,476] [WARNING] [src.ui.utils.tilemap_renderer]: Textura para tile_id 5 na célula (15, 2) não encontrada.
[2026-09-05 20:56:55,477] [WARNING] [src.domain.loaders.tileset_manager]: tile_id 5 fora dos limites para tileset 'estrada_vale' (total de tiles: 0).
[2026-09-05 20:56:55,477] [WARNING] [src.ui.utils.tilemap_renderer]: Textura para tile_id 5 na célula (16, 2) não encontrada.
[2026-09-05 20:56:55,477] [WARNING] [src.domain.loaders.tileset_manager]: tile_id 5 fora dos limites para tileset 'estrada_vale' (total de tiles: 0).
[2026-09-05 20:56:55,478] [WARNING] [src.ui.utils.tilemap_renderer]: Textura para tile_id 5 na célula (17, 2) não encontrada.
[2026-09-05 20:56:55,478] [WARNING] [src.domain.loaders.tileset_manager]: tile_id 5 fora dos limites para tileset 'estrada_vale' (total de tiles: 0).
[2026-09-05 20:56:55,478] [WARNING] [src.ui.utils.tilemap_renderer]: Textura para tile_id 5 na célula (18, 2) não encontrada.
[2026-09-05 20:56:55,479] [WARNING] [src.domain.loaders.tileset_manager]: tile_id 5 fora dos limites para tileset 'estrada_vale' (total de tiles: 0).
[2026-09-05 20:56:55,479] [WARNING] [src.ui.utils.tilemap_renderer]: Textura para tile_id 5 na célula (19, 2) não encontrada.
[2026-09-05 20:56:55,479] [WARNING] [src.domain.loaders.tileset_manager]: tile_id 5 fora dos limites para tileset 'estrada_vale' (total de tiles: 0).
[2026-09-05 20:56:55,480] [WARNING] [src.ui.utils.tilemap_renderer]: Textura para tile_id 5 na célula (20, 2) não encontrada.
[2026-09-05 20:56:55,480] [WARNING] [src.domain.loaders.tileset_manager]: tile_id 55 fora dos limites para tileset 'estrada_vale' (total de tiles: 0).
[2026-09-05 20:56:55,480] [WARNING] [src.ui.utils.tilemap_renderer]: Textura para tile_id 55 na célula (0, 3) não encontrada.
[2026-09-05 20:56:55,481] [WARNING] [src.domain.loaders.tileset_manager]: tile_id 55 fora dos limites para tileset 'estrada_vale' (total de tiles: 0).
[2026-09-05 20:56:55,481] [WARNING] [src.ui.utils.tilemap_renderer]: Textura para tile_id 55 na célula (1, 3) não encontrada.
[2026-09-05 20:56:55,481] [WARNING] [src.domain.loaders.tileset_manager]: tile_id 55 fora dos limites para tileset 'estrada_vale' (total de tiles: 0).
[2026-09-05 20:56:55,481] [WARNING] [src.ui.utils.tilemap_renderer]: Textura para tile_id 55 na célula (2, 3) não encontrada.
[2026-09-05 20:56:55,482] [WARNING] [src.domain.loaders.tileset_manager]: tile_id 55 fora dos limites para tileset 'estrada_vale' (total de tiles: 0).
[2026-09-05 20:56:55,482] [WARNING] [src.ui.utils.tilemap_renderer]: Textura para tile_id 55 na célula (3, 3) não encontrada.
[2026-09-05 20:56:55,482] [WARNING] [src.domain.loaders.tileset_manager]: tile_id 55 fora dos limites para tileset 'estrada_vale' (total de tiles: 0).
[2026-09-05 20:56:55,483] [WARNING] [src.ui.utils.tilemap_renderer]: Textura para tile_id 55 na célula (4, 3) não encontrada.
[2026-09-05 20:56:55,483] [WARNING] [src.domain.loaders.tileset_manager]: tile_id 55 fora dos limites para tileset 'estrada_vale' (total de tiles: 0).
[2026-09-05 20:56:55,483] [WARNING] [src.ui.utils.tilemap_renderer]: Textura para tile_id 55 na célula (5, 3) não encontrada.
[2026-09-05 20:56:55,484] [WARNING] [src.domain.loaders.tileset_manager]: tile_id 55 fora dos limites para tileset 'estrada_vale' (total de tiles: 0).
[2026-09-05 20:56:55,484] [WARNING] [src.ui.utils.tilemap_renderer]: Textura para tile_id 55 na célula (6, 3) não encontrada.
[2026-09-05 20:56:55,484] [WARNING] [src.domain.loaders.tileset_manager]: tile_id 55 fora dos limites para tileset 'estrada_vale' (total de tiles: 0).
[2026-09-05 20:56:55,484] [WARNING] [src.ui.utils.tilemap_renderer]: Textura para tile_id 55 na célula (7, 3) não encontrada.
[2026-09-05 20:56:55,484] [WARNING] [src.domain.loaders.tileset_manager]: tile_id 55 fora dos limites para tileset 'estrada_vale' (total de tiles: 0).
[2026-09-05 20:56:55,485] [WARNING] [src.ui.utils.tilemap_renderer]: Textura para tile_id 55 na célula (8, 3) não encontrada.
[2026-09-05 20:56:55,485] [WARNING] [src.domain.loaders.tileset_manager]: tile_id 55 fora dos limites para tileset 'estrada_vale' (total de tiles: 0).
[2026-09-05 20:56:55,485] [WARNING] [src.ui.utils.tilemap_renderer]: Textura para tile_id 55 na célula (9, 3) não encontrada.
[2026-09-05 20:56:55,485] [WARNING] [src.domain.loaders.tileset_manager]: tile_id 55 fora dos limites para tileset 'estrada_vale' (total de tiles: 0).
[2026-09-05 20:56:55,486] [WARNING] [src.ui.utils.tilemap_renderer]: Textura para tile_id 55 na célula (10, 3) não encontrada.
[2026-09-05 20:56:55,486] [WARNING] [src.domain.loaders.tileset_manager]: tile_id 55 fora dos limites para tileset 'estrada_vale' (total de tiles: 0).
[2026-09-05 20:56:55,486] [WARNING] [src.ui.utils.tilemap_renderer]: Textura para tile_id 55 na célula (11, 3) não encontrada.
[2026-09-05 20:56:55,487] [WARNING] [src.domain.loaders.tileset_manager]: tile_id 55 fora dos limites para tileset 'estrada_vale' (total de tiles: 0).
[2026-09-05 20:56:55,487] [WARNING] [src.ui.utils.tilemap_renderer]: Textura para tile_id 55 na célula (12, 3) não encontrada.
[2026-09-05 20:56:55,487] [WARNING] [src.domain.loaders.tileset_manager]: tile_id 55 fora dos limites para tileset 'estrada_vale' (total de tiles: 0).
[2026-09-05 20:56:55,487] [WARNING] [src.ui.utils.tilemap_renderer]: Textura para tile_id 55 na célula (13, 3) não encontrada.
[2026-09-05 20:56:55,487] [WARNING] [src.domain.loaders.tileset_manager]: tile_id 55 fora dos limites para tileset 'estrada_vale' (total de tiles: 0).
[2026-09-05 20:56:55,489] [WARNING] [src.ui.utils.tilemap_renderer]: Textura para tile_id 55 na célula (14, 3) não encontrada.
[2026-09-05 20:56:55,489] [WARNING] [src.domain.loaders.tileset_manager]: tile_id 55 fora dos limites para tileset 'estrada_vale' (total de tiles: 0).
[2026-09-05 20:56:55,489] [WARNING] [src.ui.utils.tilemap_renderer]: Textura para tile_id 55 na célula (15, 3) não encontrada.
[2026-09-05 20:56:55,490] [WARNING] [src.domain.loaders.tileset_manager]: tile_id 55 fora dos limites para tileset 'estrada_vale' (total de tiles: 0).
[2026-09-05 20:56:55,490] [WARNING] [src.ui.utils.tilemap_renderer]: Textura para tile_id 55 na célula (16, 3) não encontrada.
[2026-09-05 20:56:55,490] [WARNING] [src.domain.loaders.tileset_manager]: tile_id 55 fora dos limites para tileset 'estrada_vale' (total de tiles: 0).
[2026-09-05 20:56:55,491] [WARNING] [src.ui.utils.tilemap_renderer]: Textura para tile_id 55 na célula (17, 3) não encontrada.
[2026-09-05 20:56:55,491] [WARNING] [src.domain.loaders.tileset_manager]: tile_id 55 fora dos limites para tileset 'estrada_vale' (total de tiles: 0).
[2026-09-05 20:56:55,491] [WARNING] [src.ui.utils.tilemap_renderer]: Textura para tile_id 55 na célula (18, 3) não encontrada.
[2026-09-05 20:56:55,492] [WARNING] [src.domain.loaders.tileset_manager]: tile_id 55 fora dos limites para tileset 'estrada_vale' (total de tiles: 0).
[2026-09-05 20:56:55,492] [WARNING] [src.ui.utils.tilemap_renderer]: Textura para tile_id 55 na célula (19, 3) não encontrada.
[2026-09-05 20:56:55,492] [WARNING] [src.domain.loaders.tileset_manager]: tile_id 55 fora dos limites para tileset 'estrada_vale' (total de tiles: 0).
[2026-09-05 20:56:55,493] [WARNING] [src.ui.utils.tilemap_renderer]: Textura para tile_id 55 na célula (20, 3) não encontrada.
[2026-09-05 20:56:55,493] [WARNING] [src.domain.loaders.tileset_manager]: tile_id 58 fora dos limites para tileset 'estrada_vale' (total de tiles: 0).
[2026-09-05 20:56:55,493] [WARNING] [src.ui.utils.tilemap_renderer]: Textura para tile_id 58 na célula (0, 4) não encontrada.
[2026-09-05 20:56:55,494] [WARNING] [src.domain.loaders.tileset_manager]: tile_id 58 fora dos limites para tileset 'estrada_vale' (total de tiles: 0).
[2026-09-05 20:56:55,494] [WARNING] [src.ui.utils.tilemap_renderer]: Textura para tile_id 58 na célula (1, 4) não encontrada.
[2026-09-05 20:56:55,494] [WARNING] [src.domain.loaders.tileset_manager]: tile_id 59 fora dos limites para tileset 'estrada_vale' (total de tiles: 0).
[2026-09-05 20:56:55,494] [WARNING] [src.ui.utils.tilemap_renderer]: Textura para tile_id 59 na célula (2, 4) não encontrada.
[2026-09-05 20:56:55,494] [WARNING] [src.domain.loaders.tileset_manager]: tile_id 61 fora dos limites para tileset 'estrada_vale' (total de tiles: 0).
[2026-09-05 20:56:55,495] [WARNING] [src.ui.utils.tilemap_renderer]: Textura para tile_id 61 na célula (3, 4) não encontrada.
[2026-09-05 20:56:55,495] [WARNING] [src.domain.loaders.tileset_manager]: tile_id 61 fora dos limites para tileset 'estrada_vale' (total de tiles: 0).
[2026-09-05 20:56:55,495] [WARNING] [src.ui.utils.tilemap_renderer]: Textura para tile_id 61 na célula (4, 4) não encontrada.
[2026-09-05 20:56:55,496] [WARNING] [src.domain.loaders.tileset_manager]: tile_id 61 fora dos limites para tileset 'estrada_vale' (total de tiles: 0).
[2026-09-05 20:56:55,496] [WARNING] [src.ui.utils.tilemap_renderer]: Textura para tile_id 61 na célula (5, 4) não encontrada.
[2026-09-05 20:56:55,496] [WARNING] [src.domain.loaders.tileset_manager]: tile_id 61 fora dos limites para tileset 'estrada_vale' (total de tiles: 0).
[2026-09-05 20:56:55,497] [WARNING] [src.ui.utils.tilemap_renderer]: Textura para tile_id 61 na célula (6, 4) não encontrada.
[2026-09-05 20:56:55,497] [WARNING] [src.domain.loaders.tileset_manager]: tile_id 61 fora dos limites para tileset 'estrada_vale' (total de tiles: 0).
[2026-09-05 20:56:55,497] [WARNING] [src.ui.utils.tilemap_renderer]: Textura para tile_id 61 na célula (7, 4) não encontrada.
[2026-09-05 20:56:55,497] [WARNING] [src.domain.loaders.tileset_manager]: tile_id 61 fora dos limites para tileset 'estrada_vale' (total de tiles: 0).
[2026-09-05 20:56:55,498] [WARNING] [src.ui.utils.tilemap_renderer]: Textura para tile_id 61 na célula (8, 4) não encontrada.
[2026-09-05 20:56:55,498] [WARNING] [src.domain.loaders.tileset_manager]: tile_id 61 fora dos limites para tileset 'estrada_vale' (total de tiles: 0).
[2026-09-05 20:56:55,498] [WARNING] [src.ui.utils.tilemap_renderer]: Textura para tile_id 61 na célula (9, 4) não encontrada.
[2026-09-05 20:56:55,499] [WARNING] [src.domain.loaders.tileset_manager]: tile_id 61 fora dos limites para tileset 'estrada_vale' (total de tiles: 0).
[2026-09-05 20:56:55,499] [WARNING] [src.ui.utils.tilemap_renderer]: Textura para tile_id 61 na célula (10, 4) não encontrada.
[2026-09-05 20:56:55,499] [WARNING] [src.domain.loaders.tileset_manager]: tile_id 61 fora dos limites para tileset 'estrada_vale' (total de tiles: 0).
[2026-09-05 20:56:55,499] [WARNING] [src.ui.utils.tilemap_renderer]: Textura para tile_id 61 na célula (11, 4) não encontrada.
[2026-09-05 20:56:55,499] [WARNING] [src.domain.loaders.tileset_manager]: tile_id 61 fora dos limites para tileset 'estrada_vale' (total de tiles: 0).
[2026-09-05 20:56:55,501] [WARNING] [src.ui.utils.tilemap_renderer]: Textura para tile_id 61 na célula (12, 4) não encontrada.
[2026-09-05 20:56:55,501] [WARNING] [src.domain.loaders.tileset_manager]: tile_id 61 fora dos limites para tileset 'estrada_vale' (total de tiles: 0).
[2026-09-05 20:56:55,501] [WARNING] [src.ui.utils.tilemap_renderer]: Textura para tile_id 61 na célula (13, 4) não encontrada.
[2026-09-05 20:56:55,502] [WARNING] [src.domain.loaders.tileset_manager]: tile_id 61 fora dos limites para tileset 'estrada_vale' (total de tiles: 0).
[2026-09-05 20:56:55,502] [WARNING] [src.ui.utils.tilemap_renderer]: Textura para tile_id 61 na célula (14, 4) não encontrada.
[2026-09-05 20:56:55,502] [WARNING] [src.domain.loaders.tileset_manager]: tile_id 61 fora dos limites para tileset 'estrada_vale' (total de tiles: 0).
[2026-09-05 20:56:55,503] [WARNING] [src.ui.utils.tilemap_renderer]: Textura para tile_id 61 na célula (15, 4) não encontrada.
[2026-09-05 20:56:55,503] [WARNING] [src.domain.loaders.tileset_manager]: tile_id 61 fora dos limites para tileset 'estrada_vale' (total de tiles: 0).
[2026-09-05 20:56:55,503] [WARNING] [src.ui.utils.tilemap_renderer]: Textura para tile_id 61 na célula (16, 4) não encontrada.
[2026-09-05 20:56:55,503] [WARNING] [src.domain.loaders.tileset_manager]: tile_id 61 fora dos limites para tileset 'estrada_vale' (total de tiles: 0).
[2026-09-05 20:56:55,504] [WARNING] [src.ui.utils.tilemap_renderer]: Textura para tile_id 61 na célula (17, 4) não encontrada.
[2026-09-05 20:56:55,504] [WARNING] [src.domain.loaders.tileset_manager]: tile_id 61 fora dos limites para tileset 'estrada_vale' (total de tiles: 0).
[2026-09-05 20:56:55,504] [WARNING] [src.ui.utils.tilemap_renderer]: Textura para tile_id 61 na célula (18, 4) não encontrada.
[2026-09-05 20:56:55,505] [WARNING] [src.domain.loaders.tileset_manager]: tile_id 61 fora dos limites para tileset 'estrada_vale' (total de tiles: 0).
[2026-09-05 20:56:55,505] [WARNING] [src.ui.utils.tilemap_renderer]: Textura para tile_id 61 na célula (19, 4) não encontrada.
[2026-09-05 20:56:55,505] [WARNING] [src.domain.loaders.tileset_manager]: tile_id 61 fora dos limites para tileset 'estrada_vale' (total de tiles: 0).
[2026-09-05 20:56:55,505] [WARNING] [src.ui.utils.tilemap_renderer]: Textura para tile_id 61 na célula (20, 4) não encontrada.
[2026-09-05 20:56:55,506] [WARNING] [src.domain.loaders.tileset_manager]: tile_id 58 fora dos limites para tileset 'estrada_vale' (total de tiles: 0).
[2026-09-05 20:56:55,506] [WARNING] [src.ui.utils.tilemap_renderer]: Textura para tile_id 58 na célula (0, 5) não encontrada.
[2026-09-05 20:56:55,507] [WARNING] [src.domain.loaders.tileset_manager]: tile_id 59 fora dos limites para tileset 'estrada_vale' (total de tiles: 0).
[2026-09-05 20:56:55,507] [WARNING] [src.ui.utils.tilemap_renderer]: Textura para tile_id 59 na célula (1, 5) não encontrada.
[2026-09-05 20:56:55,508] [WARNING] [src.domain.loaders.tileset_manager]: tile_id 67 fora dos limites para tileset 'estrada_vale' (total de tiles: 0).
[2026-09-05 20:56:55,508] [WARNING] [src.ui.utils.tilemap_renderer]: Textura para tile_id 67 na célula (2, 5) não encontrada.
[2026-09-05 20:56:55,508] [WARNING] [src.domain.loaders.tileset_manager]: tile_id 23 fora dos limites para tileset 'estrada_vale' (total de tiles: 0).
[2026-09-05 20:56:55,508] [WARNING] [src.ui.utils.tilemap_renderer]: Textura para tile_id 23 na célula (3, 5) não encontrada.
[2026-09-05 20:56:55,509] [WARNING] [src.domain.loaders.tileset_manager]: tile_id 69 fora dos limites para tileset 'estrada_vale' (total de tiles: 0).
[2026-09-05 20:56:55,509] [WARNING] [src.ui.utils.tilemap_renderer]: Textura para tile_id 69 na célula (4, 5) não encontrada.
[2026-09-05 20:56:55,509] [WARNING] [src.domain.loaders.tileset_manager]: tile_id 27 fora dos limites para tileset 'estrada_vale' (total de tiles: 0).
[2026-09-05 20:56:55,509] [WARNING] [src.ui.utils.tilemap_renderer]: Textura para tile_id 27 na célula (5, 5) não encontrada.
[2026-09-05 20:56:55,510] [WARNING] [src.domain.loaders.tileset_manager]: tile_id 68 fora dos limites para tileset 'estrada_vale' (total de tiles: 0).
[2026-09-05 20:56:55,510] [WARNING] [src.ui.utils.tilemap_renderer]: Textura para tile_id 68 na célula (6, 5) não encontrada.
[2026-09-05 20:56:55,510] [WARNING] [src.domain.loaders.tileset_manager]: tile_id 23 fora dos limites para tileset 'estrada_vale' (total de tiles: 0).
[2026-09-05 20:56:55,511] [WARNING] [src.ui.utils.tilemap_renderer]: Textura para tile_id 23 na célula (7, 5) não encontrada.
[2026-09-05 20:56:55,511] [WARNING] [src.domain.loaders.tileset_manager]: tile_id 23 fora dos limites para tileset 'estrada_vale' (total de tiles: 0).
[2026-09-05 20:56:55,511] [WARNING] [src.ui.utils.tilemap_renderer]: Textura para tile_id 23 na célula (8, 5) não encontrada.
[2026-09-05 20:56:55,512] [WARNING] [src.domain.loaders.tileset_manager]: tile_id 23 fora dos limites para tileset 'estrada_vale' (total de tiles: 0).
[2026-09-05 20:56:55,512] [WARNING] [src.ui.utils.tilemap_renderer]: Textura para tile_id 23 na célula (9, 5) não encontrada.
[2026-09-05 20:56:55,512] [WARNING] [src.domain.loaders.tileset_manager]: tile_id 23 fora dos limites para tileset 'estrada_vale' (total de tiles: 0).
[2026-09-05 20:56:55,512] [WARNING] [src.ui.utils.tilemap_renderer]: Textura para tile_id 23 na célula (10, 5) não encontrada.
[2026-09-05 20:56:55,512] [WARNING] [src.domain.loaders.tileset_manager]: tile_id 23 fora dos limites para tileset 'estrada_vale' (total de tiles: 0).
[2026-09-05 20:56:55,514] [WARNING] [src.ui.utils.tilemap_renderer]: Textura para tile_id 23 na célula (11, 5) não encontrada.
[2026-09-05 20:56:55,514] [WARNING] [src.domain.loaders.tileset_manager]: tile_id 23 fora dos limites para tileset 'estrada_vale' (total de tiles: 0).
[2026-09-05 20:56:55,514] [WARNING] [src.ui.utils.tilemap_renderer]: Textura para tile_id 23 na célula (12, 5) não encontrada.
[2026-09-05 20:56:55,515] [WARNING] [src.domain.loaders.tileset_manager]: tile_id 23 fora dos limites para tileset 'estrada_vale' (total de tiles: 0).
[2026-09-05 20:56:55,515] [WARNING] [src.ui.utils.tilemap_renderer]: Textura para tile_id 23 na célula (13, 5) não encontrada.
[2026-09-05 20:56:55,515] [WARNING] [src.domain.loaders.tileset_manager]: tile_id 23 fora dos limites para tileset 'estrada_vale' (total de tiles: 0).
[2026-09-05 20:56:55,516] [WARNING] [src.ui.utils.tilemap_renderer]: Textura para tile_id 23 na célula (14, 5) não encontrada.
[2026-09-05 20:56:55,516] [WARNING] [src.domain.loaders.tileset_manager]: tile_id 23 fora dos limites para tileset 'estrada_vale' (total de tiles: 0).
[2026-09-05 20:56:55,516] [WARNING] [src.ui.utils.tilemap_renderer]: Textura para tile_id 23 na célula (15, 5) não encontrada.
[2026-09-05 20:56:55,517] [WARNING] [src.domain.loaders.tileset_manager]: tile_id 23 fora dos limites para tileset 'estrada_vale' (total de tiles: 0).
[2026-09-05 20:56:55,517] [WARNING] [src.ui.utils.tilemap_renderer]: Textura para tile_id 23 na célula (16, 5) não encontrada.
[2026-09-05 20:56:55,517] [WARNING] [src.domain.loaders.tileset_manager]: tile_id 23 fora dos limites para tileset 'estrada_vale' (total de tiles: 0).
[2026-09-05 20:56:55,517] [WARNING] [src.ui.utils.tilemap_renderer]: Textura para tile_id 23 na célula (17, 5) não encontrada.
[2026-09-05 20:56:55,517] [WARNING] [src.domain.loaders.tileset_manager]: tile_id 23 fora dos limites para tileset 'estrada_vale' (total de tiles: 0).
[2026-09-05 20:56:55,518] [WARNING] [src.ui.utils.tilemap_renderer]: Textura para tile_id 23 na célula (18, 5) não encontrada.
[2026-09-05 20:56:55,518] [WARNING] [src.domain.loaders.tileset_manager]: tile_id 23 fora dos limites para tileset 'estrada_vale' (total de tiles: 0).
[2026-09-05 20:56:55,518] [WARNING] [src.ui.utils.tilemap_renderer]: Textura para tile_id 23 na célula (19, 5) não encontrada.
[2026-09-05 20:56:55,518] [WARNING] [src.domain.loaders.tileset_manager]: tile_id 23 fora dos limites para tileset 'estrada_vale' (total de tiles: 0).
[2026-09-05 20:56:55,519] [WARNING] [src.ui.utils.tilemap_renderer]: Textura para tile_id 23 na célula (20, 5) não encontrada.
[2026-09-05 20:56:55,519] [WARNING] [src.domain.loaders.tileset_manager]: tile_id 61 fora dos limites para tileset 'estrada_vale' (total de tiles: 0).
[2026-09-05 20:56:55,519] [WARNING] [src.ui.utils.tilemap_renderer]: Textura para tile_id 61 na célula (0, 6) não encontrada.
[2026-09-05 20:56:55,519] [WARNING] [src.domain.loaders.tileset_manager]: tile_id 67 fora dos limites para tileset 'estrada_vale' (total de tiles: 0).
[2026-09-05 20:56:55,519] [WARNING] [src.ui.utils.tilemap_renderer]: Textura para tile_id 67 na célula (1, 6) não encontrada.
[2026-09-05 20:56:55,521] [WARNING] [src.domain.loaders.tileset_manager]: tile_id 23 fora dos limites para tileset 'estrada_vale' (total de tiles: 0).
[2026-09-05 20:56:55,521] [WARNING] [src.ui.utils.tilemap_renderer]: Textura para tile_id 23 na célula (2, 6) não encontrada.
[2026-09-05 20:56:55,521] [WARNING] [src.domain.loaders.tileset_manager]: tile_id 32 fora dos limites para tileset 'estrada_vale' (total de tiles: 0).
[2026-09-05 20:56:55,522] [WARNING] [src.ui.utils.tilemap_renderer]: Textura para tile_id 32 na célula (3, 6) não encontrada.
[2026-09-05 20:56:55,522] [WARNING] [src.domain.loaders.tileset_manager]: tile_id 33 fora dos limites para tileset 'estrada_vale' (total de tiles: 0).
[2026-09-05 20:56:55,522] [WARNING] [src.ui.utils.tilemap_renderer]: Textura para tile_id 33 na célula (4, 6) não encontrada.
[2026-09-05 20:56:55,523] [WARNING] [src.domain.loaders.tileset_manager]: tile_id 31 fora dos limites para tileset 'estrada_vale' (total de tiles: 0).
[2026-09-05 20:56:55,523] [WARNING] [src.ui.utils.tilemap_renderer]: Textura para tile_id 31 na célula (5, 6) não encontrada.
[2026-09-05 20:56:55,523] [WARNING] [src.domain.loaders.tileset_manager]: tile_id 28 fora dos limites para tileset 'estrada_vale' (total de tiles: 0).
[2026-09-05 20:56:55,524] [WARNING] [src.ui.utils.tilemap_renderer]: Textura para tile_id 28 na célula (6, 6) não encontrada.
[2026-09-05 20:56:55,524] [WARNING] [src.domain.loaders.tileset_manager]: tile_id 32 fora dos limites para tileset 'estrada_vale' (total de tiles: 0).
[2026-09-05 20:56:55,524] [WARNING] [src.ui.utils.tilemap_renderer]: Textura para tile_id 32 na célula (7, 6) não encontrada.
[2026-09-05 20:56:55,524] [WARNING] [src.domain.loaders.tileset_manager]: tile_id 32 fora dos limites para tileset 'estrada_vale' (total de tiles: 0).
[2026-09-05 20:56:55,525] [WARNING] [src.ui.utils.tilemap_renderer]: Textura para tile_id 32 na célula (8, 6) não encontrada.
[2026-09-05 20:56:55,525] [WARNING] [src.domain.loaders.tileset_manager]: tile_id 32 fora dos limites para tileset 'estrada_vale' (total de tiles: 0).
[2026-09-05 20:56:55,525] [WARNING] [src.ui.utils.tilemap_renderer]: Textura para tile_id 32 na célula (9, 6) não encontrada.
[2026-09-05 20:56:55,526] [WARNING] [src.domain.loaders.tileset_manager]: tile_id 19 fora dos limites para tileset 'estrada_vale' (total de tiles: 0).
[2026-09-05 20:56:55,526] [WARNING] [src.ui.utils.tilemap_renderer]: Textura para tile_id 19 na célula (10, 6) não encontrada.
[2026-09-05 20:56:55,526] [WARNING] [src.domain.loaders.tileset_manager]: tile_id 35 fora dos limites para tileset 'estrada_vale' (total de tiles: 0).
[2026-09-05 20:56:55,527] [WARNING] [src.ui.utils.tilemap_renderer]: Textura para tile_id 35 na célula (11, 6) não encontrada.
[2026-09-05 20:56:55,527] [WARNING] [src.domain.loaders.tileset_manager]: tile_id 32 fora dos limites para tileset 'estrada_vale' (total de tiles: 0).
[2026-09-05 20:56:55,527] [WARNING] [src.ui.utils.tilemap_renderer]: Textura para tile_id 32 na célula (12, 6) não encontrada.
[2026-09-05 20:56:55,528] [WARNING] [src.domain.loaders.tileset_manager]: tile_id 32 fora dos limites para tileset 'estrada_vale' (total de tiles: 0).
[2026-09-05 20:56:55,528] [WARNING] [src.ui.utils.tilemap_renderer]: Textura para tile_id 32 na célula (13, 6) não encontrada.
[2026-09-05 20:56:55,528] [WARNING] [src.domain.loaders.tileset_manager]: tile_id 32 fora dos limites para tileset 'estrada_vale' (total de tiles: 0).
[2026-09-05 20:56:55,529] [WARNING] [src.ui.utils.tilemap_renderer]: Textura para tile_id 32 na célula (14, 6) não encontrada.
[2026-09-05 20:56:55,529] [WARNING] [src.domain.loaders.tileset_manager]: tile_id 32 fora dos limites para tileset 'estrada_vale' (total de tiles: 0).
[2026-09-05 20:56:55,529] [WARNING] [src.ui.utils.tilemap_renderer]: Textura para tile_id 32 na célula (15, 6) não encontrada.
[2026-09-05 20:56:55,529] [WARNING] [src.domain.loaders.tileset_manager]: tile_id 32 fora dos limites para tileset 'estrada_vale' (total de tiles: 0).
[2026-09-05 20:56:55,530] [WARNING] [src.ui.utils.tilemap_renderer]: Textura para tile_id 32 na célula (16, 6) não encontrada.
[2026-09-05 20:56:55,530] [WARNING] [src.domain.loaders.tileset_manager]: tile_id 32 fora dos limites para tileset 'estrada_vale' (total de tiles: 0).
[2026-09-05 20:56:55,530] [WARNING] [src.ui.utils.tilemap_renderer]: Textura para tile_id 32 na célula (17, 6) não encontrada.
[2026-09-05 20:56:55,531] [WARNING] [src.domain.loaders.tileset_manager]: tile_id 32 fora dos limites para tileset 'estrada_vale' (total de tiles: 0).
[2026-09-05 20:56:55,531] [WARNING] [src.ui.utils.tilemap_renderer]: Textura para tile_id 32 na célula (18, 6) não encontrada.
[2026-09-05 20:56:55,531] [WARNING] [src.domain.loaders.tileset_manager]: tile_id 32 fora dos limites para tileset 'estrada_vale' (total de tiles: 0).
[2026-09-05 20:56:55,531] [WARNING] [src.ui.utils.tilemap_renderer]: Textura para tile_id 32 na célula (19, 6) não encontrada.
[2026-09-05 20:56:55,532] [WARNING] [src.domain.loaders.tileset_manager]: tile_id 32 fora dos limites para tileset 'estrada_vale' (total de tiles: 0).
[2026-09-05 20:56:55,532] [WARNING] [src.ui.utils.tilemap_renderer]: Textura para tile_id 32 na célula (20, 6) não encontrada.
[2026-09-05 20:56:55,532] [WARNING] [src.domain.loaders.tileset_manager]: tile_id 23 fora dos limites para tileset 'estrada_vale' (total de tiles: 0).
[2026-09-05 20:56:55,533] [WARNING] [src.ui.utils.tilemap_renderer]: Textura para tile_id 23 na célula (0, 7) não encontrada.
[2026-09-05 20:56:55,534] [WARNING] [src.domain.loaders.tileset_manager]: tile_id 23 fora dos limites para tileset 'estrada_vale' (total de tiles: 0).
[2026-09-05 20:56:55,534] [WARNING] [src.ui.utils.tilemap_renderer]: Textura para tile_id 23 na célula (1, 7) não encontrada.
[2026-09-05 20:56:55,534] [WARNING] [src.domain.loaders.tileset_manager]: tile_id 32 fora dos limites para tileset 'estrada_vale' (total de tiles: 0).
[2026-09-05 20:56:55,534] [WARNING] [src.ui.utils.tilemap_renderer]: Textura para tile_id 32 na célula (2, 7) não encontrada.
[2026-09-05 20:56:55,535] [WARNING] [src.domain.loaders.tileset_manager]: tile_id 32 fora dos limites para tileset 'estrada_vale' (total de tiles: 0).
[2026-09-05 20:56:55,535] [WARNING] [src.ui.utils.tilemap_renderer]: Textura para tile_id 32 na célula (3, 7) não encontrada.
[2026-09-05 20:56:55,535] [WARNING] [src.domain.loaders.tileset_manager]: tile_id 32 fora dos limites para tileset 'estrada_vale' (total de tiles: 0).
[2026-09-05 20:56:55,536] [WARNING] [src.ui.utils.tilemap_renderer]: Textura para tile_id 32 na célula (4, 7) não encontrada.
[2026-09-05 20:56:55,536] [WARNING] [src.domain.loaders.tileset_manager]: tile_id 32 fora dos limites para tileset 'estrada_vale' (total de tiles: 0).
[2026-09-05 20:56:55,536] [WARNING] [src.ui.utils.tilemap_renderer]: Textura para tile_id 32 na célula (5, 7) não encontrada.
[2026-09-05 20:56:55,537] [WARNING] [src.domain.loaders.tileset_manager]: tile_id 32 fora dos limites para tileset 'estrada_vale' (total de tiles: 0).
[2026-09-05 20:56:55,537] [WARNING] [src.ui.utils.tilemap_renderer]: Textura para tile_id 32 na célula (6, 7) não encontrada.
[2026-09-05 20:56:55,537] [WARNING] [src.domain.loaders.tileset_manager]: tile_id 32 fora dos limites para tileset 'estrada_vale' (total de tiles: 0).
[2026-09-05 20:56:55,537] [WARNING] [src.ui.utils.tilemap_renderer]: Textura para tile_id 32 na célula (7, 7) não encontrada.
[2026-09-05 20:56:55,537] [WARNING] [src.domain.loaders.tileset_manager]: tile_id 32 fora dos limites para tileset 'estrada_vale' (total de tiles: 0).
[2026-09-05 20:56:55,538] [WARNING] [src.ui.utils.tilemap_renderer]: Textura para tile_id 32 na célula (8, 7) não encontrada.
[2026-09-05 20:56:55,538] [WARNING] [src.domain.loaders.tileset_manager]: tile_id 32 fora dos limites para tileset 'estrada_vale' (total de tiles: 0).
[2026-09-05 20:56:55,538] [WARNING] [src.ui.utils.tilemap_renderer]: Textura para tile_id 32 na célula (9, 7) não encontrada.
[2026-09-05 20:56:55,539] [WARNING] [src.domain.loaders.tileset_manager]: tile_id 33 fora dos limites para tileset 'estrada_vale' (total de tiles: 0).
[2026-09-05 20:56:55,539] [WARNING] [src.ui.utils.tilemap_renderer]: Textura para tile_id 33 na célula (10, 7) não encontrada.
[2026-09-05 20:56:55,539] [WARNING] [src.domain.loaders.tileset_manager]: tile_id 28 fora dos limites para tileset 'estrada_vale' (total de tiles: 0).
[2026-09-05 20:56:55,540] [WARNING] [src.ui.utils.tilemap_renderer]: Textura para tile_id 28 na célula (11, 7) não encontrada.
[2026-09-05 20:56:55,540] [WARNING] [src.domain.loaders.tileset_manager]: tile_id 32 fora dos limites para tileset 'estrada_vale' (total de tiles: 0).
[2026-09-05 20:56:55,540] [WARNING] [src.ui.utils.tilemap_renderer]: Textura para tile_id 32 na célula (12, 7) não encontrada.
[2026-09-05 20:56:55,541] [WARNING] [src.domain.loaders.tileset_manager]: tile_id 32 fora dos limites para tileset 'estrada_vale' (total de tiles: 0).
[2026-09-05 20:56:55,541] [WARNING] [src.ui.utils.tilemap_renderer]: Textura para tile_id 32 na célula (13, 7) não encontrada.
[2026-09-05 20:56:55,541] [WARNING] [src.domain.loaders.tileset_manager]: tile_id 32 fora dos limites para tileset 'estrada_vale' (total de tiles: 0).
[2026-09-05 20:56:55,542] [WARNING] [src.ui.utils.tilemap_renderer]: Textura para tile_id 32 na célula (14, 7) não encontrada.
[2026-09-05 20:56:55,542] [WARNING] [src.domain.loaders.tileset_manager]: tile_id 32 fora dos limites para tileset 'estrada_vale' (total de tiles: 0).
[2026-09-05 20:56:55,542] [WARNING] [src.ui.utils.tilemap_renderer]: Textura para tile_id 32 na célula (15, 7) não encontrada.
[2026-09-05 20:56:55,542] [WARNING] [src.domain.loaders.tileset_manager]: tile_id 32 fora dos limites para tileset 'estrada_vale' (total de tiles: 0).
[2026-09-05 20:56:55,542] [WARNING] [src.ui.utils.tilemap_renderer]: Textura para tile_id 32 na célula (16, 7) não encontrada.
[2026-09-05 20:56:55,544] [WARNING] [src.domain.loaders.tileset_manager]: tile_id 32 fora dos limites para tileset 'estrada_vale' (total de tiles: 0).
[2026-09-05 20:56:55,544] [WARNING] [src.ui.utils.tilemap_renderer]: Textura para tile_id 32 na célula (17, 7) não encontrada.
[2026-09-05 20:56:55,544] [WARNING] [src.domain.loaders.tileset_manager]: tile_id 32 fora dos limites para tileset 'estrada_vale' (total de tiles: 0).
[2026-09-05 20:56:55,545] [WARNING] [src.ui.utils.tilemap_renderer]: Textura para tile_id 32 na célula (18, 7) não encontrada.
[2026-09-05 20:56:55,545] [WARNING] [src.domain.loaders.tileset_manager]: tile_id 32 fora dos limites para tileset 'estrada_vale' (total de tiles: 0).
[2026-09-05 20:56:55,545] [WARNING] [src.ui.utils.tilemap_renderer]: Textura para tile_id 32 na célula (19, 7) não encontrada.
[2026-09-05 20:56:55,546] [WARNING] [src.domain.loaders.tileset_manager]: tile_id 32 fora dos limites para tileset 'estrada_vale' (total de tiles: 0).
[2026-09-05 20:56:55,546] [WARNING] [src.ui.utils.tilemap_renderer]: Textura para tile_id 32 na célula (20, 7) não encontrada.
[2026-09-05 20:56:55,546] [WARNING] [src.domain.loaders.tileset_manager]: tile_id 32 fora dos limites para tileset 'estrada_vale' (total de tiles: 0).
[2026-09-05 20:56:55,547] [WARNING] [src.ui.utils.tilemap_renderer]: Textura para tile_id 32 na célula (0, 8) não encontrada.
[2026-09-05 20:56:55,547] [WARNING] [src.domain.loaders.tileset_manager]: tile_id 32 fora dos limites para tileset 'estrada_vale' (total de tiles: 0).
[2026-09-05 20:56:55,547] [WARNING] [src.ui.utils.tilemap_renderer]: Textura para tile_id 32 na célula (1, 8) não encontrada.
[2026-09-05 20:56:55,548] [WARNING] [src.domain.loaders.tileset_manager]: tile_id 19 fora dos limites para tileset 'estrada_vale' (total de tiles: 0).
[2026-09-05 20:56:55,548] [WARNING] [src.ui.utils.tilemap_renderer]: Textura para tile_id 19 na célula (2, 8) não encontrada.
[2026-09-05 20:56:55,548] [WARNING] [src.domain.loaders.tileset_manager]: tile_id 20 fora dos limites para tileset 'estrada_vale' (total de tiles: 0).
[2026-09-05 20:56:55,548] [WARNING] [src.ui.utils.tilemap_renderer]: Textura para tile_id 20 na célula (3, 8) não encontrada.
[2026-09-05 20:56:55,548] [WARNING] [src.domain.loaders.tileset_manager]: tile_id 20 fora dos limites para tileset 'estrada_vale' (total de tiles: 0).
[2026-09-05 20:56:55,549] [WARNING] [src.ui.utils.tilemap_renderer]: Textura para tile_id 20 na célula (4, 8) não encontrada.
[2026-09-05 20:56:55,549] [WARNING] [src.domain.loaders.tileset_manager]: tile_id 20 fora dos limites para tileset 'estrada_vale' (total de tiles: 0).
[2026-09-05 20:56:55,549] [WARNING] [src.ui.utils.tilemap_renderer]: Textura para tile_id 20 na célula (5, 8) não encontrada.
[2026-09-05 20:56:55,549] [WARNING] [src.domain.loaders.tileset_manager]: tile_id 20 fora dos limites para tileset 'estrada_vale' (total de tiles: 0).
[2026-09-05 20:56:55,550] [WARNING] [src.ui.utils.tilemap_renderer]: Textura para tile_id 20 na célula (6, 8) não encontrada.
[2026-09-05 20:56:55,550] [WARNING] [src.domain.loaders.tileset_manager]: tile_id 20 fora dos limites para tileset 'estrada_vale' (total de tiles: 0).
[2026-09-05 20:56:55,550] [WARNING] [src.ui.utils.tilemap_renderer]: Textura para tile_id 20 na célula (7, 8) não encontrada.
[2026-09-05 20:56:55,551] [WARNING] [src.domain.loaders.tileset_manager]: tile_id 20 fora dos limites para tileset 'estrada_vale' (total de tiles: 0).
[2026-09-05 20:56:55,551] [WARNING] [src.ui.utils.tilemap_renderer]: Textura para tile_id 20 na célula (8, 8) não encontrada.
[2026-09-05 20:56:55,551] [WARNING] [src.domain.loaders.tileset_manager]: tile_id 20 fora dos limites para tileset 'estrada_vale' (total de tiles: 0).
[2026-09-05 20:56:55,551] [WARNING] [src.ui.utils.tilemap_renderer]: Textura para tile_id 20 na célula (9, 8) não encontrada.
[2026-09-05 20:56:55,551] [WARNING] [src.domain.loaders.tileset_manager]: tile_id 20 fora dos limites para tileset 'estrada_vale' (total de tiles: 0).
[2026-09-05 20:56:55,553] [WARNING] [src.ui.utils.tilemap_renderer]: Textura para tile_id 20 na célula (10, 8) não encontrada.
[2026-09-05 20:56:55,553] [WARNING] [src.domain.loaders.tileset_manager]: tile_id 20 fora dos limites para tileset 'estrada_vale' (total de tiles: 0).
[2026-09-05 20:56:55,554] [WARNING] [src.ui.utils.tilemap_renderer]: Textura para tile_id 20 na célula (11, 8) não encontrada.
[2026-09-05 20:56:55,554] [WARNING] [src.domain.loaders.tileset_manager]: tile_id 35 fora dos limites para tileset 'estrada_vale' (total de tiles: 0).
[2026-09-05 20:56:55,554] [WARNING] [src.ui.utils.tilemap_renderer]: Textura para tile_id 35 na célula (12, 8) não encontrada.
[2026-09-05 20:56:55,554] [WARNING] [src.domain.loaders.tileset_manager]: tile_id 32 fora dos limites para tileset 'estrada_vale' (total de tiles: 0).
[2026-09-05 20:56:55,554] [WARNING] [src.ui.utils.tilemap_renderer]: Textura para tile_id 32 na célula (13, 8) não encontrada.
[2026-09-05 20:56:55,555] [WARNING] [src.domain.loaders.tileset_manager]: tile_id 32 fora dos limites para tileset 'estrada_vale' (total de tiles: 0).
[2026-09-05 20:56:55,555] [WARNING] [src.ui.utils.tilemap_renderer]: Textura para tile_id 32 na célula (14, 8) não encontrada.
[2026-09-05 20:56:55,555] [WARNING] [src.domain.loaders.tileset_manager]: tile_id 32 fora dos limites para tileset 'estrada_vale' (total de tiles: 0).
[2026-09-05 20:56:55,556] [WARNING] [src.ui.utils.tilemap_renderer]: Textura para tile_id 32 na célula (15, 8) não encontrada.
[2026-09-05 20:56:55,556] [WARNING] [src.domain.loaders.tileset_manager]: tile_id 32 fora dos limites para tileset 'estrada_vale' (total de tiles: 0).
[2026-09-05 20:56:55,556] [WARNING] [src.ui.utils.tilemap_renderer]: Textura para tile_id 32 na célula (16, 8) não encontrada.
[2026-09-05 20:56:55,557] [WARNING] [src.domain.loaders.tileset_manager]: tile_id 32 fora dos limites para tileset 'estrada_vale' (total de tiles: 0).
[2026-09-05 20:56:55,557] [WARNING] [src.ui.utils.tilemap_renderer]: Textura para tile_id 32 na célula (17, 8) não encontrada.
[2026-09-05 20:56:55,558] [WARNING] [src.domain.loaders.tileset_manager]: tile_id 32 fora dos limites para tileset 'estrada_vale' (total de tiles: 0).
[2026-09-05 20:56:55,558] [WARNING] [src.ui.utils.tilemap_renderer]: Textura para tile_id 32 na célula (18, 8) não encontrada.
[2026-09-05 20:56:55,558] [WARNING] [src.domain.loaders.tileset_manager]: tile_id 32 fora dos limites para tileset 'estrada_vale' (total de tiles: 0).
[2026-09-05 20:56:55,559] [WARNING] [src.ui.utils.tilemap_renderer]: Textura para tile_id 32 na célula (19, 8) não encontrada.
[2026-09-05 20:56:55,559] [WARNING] [src.domain.loaders.tileset_manager]: tile_id 32 fora dos limites para tileset 'estrada_vale' (total de tiles: 0).
[2026-09-05 20:56:55,559] [WARNING] [src.ui.utils.tilemap_renderer]: Textura para tile_id 32 na célula (20, 8) não encontrada.
[2026-09-05 20:56:55,560] [WARNING] [src.domain.loaders.tileset_manager]: tile_id 32 fora dos limites para tileset 'estrada_vale' (total de tiles: 0).
[2026-09-05 20:56:55,560] [WARNING] [src.ui.utils.tilemap_renderer]: Textura para tile_id 32 na célula (0, 9) não encontrada.
[2026-09-05 20:56:55,560] [WARNING] [src.domain.loaders.tileset_manager]: tile_id 19 fora dos limites para tileset 'estrada_vale' (total de tiles: 0).
[2026-09-05 20:56:55,560] [WARNING] [src.ui.utils.tilemap_renderer]: Textura para tile_id 19 na célula (1, 9) não encontrada.
[2026-09-05 20:56:55,561] [WARNING] [src.domain.loaders.tileset_manager]: tile_id 21 fora dos limites para tileset 'estrada_vale' (total de tiles: 0).
[2026-09-05 20:56:55,561] [WARNING] [src.ui.utils.tilemap_renderer]: Textura para tile_id 21 na célula (2, 9) não encontrada.
[2026-09-05 20:56:55,561] [WARNING] [src.domain.loaders.tileset_manager]: tile_id 13 fora dos limites para tileset 'estrada_vale' (total de tiles: 0).
[2026-09-05 20:56:55,562] [WARNING] [src.ui.utils.tilemap_renderer]: Textura para tile_id 13 na célula (3, 9) não encontrada.
[2026-09-05 20:56:55,562] [WARNING] [src.domain.loaders.tileset_manager]: tile_id 13 fora dos limites para tileset 'estrada_vale' (total de tiles: 0).
[2026-09-05 20:56:55,562] [WARNING] [src.ui.utils.tilemap_renderer]: Textura para tile_id 13 na célula (4, 9) não encontrada.
[2026-09-05 20:56:55,562] [WARNING] [src.domain.loaders.tileset_manager]: tile_id 13 fora dos limites para tileset 'estrada_vale' (total de tiles: 0).
[2026-09-05 20:56:55,562] [WARNING] [src.ui.utils.tilemap_renderer]: Textura para tile_id 13 na célula (5, 9) não encontrada.
[2026-09-05 20:56:55,564] [WARNING] [src.domain.loaders.tileset_manager]: tile_id 13 fora dos limites para tileset 'estrada_vale' (total de tiles: 0).
[2026-09-05 20:56:55,564] [WARNING] [src.ui.utils.tilemap_renderer]: Textura para tile_id 13 na célula (6, 9) não encontrada.
[2026-09-05 20:56:55,564] [WARNING] [src.domain.loaders.tileset_manager]: tile_id 13 fora dos limites para tileset 'estrada_vale' (total de tiles: 0).
[2026-09-05 20:56:55,564] [WARNING] [src.ui.utils.tilemap_renderer]: Textura para tile_id 13 na célula (7, 9) não encontrada.
[2026-09-05 20:56:55,564] [WARNING] [src.domain.loaders.tileset_manager]: tile_id 13 fora dos limites para tileset 'estrada_vale' (total de tiles: 0).
[2026-09-05 20:56:55,565] [WARNING] [src.ui.utils.tilemap_renderer]: Textura para tile_id 13 na célula (8, 9) não encontrada.
[2026-09-05 20:56:55,565] [WARNING] [src.domain.loaders.tileset_manager]: tile_id 13 fora dos limites para tileset 'estrada_vale' (total de tiles: 0).
[2026-09-05 20:56:55,565] [WARNING] [src.ui.utils.tilemap_renderer]: Textura para tile_id 13 na célula (9, 9) não encontrada.
[2026-09-05 20:56:55,566] [WARNING] [src.domain.loaders.tileset_manager]: tile_id 13 fora dos limites para tileset 'estrada_vale' (total de tiles: 0).
[2026-09-05 20:56:55,566] [WARNING] [src.ui.utils.tilemap_renderer]: Textura para tile_id 13 na célula (10, 9) não encontrada.
[2026-09-05 20:56:55,566] [WARNING] [src.domain.loaders.tileset_manager]: tile_id 13 fora dos limites para tileset 'estrada_vale' (total de tiles: 0).
[2026-09-05 20:56:55,566] [WARNING] [src.ui.utils.tilemap_renderer]: Textura para tile_id 13 na célula (11, 9) não encontrada.
[2026-09-05 20:56:55,567] [WARNING] [src.domain.loaders.tileset_manager]: tile_id 26 fora dos limites para tileset 'estrada_vale' (total de tiles: 0).
[2026-09-05 20:56:55,567] [WARNING] [src.ui.utils.tilemap_renderer]: Textura para tile_id 26 na célula (12, 9) não encontrada.
[2026-09-05 20:56:55,567] [WARNING] [src.domain.loaders.tileset_manager]: tile_id 20 fora dos limites para tileset 'estrada_vale' (total de tiles: 0).
[2026-09-05 20:56:55,568] [WARNING] [src.ui.utils.tilemap_renderer]: Textura para tile_id 20 na célula (13, 9) não encontrada.
[2026-09-05 20:56:55,568] [WARNING] [src.domain.loaders.tileset_manager]: tile_id 20 fora dos limites para tileset 'estrada_vale' (total de tiles: 0).
[2026-09-05 20:56:55,568] [WARNING] [src.ui.utils.tilemap_renderer]: Textura para tile_id 20 na célula (14, 9) não encontrada.
[2026-09-05 20:56:55,569] [WARNING] [src.domain.loaders.tileset_manager]: tile_id 20 fora dos limites para tileset 'estrada_vale' (total de tiles: 0).
[2026-09-05 20:56:55,570] [WARNING] [src.ui.utils.tilemap_renderer]: Textura para tile_id 20 na célula (15, 9) não encontrada.
[2026-09-05 20:56:55,570] [WARNING] [src.domain.loaders.tileset_manager]: tile_id 20 fora dos limites para tileset 'estrada_vale' (total de tiles: 0).
[2026-09-05 20:56:55,570] [WARNING] [src.ui.utils.tilemap_renderer]: Textura para tile_id 20 na célula (16, 9) não encontrada.
[2026-09-05 20:56:55,570] [WARNING] [src.domain.loaders.tileset_manager]: tile_id 20 fora dos limites para tileset 'estrada_vale' (total de tiles: 0).
[2026-09-05 20:56:55,571] [WARNING] [src.ui.utils.tilemap_renderer]: Textura para tile_id 20 na célula (17, 9) não encontrada.
[2026-09-05 20:56:55,571] [WARNING] [src.domain.loaders.tileset_manager]: tile_id 35 fora dos limites para tileset 'estrada_vale' (total de tiles: 0).
[2026-09-05 20:56:55,571] [WARNING] [src.ui.utils.tilemap_renderer]: Textura para tile_id 35 na célula (18, 9) não encontrada.
[2026-09-05 20:56:55,572] [WARNING] [src.domain.loaders.tileset_manager]: tile_id 32 fora dos limites para tileset 'estrada_vale' (total de tiles: 0).
[2026-09-05 20:56:55,572] [WARNING] [src.ui.utils.tilemap_renderer]: Textura para tile_id 32 na célula (19, 9) não encontrada.
[2026-09-05 20:56:55,572] [WARNING] [src.domain.loaders.tileset_manager]: tile_id 32 fora dos limites para tileset 'estrada_vale' (total de tiles: 0).
[2026-09-05 20:56:55,572] [WARNING] [src.ui.utils.tilemap_renderer]: Textura para tile_id 32 na célula (20, 9) não encontrada.
[2026-09-05 20:56:55,572] [WARNING] [src.domain.loaders.tileset_manager]: tile_id 20 fora dos limites para tileset 'estrada_vale' (total de tiles: 0).
[2026-09-05 20:56:55,573] [WARNING] [src.ui.utils.tilemap_renderer]: Textura para tile_id 20 na célula (0, 10) não encontrada.
[2026-09-05 20:56:55,573] [WARNING] [src.domain.loaders.tileset_manager]: tile_id 21 fora dos limites para tileset 'estrada_vale' (total de tiles: 0).
[2026-09-05 20:56:55,574] [WARNING] [src.ui.utils.tilemap_renderer]: Textura para tile_id 21 na célula (1, 10) não encontrada.
[2026-09-05 20:56:55,574] [WARNING] [src.domain.loaders.tileset_manager]: tile_id 13 fora dos limites para tileset 'estrada_vale' (total de tiles: 0).
[2026-09-05 20:56:55,574] [WARNING] [src.ui.utils.tilemap_renderer]: Textura para tile_id 13 na célula (2, 10) não encontrada.
[2026-09-05 20:56:55,575] [WARNING] [src.domain.loaders.tileset_manager]: tile_id 13 fora dos limites para tileset 'estrada_vale' (total de tiles: 0).
[2026-09-05 20:56:55,575] [WARNING] [src.ui.utils.tilemap_renderer]: Textura para tile_id 13 na célula (3, 10) não encontrada.
[2026-09-05 20:56:55,575] [WARNING] [src.domain.loaders.tileset_manager]: tile_id 13 fora dos limites para tileset 'estrada_vale' (total de tiles: 0).
[2026-09-05 20:56:55,575] [WARNING] [src.ui.utils.tilemap_renderer]: Textura para tile_id 13 na célula (4, 10) não encontrada.
[2026-09-05 20:56:55,576] [WARNING] [src.domain.loaders.tileset_manager]: tile_id 13 fora dos limites para tileset 'estrada_vale' (total de tiles: 0).
[2026-09-05 20:56:55,576] [WARNING] [src.ui.utils.tilemap_renderer]: Textura para tile_id 13 na célula (5, 10) não encontrada.
[2026-09-05 20:56:55,576] [WARNING] [src.domain.loaders.tileset_manager]: tile_id 13 fora dos limites para tileset 'estrada_vale' (total de tiles: 0).
[2026-09-05 20:56:55,577] [WARNING] [src.ui.utils.tilemap_renderer]: Textura para tile_id 13 na célula (6, 10) não encontrada.
[2026-09-05 20:56:55,577] [WARNING] [src.domain.loaders.tileset_manager]: tile_id 13 fora dos limites para tileset 'estrada_vale' (total de tiles: 0).
[2026-09-05 20:56:55,577] [WARNING] [src.ui.utils.tilemap_renderer]: Textura para tile_id 13 na célula (7, 10) não encontrada.
[2026-09-05 20:56:55,578] [WARNING] [src.domain.loaders.tileset_manager]: tile_id 13 fora dos limites para tileset 'estrada_vale' (total de tiles: 0).
[2026-09-05 20:56:55,578] [WARNING] [src.ui.utils.tilemap_renderer]: Textura para tile_id 13 na célula (8, 10) não encontrada.
[2026-09-05 20:56:55,578] [WARNING] [src.domain.loaders.tileset_manager]: tile_id 13 fora dos limites para tileset 'estrada_vale' (total de tiles: 0).
[2026-09-05 20:56:55,578] [WARNING] [src.ui.utils.tilemap_renderer]: Textura para tile_id 13 na célula (9, 10) não encontrada.
[2026-09-05 20:56:55,579] [WARNING] [src.domain.loaders.tileset_manager]: tile_id 13 fora dos limites para tileset 'estrada_vale' (total de tiles: 0).
[2026-09-05 20:56:55,579] [WARNING] [src.ui.utils.tilemap_renderer]: Textura para tile_id 13 na célula (10, 10) não encontrada.
[2026-09-05 20:56:55,579] [WARNING] [src.domain.loaders.tileset_manager]: tile_id 13 fora dos limites para tileset 'estrada_vale' (total de tiles: 0).
[2026-09-05 20:56:55,580] [WARNING] [src.ui.utils.tilemap_renderer]: Textura para tile_id 13 na célula (11, 10) não encontrada.
[2026-09-05 20:56:55,580] [WARNING] [src.domain.loaders.tileset_manager]: tile_id 13 fora dos limites para tileset 'estrada_vale' (total de tiles: 0).
[2026-09-05 20:56:55,580] [WARNING] [src.ui.utils.tilemap_renderer]: Textura para tile_id 13 na célula (12, 10) não encontrada.
[2026-09-05 20:56:55,580] [WARNING] [src.domain.loaders.tileset_manager]: tile_id 13 fora dos limites para tileset 'estrada_vale' (total de tiles: 0).
[2026-09-05 20:56:55,581] [WARNING] [src.ui.utils.tilemap_renderer]: Textura para tile_id 13 na célula (13, 10) não encontrada.
[2026-09-05 20:56:55,582] [WARNING] [src.domain.loaders.tileset_manager]: tile_id 13 fora dos limites para tileset 'estrada_vale' (total de tiles: 0).
[2026-09-05 20:56:55,582] [WARNING] [src.ui.utils.tilemap_renderer]: Textura para tile_id 13 na célula (14, 10) não encontrada.
[2026-09-05 20:56:55,582] [WARNING] [src.domain.loaders.tileset_manager]: tile_id 13 fora dos limites para tileset 'estrada_vale' (total de tiles: 0).
[2026-09-05 20:56:55,582] [WARNING] [src.ui.utils.tilemap_renderer]: Textura para tile_id 13 na célula (15, 10) não encontrada.
[2026-09-05 20:56:55,582] [WARNING] [src.domain.loaders.tileset_manager]: tile_id 13 fora dos limites para tileset 'estrada_vale' (total de tiles: 0).
[2026-09-05 20:56:55,583] [WARNING] [src.ui.utils.tilemap_renderer]: Textura para tile_id 13 na célula (16, 10) não encontrada.
[2026-09-05 20:56:55,583] [WARNING] [src.domain.loaders.tileset_manager]: tile_id 13 fora dos limites para tileset 'estrada_vale' (total de tiles: 0).
[2026-09-05 20:56:55,583] [WARNING] [src.ui.utils.tilemap_renderer]: Textura para tile_id 13 na célula (17, 10) não encontrada.
[2026-09-05 20:56:55,584] [WARNING] [src.domain.loaders.tileset_manager]: tile_id 26 fora dos limites para tileset 'estrada_vale' (total de tiles: 0).
[2026-09-05 20:56:55,584] [WARNING] [src.ui.utils.tilemap_renderer]: Textura para tile_id 26 na célula (18, 10) não encontrada.
[2026-09-05 20:56:55,584] [WARNING] [src.domain.loaders.tileset_manager]: tile_id 20 fora dos limites para tileset 'estrada_vale' (total de tiles: 0).
[2026-09-05 20:56:55,585] [WARNING] [src.ui.utils.tilemap_renderer]: Textura para tile_id 20 na célula (19, 10) não encontrada.
[2026-09-05 20:56:55,586] [WARNING] [src.domain.loaders.tileset_manager]: tile_id 20 fora dos limites para tileset 'estrada_vale' (total de tiles: 0).
[2026-09-05 20:56:55,586] [WARNING] [src.ui.utils.tilemap_renderer]: Textura para tile_id 20 na célula (20, 10) não encontrada.
[2026-09-05 20:56:55,586] [WARNING] [src.domain.loaders.tileset_manager]: tile_id 13 fora dos limites para tileset 'estrada_vale' (total de tiles: 0).
[2026-09-05 20:56:55,586] [WARNING] [src.ui.utils.tilemap_renderer]: Textura para tile_id 13 na célula (0, 11) não encontrada.
[2026-09-05 20:56:55,587] [WARNING] [src.domain.loaders.tileset_manager]: tile_id 13 fora dos limites para tileset 'estrada_vale' (total de tiles: 0).
[2026-09-05 20:56:55,587] [WARNING] [src.ui.utils.tilemap_renderer]: Textura para tile_id 13 na célula (1, 11) não encontrada.
[2026-09-05 20:56:55,587] [WARNING] [src.domain.loaders.tileset_manager]: tile_id 13 fora dos limites para tileset 'estrada_vale' (total de tiles: 0).
[2026-09-05 20:56:55,588] [WARNING] [src.ui.utils.tilemap_renderer]: Textura para tile_id 13 na célula (2, 11) não encontrada.
[2026-09-05 20:56:55,588] [WARNING] [src.domain.loaders.tileset_manager]: tile_id 13 fora dos limites para tileset 'estrada_vale' (total de tiles: 0).
[2026-09-05 20:56:55,588] [WARNING] [src.ui.utils.tilemap_renderer]: Textura para tile_id 13 na célula (3, 11) não encontrada.
[2026-09-05 20:56:55,589] [WARNING] [src.domain.loaders.tileset_manager]: tile_id 13 fora dos limites para tileset 'estrada_vale' (total de tiles: 0).
[2026-09-05 20:56:55,589] [WARNING] [src.ui.utils.tilemap_renderer]: Textura para tile_id 13 na célula (4, 11) não encontrada.
[2026-09-05 20:56:55,589] [WARNING] [src.domain.loaders.tileset_manager]: tile_id 13 fora dos limites para tileset 'estrada_vale' (total de tiles: 0).
[2026-09-05 20:56:55,590] [WARNING] [src.ui.utils.tilemap_renderer]: Textura para tile_id 13 na célula (5, 11) não encontrada.
[2026-09-05 20:56:55,590] [WARNING] [src.domain.loaders.tileset_manager]: tile_id 13 fora dos limites para tileset 'estrada_vale' (total de tiles: 0).
[2026-09-05 20:56:55,590] [WARNING] [src.ui.utils.tilemap_renderer]: Textura para tile_id 13 na célula (6, 11) não encontrada.
[2026-09-05 20:56:55,591] [WARNING] [src.domain.loaders.tileset_manager]: tile_id 13 fora dos limites para tileset 'estrada_vale' (total de tiles: 0).
[2026-09-05 20:56:55,591] [WARNING] [src.ui.utils.tilemap_renderer]: Textura para tile_id 13 na célula (7, 11) não encontrada.
[2026-09-05 20:56:55,591] [WARNING] [src.domain.loaders.tileset_manager]: tile_id 13 fora dos limites para tileset 'estrada_vale' (total de tiles: 0).
[2026-09-05 20:56:55,592] [WARNING] [src.ui.utils.tilemap_renderer]: Textura para tile_id 13 na célula (8, 11) não encontrada.
[2026-09-05 20:56:55,592] [WARNING] [src.domain.loaders.tileset_manager]: tile_id 13 fora dos limites para tileset 'estrada_vale' (total de tiles: 0).
[2026-09-05 20:56:55,592] [WARNING] [src.ui.utils.tilemap_renderer]: Textura para tile_id 13 na célula (9, 11) não encontrada.
[2026-09-05 20:56:55,592] [WARNING] [src.domain.loaders.tileset_manager]: tile_id 13 fora dos limites para tileset 'estrada_vale' (total de tiles: 0).
[2026-09-05 20:56:55,592] [WARNING] [src.ui.utils.tilemap_renderer]: Textura para tile_id 13 na célula (10, 11) não encontrada.
[2026-09-05 20:56:55,593] [WARNING] [src.domain.loaders.tileset_manager]: tile_id 13 fora dos limites para tileset 'estrada_vale' (total de tiles: 0).
[2026-09-05 20:56:55,593] [WARNING] [src.ui.utils.tilemap_renderer]: Textura para tile_id 13 na célula (11, 11) não encontrada.
[2026-09-05 20:56:55,593] [WARNING] [src.domain.loaders.tileset_manager]: tile_id 13 fora dos limites para tileset 'estrada_vale' (total de tiles: 0).
[2026-09-05 20:56:55,594] [WARNING] [src.ui.utils.tilemap_renderer]: Textura para tile_id 13 na célula (12, 11) não encontrada.
[2026-09-05 20:56:55,594] [WARNING] [src.domain.loaders.tileset_manager]: tile_id 13 fora dos limites para tileset 'estrada_vale' (total de tiles: 0).
[2026-09-05 20:56:55,594] [WARNING] [src.ui.utils.tilemap_renderer]: Textura para tile_id 13 na célula (13, 11) não encontrada.
[2026-09-05 20:56:55,595] [WARNING] [src.domain.loaders.tileset_manager]: tile_id 13 fora dos limites para tileset 'estrada_vale' (total de tiles: 0).
[2026-09-05 20:56:55,595] [WARNING] [src.ui.utils.tilemap_renderer]: Textura para tile_id 13 na célula (14, 11) não encontrada.
[2026-09-05 20:56:55,595] [WARNING] [src.domain.loaders.tileset_manager]: tile_id 13 fora dos limites para tileset 'estrada_vale' (total de tiles: 0).
[2026-09-05 20:56:55,595] [WARNING] [src.ui.utils.tilemap_renderer]: Textura para tile_id 13 na célula (15, 11) não encontrada.
[2026-09-05 20:56:55,596] [WARNING] [src.domain.loaders.tileset_manager]: tile_id 13 fora dos limites para tileset 'estrada_vale' (total de tiles: 0).
[2026-09-05 20:56:55,596] [WARNING] [src.ui.utils.tilemap_renderer]: Textura para tile_id 13 na célula (16, 11) não encontrada.
[2026-09-05 20:56:55,596] [WARNING] [src.domain.loaders.tileset_manager]: tile_id 13 fora dos limites para tileset 'estrada_vale' (total de tiles: 0).
[2026-09-05 20:56:55,597] [WARNING] [src.ui.utils.tilemap_renderer]: Textura para tile_id 13 na célula (17, 11) não encontrada.
[2026-09-05 20:56:55,598] [WARNING] [src.domain.loaders.tileset_manager]: tile_id 13 fora dos limites para tileset 'estrada_vale' (total de tiles: 0).
[2026-09-05 20:56:55,598] [WARNING] [src.ui.utils.tilemap_renderer]: Textura para tile_id 13 na célula (18, 11) não encontrada.
[2026-09-05 20:56:55,598] [WARNING] [src.domain.loaders.tileset_manager]: tile_id 13 fora dos limites para tileset 'estrada_vale' (total de tiles: 0).
[2026-09-05 20:56:55,598] [WARNING] [src.ui.utils.tilemap_renderer]: Textura para tile_id 13 na célula (19, 11) não encontrada.
[2026-09-05 20:56:55,599] [WARNING] [src.domain.loaders.tileset_manager]: tile_id 13 fora dos limites para tileset 'estrada_vale' (total de tiles: 0).
[2026-09-05 20:56:55,599] [WARNING] [src.ui.utils.tilemap_renderer]: Textura para tile_id 13 na célula (20, 11) não encontrada.
[2026-09-05 20:56:55,612] [INFO] [src.ui.utils.tilemap_renderer]: TileMapRenderer montado: 0 ground sprites e 15 prop sprites para mapa 'estrada_vale' (21x12).
[2026-09-05 20:57:39,829] [INFO] [src.manager.session_manager]: Iniciando encontro: encounter_04092026064728
[2026-09-05 20:57:39,833] [INFO] [src.domain.loaders.tile_map_loader]: TileMap carregado com sucesso a partir de 'estrada_vale.json'.
[2026-09-05 20:57:39,834] [INFO] [src.manager.combat_manager]: Encontro carregado: 'Emboscada na Floresta' (encounter_04092026064728) [tipo=tilemap] com 5 combatentes.
[2026-09-05 20:57:39,866] [INFO] [src.domain.loaders.tileset_manager]: TilesetManager 'Sprite-0007' inicializado: 70 tiles fatiados a partir de 'Sprite-0007.png'.
[2026-09-05 20:57:39,885] [INFO] [src.ui.utils.tilemap_renderer]: TileMapRenderer montado: 252 ground sprites e 15 prop sprites para mapa 'Sprite-0007' (21x12).
[2026-09-05 20:57:39,910] [INFO] [src.ui.utils.tilemap_renderer]: TileMapRenderer montado: 252 ground sprites e 15 prop sprites para mapa 'Sprite-0007' (21x12).
[2026-09-05 20:58:31,605] [INFO] [src.ui.dm.creator.config_form]: Modo de mapa alterado para 'tilemap'.
[2026-09-05 20:58:31,697] [INFO] [src.domain.loaders.tile_map_loader]: TileMap carregado com sucesso a partir de 'acampamento_vale.json'.
[2026-09-05 20:58:31,728] [INFO] [src.ui.utils.tilemap_renderer]: TileMapRenderer montado: 252 ground sprites e 8 prop sprites para mapa 'Sprite-007' (21x12).
[2026-09-05 20:58:33,282] [ERROR] [src.domain.loaders.tile_map_loader]: Arquivo de mapa não encontrado: 'creations/maps/Sprite-0007_map.json'
[2026-09-05 20:58:33,284] [WARNING] [src.ui.dm.creator.config_form]: Erro ao carregar preview do TileMap 'creations/maps/Sprite-0007_map.json': Arquivo de mapa não encontrado: 'creations/maps/Sprite-0007_map.json'
[2026-09-05 20:58:33,370] [ERROR] [src.domain.loaders.tile_map_loader]: Arquivo de mapa não encontrado: 'creations/maps/Sprite-0007_map.json'
[2026-09-05 20:58:33,371] [WARNING] [src.ui.dm.creator.config_form]: Erro ao carregar preview do TileMap 'creations/maps/Sprite-0007_map.json': Arquivo de mapa não encontrado: 'creations/maps/Sprite-0007_map.json'
[2026-09-05 20:58:33,453] [ERROR] [src.domain.loaders.tile_map_loader]: Arquivo de mapa não encontrado: 'creations/maps/Sprite-0007_map.json'
[2026-09-05 20:58:33,453] [WARNING] [src.ui.dm.creator.config_form]: Erro ao carregar preview do TileMap 'creations/maps/Sprite-0007_map.json': Arquivo de mapa não encontrado: 'creations/maps/Sprite-0007_map.json'
[2026-09-05 20:58:33,528] [ERROR] [src.domain.loaders.tile_map_loader]: Arquivo de mapa não encontrado: 'creations/maps/Sprite-0007_map.json'
[2026-09-05 20:58:33,529] [WARNING] [src.ui.dm.creator.config_form]: Erro ao carregar preview do TileMap 'creations/maps/Sprite-0007_map.json': Arquivo de mapa não encontrado: 'creations/maps/Sprite-0007_map.json'
[2026-09-05 20:58:33,614] [ERROR] [src.domain.loaders.tile_map_loader]: Arquivo de mapa não encontrado: 'creations/maps/Sprite-0007_map.json'
[2026-09-05 20:58:33,615] [WARNING] [src.ui.dm.creator.config_form]: Erro ao carregar preview do TileMap 'creations/maps/Sprite-0007_map.json': Arquivo de mapa não encontrado: 'creations/maps/Sprite-0007_map.json'
[2026-09-05 20:58:33,692] [ERROR] [src.domain.loaders.tile_map_loader]: Arquivo de mapa não encontrado: 'creations/maps/Sprite-0007_map.json'
[2026-09-05 20:58:33,692] [WARNING] [src.ui.dm.creator.config_form]: Erro ao carregar preview do TileMap 'creations/maps/Sprite-0007_map.json': Arquivo de mapa não encontrado: 'creations/maps/Sprite-0007_map.json'
[2026-09-05 20:58:33,776] [ERROR] [src.domain.loaders.tile_map_loader]: Arquivo de mapa não encontrado: 'creations/maps/Sprite-0007_map.json'
[2026-09-05 20:58:33,776] [WARNING] [src.ui.dm.creator.config_form]: Erro ao carregar preview do TileMap 'creations/maps/Sprite-0007_map.json': Arquivo de mapa não encontrado: 'creations/maps/Sprite-0007_map.json'
[2026-09-05 20:58:33,851] [ERROR] [src.domain.loaders.tile_map_loader]: Arquivo de mapa não encontrado: 'creations/maps/Sprite-0007_map.json'
[2026-09-05 20:58:33,851] [WARNING] [src.ui.dm.creator.config_form]: Erro ao carregar preview do TileMap 'creations/maps/Sprite-0007_map.json': Arquivo de mapa não encontrado: 'creations/maps/Sprite-0007_map.json'
[2026-09-05 20:58:33,938] [ERROR] [src.domain.loaders.tile_map_loader]: Arquivo de mapa não encontrado: 'creations/maps/Sprite-0007_map.json'
[2026-09-05 20:58:33,938] [WARNING] [src.ui.dm.creator.config_form]: Erro ao carregar preview do TileMap 'creations/maps/Sprite-0007_map.json': Arquivo de mapa não encontrado: 'creations/maps/Sprite-0007_map.json'
[2026-09-05 20:58:34,009] [ERROR] [src.domain.loaders.tile_map_loader]: Arquivo de mapa não encontrado: 'creations/maps/Sprite-0007_map.json'
[2026-09-05 20:58:34,009] [WARNING] [src.ui.dm.creator.config_form]: Erro ao carregar preview do TileMap 'creations/maps/Sprite-0007_map.json': Arquivo de mapa não encontrado: 'creations/maps/Sprite-0007_map.json'
[2026-09-05 20:58:34,092] [ERROR] [src.domain.loaders.tile_map_loader]: Arquivo de mapa não encontrado: 'creations/maps/Sprite-0007_map.json'
[2026-09-05 20:58:34,092] [WARNING] [src.ui.dm.creator.config_form]: Erro ao carregar preview do TileMap 'creations/maps/Sprite-0007_map.json': Arquivo de mapa não encontrado: 'creations/maps/Sprite-0007_map.json'
[2026-09-05 20:58:34,164] [ERROR] [src.domain.loaders.tile_map_loader]: Arquivo de mapa não encontrado: 'creations/maps/Sprite-0007_map.json'
[2026-09-05 20:58:34,165] [WARNING] [src.ui.dm.creator.config_form]: Erro ao carregar preview do TileMap 'creations/maps/Sprite-0007_map.json': Arquivo de mapa não encontrado: 'creations/maps/Sprite-0007_map.json'
[2026-09-05 20:58:34,246] [ERROR] [src.domain.loaders.tile_map_loader]: Arquivo de mapa não encontrado: 'creations/maps/Sprite-0007_map.json'
[2026-09-05 20:58:34,247] [WARNING] [src.ui.dm.creator.config_form]: Erro ao carregar preview do TileMap 'creations/maps/Sprite-0007_map.json': Arquivo de mapa não encontrado: 'creations/maps/Sprite-0007_map.json'
[2026-09-05 20:58:34,319] [ERROR] [src.domain.loaders.tile_map_loader]: Arquivo de mapa não encontrado: 'creations/maps/Sprite-0007_map.json'
[2026-09-05 20:58:34,320] [WARNING] [src.ui.dm.creator.config_form]: Erro ao carregar preview do TileMap 'creations/maps/Sprite-0007_map.json': Arquivo de mapa não encontrado: 'creations/maps/Sprite-0007_map.json'
[2026-09-05 20:58:34,404] [ERROR] [src.domain.loaders.tile_map_loader]: Arquivo de mapa não encontrado: 'creations/maps/Sprite-0007_map.json'
[2026-09-05 20:58:34,405] [WARNING] [src.ui.dm.creator.config_form]: Erro ao carregar preview do TileMap 'creations/maps/Sprite-0007_map.json': Arquivo de mapa não encontrado: 'creations/maps/Sprite-0007_map.json'
[2026-09-05 20:58:34,479] [ERROR] [src.domain.loaders.tile_map_loader]: Arquivo de mapa não encontrado: 'creations/maps/Sprite-0007_map.json'
[2026-09-05 20:58:34,480] [WARNING] [src.ui.dm.creator.config_form]: Erro ao carregar preview do TileMap 'creations/maps/Sprite-0007_map.json': Arquivo de mapa não encontrado: 'creations/maps/Sprite-0007_map.json'
[2026-09-05 20:58:34,566] [ERROR] [src.domain.loaders.tile_map_loader]: Arquivo de mapa não encontrado: 'creations/maps/Sprite-0007_map.json'
[2026-09-05 20:58:34,567] [WARNING] [src.ui.dm.creator.config_form]: Erro ao carregar preview do TileMap 'creations/maps/Sprite-0007_map.json': Arquivo de mapa não encontrado: 'creations/maps/Sprite-0007_map.json'
[2026-09-05 20:58:34,645] [ERROR] [src.domain.loaders.tile_map_loader]: Arquivo de mapa não encontrado: 'creations/maps/Sprite-0007_map.json'
[2026-09-05 20:58:34,645] [WARNING] [src.ui.dm.creator.config_form]: Erro ao carregar preview do TileMap 'creations/maps/Sprite-0007_map.json': Arquivo de mapa não encontrado: 'creations/maps/Sprite-0007_map.json'
[2026-09-05 20:58:34,734] [ERROR] [src.domain.loaders.tile_map_loader]: Arquivo de mapa não encontrado: 'creations/maps/Sprite-0007_map.json'
[2026-09-05 20:58:34,734] [WARNING] [src.ui.dm.creator.config_form]: Erro ao carregar preview do TileMap 'creations/maps/Sprite-0007_map.json': Arquivo de mapa não encontrado: 'creations/maps/Sprite-0007_map.json'
[2026-09-05 20:58:34,811] [ERROR] [src.domain.loaders.tile_map_loader]: Arquivo de mapa não encontrado: 'creations/maps/Sprite-0007_map.json'
[2026-09-05 20:58:34,813] [WARNING] [src.ui.dm.creator.config_form]: Erro ao carregar preview do TileMap 'creations/maps/Sprite-0007_map.json': Arquivo de mapa não encontrado: 'creations/maps/Sprite-0007_map.json'
[2026-09-05 20:58:34,900] [ERROR] [src.domain.loaders.tile_map_loader]: Arquivo de mapa não encontrado: 'creations/maps/Sprite-0007_map.json'
[2026-09-05 20:58:34,901] [WARNING] [src.ui.dm.creator.config_form]: Erro ao carregar preview do TileMap 'creations/maps/Sprite-0007_map.json': Arquivo de mapa não encontrado: 'creations/maps/Sprite-0007_map.json'
[2026-09-05 20:58:34,982] [ERROR] [src.domain.loaders.tile_map_loader]: Arquivo de mapa não encontrado: 'creations/maps/Sprite-0007_map.json'
[2026-09-05 20:58:34,982] [WARNING] [src.ui.dm.creator.config_form]: Erro ao carregar preview do TileMap 'creations/maps/Sprite-0007_map.json': Arquivo de mapa não encontrado: 'creations/maps/Sprite-0007_map.json'
[2026-09-05 20:58:35,072] [ERROR] [src.domain.loaders.tile_map_loader]: Arquivo de mapa não encontrado: 'creations/maps/Sprite-0007_map.json'
[2026-09-05 20:58:35,073] [WARNING] [src.ui.dm.creator.config_form]: Erro ao carregar preview do TileMap 'creations/maps/Sprite-0007_map.json': Arquivo de mapa não encontrado: 'creations/maps/Sprite-0007_map.json'
[2026-09-05 20:58:35,160] [ERROR] [src.domain.loaders.tile_map_loader]: Arquivo de mapa não encontrado: 'creations/maps/Sprite-0007_map.json'
[2026-09-05 20:58:35,160] [WARNING] [src.ui.dm.creator.config_form]: Erro ao carregar preview do TileMap 'creations/maps/Sprite-0007_map.json': Arquivo de mapa não encontrado: 'creations/maps/Sprite-0007_map.json'
[2026-09-05 20:58:35,260] [ERROR] [src.domain.loaders.tile_map_loader]: Arquivo de mapa não encontrado: 'creations/maps/Sprite-0007_map.json'
[2026-09-05 20:58:35,261] [WARNING] [src.ui.dm.creator.config_form]: Erro ao carregar preview do TileMap 'creations/maps/Sprite-0007_map.json': Arquivo de mapa não encontrado: 'creations/maps/Sprite-0007_map.json'
[2026-09-05 20:58:35,355] [ERROR] [src.domain.loaders.tile_map_loader]: Arquivo de mapa não encontrado: 'creations/maps/Sprite-0007_map.json'
[2026-09-05 20:58:35,355] [WARNING] [src.ui.dm.creator.config_form]: Erro ao carregar preview do TileMap 'creations/maps/Sprite-0007_map.json': Arquivo de mapa não encontrado: 'creations/maps/Sprite-0007_map.json'
[2026-09-05 20:58:35,468] [ERROR] [src.domain.loaders.tile_map_loader]: Arquivo de mapa não encontrado: 'creations/maps/Sprite-0007_map.json'
[2026-09-05 20:58:35,469] [WARNING] [src.ui.dm.creator.config_form]: Erro ao carregar preview do TileMap 'creations/maps/Sprite-0007_map.json': Arquivo de mapa não encontrado: 'creations/maps/Sprite-0007_map.json'
[2026-09-05 20:58:35,565] [ERROR] [src.domain.loaders.tile_map_loader]: Arquivo de mapa não encontrado: 'creations/maps/Sprite-0007_map.json'
[2026-09-05 20:58:35,566] [WARNING] [src.ui.dm.creator.config_form]: Erro ao carregar preview do TileMap 'creations/maps/Sprite-0007_map.json': Arquivo de mapa não encontrado: 'creations/maps/Sprite-0007_map.json'
[2026-09-05 20:58:35,675] [ERROR] [src.domain.loaders.tile_map_loader]: Arquivo de mapa não encontrado: 'creations/maps/Sprite-0007_map.json'
[2026-09-05 20:58:35,676] [WARNING] [src.ui.dm.creator.config_form]: Erro ao carregar preview do TileMap 'creations/maps/Sprite-0007_map.json': Arquivo de mapa não encontrado: 'creations/maps/Sprite-0007_map.json'
[2026-09-05 20:58:35,787] [INFO] [src.domain.loaders.tile_map_loader]: TileMap carregado com sucesso a partir de 'test_map_1.json'.
[2026-09-05 20:58:35,790] [INFO] [src.ui.utils.tilemap_renderer]: TileMapRenderer montado: 16 ground sprites e 0 prop sprites para mapa 'test_map_1' (4x4).
[2026-09-05 20:59:07,078] [ERROR] [src.domain.loaders.tile_map_loader]: Arquivo de mapa não encontrado: 'creations/maps/Sprite-0007_map.json'
[2026-09-05 20:59:07,085] [WARNING] [src.ui.dm.creator.config_form]: Erro ao carregar preview do TileMap 'creations/maps/Sprite-0007_map.json': Arquivo de mapa não encontrado: 'creations/maps/Sprite-0007_map.json'
[2026-09-05 20:59:07,167] [ERROR] [src.domain.loaders.tile_map_loader]: Arquivo de mapa não encontrado: 'creations/maps/Sprite-0007_map.json'
[2026-09-05 20:59:07,167] [WARNING] [src.ui.dm.creator.config_form]: Erro ao carregar preview do TileMap 'creations/maps/Sprite-0007_map.json': Arquivo de mapa não encontrado: 'creations/maps/Sprite-0007_map.json'
[2026-09-05 20:59:07,283] [ERROR] [src.domain.loaders.tile_map_loader]: Arquivo de mapa não encontrado: 'creations/maps/Sprite-0007_map.json'
[2026-09-05 20:59:07,283] [WARNING] [src.ui.dm.creator.config_form]: Erro ao carregar preview do TileMap 'creations/maps/Sprite-0007_map.json': Arquivo de mapa não encontrado: 'creations/maps/Sprite-0007_map.json'
[2026-09-05 20:59:07,354] [ERROR] [src.domain.loaders.tile_map_loader]: Arquivo de mapa não encontrado: 'creations/maps/Sprite-0007_map.json'
[2026-09-05 20:59:07,355] [WARNING] [src.ui.dm.creator.config_form]: Erro ao carregar preview do TileMap 'creations/maps/Sprite-0007_map.json': Arquivo de mapa não encontrado: 'creations/maps/Sprite-0007_map.json'
[2026-09-05 20:59:07,438] [ERROR] [src.domain.loaders.tile_map_loader]: Arquivo de mapa não encontrado: 'creations/maps/Sprite-0007_map.json'
[2026-09-05 20:59:07,438] [WARNING] [src.ui.dm.creator.config_form]: Erro ao carregar preview do TileMap 'creations/maps/Sprite-0007_map.json': Arquivo de mapa não encontrado: 'creations/maps/Sprite-0007_map.json'
[2026-09-05 20:59:07,520] [ERROR] [src.domain.loaders.tile_map_loader]: Arquivo de mapa não encontrado: 'creations/maps/Sprite-0007_map.json'
[2026-09-05 20:59:07,521] [WARNING] [src.ui.dm.creator.config_form]: Erro ao carregar preview do TileMap 'creations/maps/Sprite-0007_map.json': Arquivo de mapa não encontrado: 'creations/maps/Sprite-0007_map.json'
[2026-09-05 20:59:07,613] [ERROR] [src.domain.loaders.tile_map_loader]: Arquivo de mapa não encontrado: 'creations/maps/Sprite-0007_map.json'
[2026-09-05 20:59:07,614] [WARNING] [src.ui.dm.creator.config_form]: Erro ao carregar preview do TileMap 'creations/maps/Sprite-0007_map.json': Arquivo de mapa não encontrado: 'creations/maps/Sprite-0007_map.json'
[2026-09-05 20:59:07,696] [ERROR] [src.domain.loaders.tile_map_loader]: Arquivo de mapa não encontrado: 'creations/maps/Sprite-0007_map.json'
[2026-09-05 20:59:07,697] [WARNING] [src.ui.dm.creator.config_form]: Erro ao carregar preview do TileMap 'creations/maps/Sprite-0007_map.json': Arquivo de mapa não encontrado: 'creations/maps/Sprite-0007_map.json'
[2026-09-05 20:59:07,791] [ERROR] [src.domain.loaders.tile_map_loader]: Arquivo de mapa não encontrado: 'creations/maps/Sprite-0007_map.json'
[2026-09-05 20:59:07,792] [WARNING] [src.ui.dm.creator.config_form]: Erro ao carregar preview do TileMap 'creations/maps/Sprite-0007_map.json': Arquivo de mapa não encontrado: 'creations/maps/Sprite-0007_map.json'
[2026-09-05 20:59:07,874] [ERROR] [src.domain.loaders.tile_map_loader]: Arquivo de mapa não encontrado: 'creations/maps/Sprite-0007_map.json'
[2026-09-05 20:59:07,875] [WARNING] [src.ui.dm.creator.config_form]: Erro ao carregar preview do TileMap 'creations/maps/Sprite-0007_map.json': Arquivo de mapa não encontrado: 'creations/maps/Sprite-0007_map.json'
[2026-09-05 20:59:07,969] [ERROR] [src.domain.loaders.tile_map_loader]: Arquivo de mapa não encontrado: 'creations/maps/Sprite-0007_map.json'
[2026-09-05 20:59:07,970] [WARNING] [src.ui.dm.creator.config_form]: Erro ao carregar preview do TileMap 'creations/maps/Sprite-0007_map.json': Arquivo de mapa não encontrado: 'creations/maps/Sprite-0007_map.json'
[2026-09-05 20:59:08,049] [ERROR] [src.domain.loaders.tile_map_loader]: Arquivo de mapa não encontrado: 'creations/maps/Sprite-0007_map.json'
[2026-09-05 20:59:08,050] [WARNING] [src.ui.dm.creator.config_form]: Erro ao carregar preview do TileMap 'creations/maps/Sprite-0007_map.json': Arquivo de mapa não encontrado: 'creations/maps/Sprite-0007_map.json'
[2026-09-05 20:59:08,148] [ERROR] [src.domain.loaders.tile_map_loader]: Arquivo de mapa não encontrado: 'creations/maps/Sprite-0007_map.json'
[2026-09-05 20:59:08,149] [WARNING] [src.ui.dm.creator.config_form]: Erro ao carregar preview do TileMap 'creations/maps/Sprite-0007_map.json': Arquivo de mapa não encontrado: 'creations/maps/Sprite-0007_map.json'
[2026-09-05 20:59:08,233] [ERROR] [src.domain.loaders.tile_map_loader]: Arquivo de mapa não encontrado: 'creations/maps/Sprite-0007_map.json'
[2026-09-05 20:59:08,234] [WARNING] [src.ui.dm.creator.config_form]: Erro ao carregar preview do TileMap 'creations/maps/Sprite-0007_map.json': Arquivo de mapa não encontrado: 'creations/maps/Sprite-0007_map.json'
[2026-09-05 20:59:08,335] [ERROR] [src.domain.loaders.tile_map_loader]: Arquivo de mapa não encontrado: 'creations/maps/Sprite-0007_map.json'
[2026-09-05 20:59:08,336] [WARNING] [src.ui.dm.creator.config_form]: Erro ao carregar preview do TileMap 'creations/maps/Sprite-0007_map.json': Arquivo de mapa não encontrado: 'creations/maps/Sprite-0007_map.json'
[2026-09-05 20:59:08,426] [ERROR] [src.domain.loaders.tile_map_loader]: Arquivo de mapa não encontrado: 'creations/maps/Sprite-0007_map.json'
[2026-09-05 20:59:08,427] [WARNING] [src.ui.dm.creator.config_form]: Erro ao carregar preview do TileMap 'creations/maps/Sprite-0007_map.json': Arquivo de mapa não encontrado: 'creations/maps/Sprite-0007_map.json'
[2026-09-05 20:59:08,523] [ERROR] [src.domain.loaders.tile_map_loader]: Arquivo de mapa não encontrado: 'creations/maps/Sprite-0007_map.json'
[2026-09-05 20:59:08,523] [WARNING] [src.ui.dm.creator.config_form]: Erro ao carregar preview do TileMap 'creations/maps/Sprite-0007_map.json': Arquivo de mapa não encontrado: 'creations/maps/Sprite-0007_map.json'
[2026-09-05 20:59:08,606] [ERROR] [src.domain.loaders.tile_map_loader]: Arquivo de mapa não encontrado: 'creations/maps/Sprite-0007_map.json'
[2026-09-05 20:59:08,606] [WARNING] [src.ui.dm.creator.config_form]: Erro ao carregar preview do TileMap 'creations/maps/Sprite-0007_map.json': Arquivo de mapa não encontrado: 'creations/maps/Sprite-0007_map.json'
[2026-09-05 20:59:08,705] [ERROR] [src.domain.loaders.tile_map_loader]: Arquivo de mapa não encontrado: 'creations/maps/Sprite-0007_map.json'
[2026-09-05 20:59:08,706] [WARNING] [src.ui.dm.creator.config_form]: Erro ao carregar preview do TileMap 'creations/maps/Sprite-0007_map.json': Arquivo de mapa não encontrado: 'creations/maps/Sprite-0007_map.json'
[2026-09-05 20:59:08,832] [ERROR] [src.domain.loaders.tile_map_loader]: Arquivo de mapa não encontrado: 'creations/maps/Sprite-0007_map.json'
[2026-09-05 20:59:08,832] [WARNING] [src.ui.dm.creator.config_form]: Erro ao carregar preview do TileMap 'creations/maps/Sprite-0007_map.json': Arquivo de mapa não encontrado: 'creations/maps/Sprite-0007_map.json'
[2026-09-05 20:59:08,944] [ERROR] [src.domain.loaders.tile_map_loader]: Arquivo de mapa não encontrado: 'creations/maps/Sprite-0007_map.json'
[2026-09-05 20:59:08,945] [WARNING] [src.ui.dm.creator.config_form]: Erro ao carregar preview do TileMap 'creations/maps/Sprite-0007_map.json': Arquivo de mapa não encontrado: 'creations/maps/Sprite-0007_map.json'
[2026-09-05 20:59:09,052] [ERROR] [src.domain.loaders.tile_map_loader]: Arquivo de mapa não encontrado: 'creations/maps/Sprite-0007_map.json'
[2026-09-05 20:59:09,052] [WARNING] [src.ui.dm.creator.config_form]: Erro ao carregar preview do TileMap 'creations/maps/Sprite-0007_map.json': Arquivo de mapa não encontrado: 'creations/maps/Sprite-0007_map.json'
[2026-09-05 20:59:09,173] [ERROR] [src.domain.loaders.tile_map_loader]: Arquivo de mapa não encontrado: 'creations/maps/Sprite-0007_map.json'
[2026-09-05 20:59:09,173] [WARNING] [src.ui.dm.creator.config_form]: Erro ao carregar preview do TileMap 'creations/maps/Sprite-0007_map.json': Arquivo de mapa não encontrado: 'creations/maps/Sprite-0007_map.json'
[2026-09-05 20:59:09,262] [ERROR] [src.domain.loaders.tile_map_loader]: Arquivo de mapa não encontrado: 'creations/maps/Sprite-0007_map.json'
[2026-09-05 20:59:09,263] [WARNING] [src.ui.dm.creator.config_form]: Erro ao carregar preview do TileMap 'creations/maps/Sprite-0007_map.json': Arquivo de mapa não encontrado: 'creations/maps/Sprite-0007_map.json'
[2026-09-05 20:59:09,356] [ERROR] [src.domain.loaders.tile_map_loader]: Arquivo de mapa não encontrado: 'creations/maps/Sprite-0007_map.json'
[2026-09-05 20:59:09,357] [WARNING] [src.ui.dm.creator.config_form]: Erro ao carregar preview do TileMap 'creations/maps/Sprite-0007_map.json': Arquivo de mapa não encontrado: 'creations/maps/Sprite-0007_map.json'
[2026-09-05 20:59:09,444] [ERROR] [src.domain.loaders.tile_map_loader]: Arquivo de mapa não encontrado: 'creations/maps/Sprite-0007_map.json'
[2026-09-05 20:59:09,444] [WARNING] [src.ui.dm.creator.config_form]: Erro ao carregar preview do TileMap 'creations/maps/Sprite-0007_map.json': Arquivo de mapa não encontrado: 'creations/maps/Sprite-0007_map.json'
[2026-09-05 20:59:09,553] [ERROR] [src.domain.loaders.tile_map_loader]: Arquivo de mapa não encontrado: 'creations/maps/Sprite-0007_map.json'
[2026-09-05 20:59:09,553] [WARNING] [src.ui.dm.creator.config_form]: Erro ao carregar preview do TileMap 'creations/maps/Sprite-0007_map.json': Arquivo de mapa não encontrado: 'creations/maps/Sprite-0007_map.json'
[2026-09-05 20:59:09,658] [ERROR] [src.domain.loaders.tile_map_loader]: Arquivo de mapa não encontrado: 'creations/maps/Sprite-0007_map.json'
[2026-09-05 20:59:09,658] [WARNING] [src.ui.dm.creator.config_form]: Erro ao carregar preview do TileMap 'creations/maps/Sprite-0007_map.json': Arquivo de mapa não encontrado: 'creations/maps/Sprite-0007_map.json'
[2026-09-05 20:59:09,758] [ERROR] [src.domain.loaders.tile_map_loader]: Arquivo de mapa não encontrado: 'creations/maps/Sprite-0007_map.json'
[2026-09-05 20:59:09,759] [WARNING] [src.ui.dm.creator.config_form]: Erro ao carregar preview do TileMap 'creations/maps/Sprite-0007_map.json': Arquivo de mapa não encontrado: 'creations/maps/Sprite-0007_map.json'
[2026-09-05 20:59:09,837] [ERROR] [src.domain.loaders.tile_map_loader]: Arquivo de mapa não encontrado: 'creations/maps/Sprite-0007_map.json'
[2026-09-05 20:59:09,838] [WARNING] [src.ui.dm.creator.config_form]: Erro ao carregar preview do TileMap 'creations/maps/Sprite-0007_map.json': Arquivo de mapa não encontrado: 'creations/maps/Sprite-0007_map.json'
[2026-09-05 20:59:09,936] [ERROR] [src.domain.loaders.tile_map_loader]: Arquivo de mapa não encontrado: 'creations/maps/Sprite-0007_map.json'
[2026-09-05 20:59:09,936] [WARNING] [src.ui.dm.creator.config_form]: Erro ao carregar preview do TileMap 'creations/maps/Sprite-0007_map.json': Arquivo de mapa não encontrado: 'creations/maps/Sprite-0007_map.json'
[2026-09-05 20:59:23,248] [ERROR] [src.domain.loaders.tile_map_loader]: Arquivo de mapa não encontrado: 'creations/maps/Sprite-0007_map.json'
[2026-09-05 20:59:23,248] [WARNING] [src.ui.dm.creator.config_form]: Erro ao carregar preview do TileMap 'creations/maps/Sprite-0007_map.json': Arquivo de mapa não encontrado: 'creations/maps/Sprite-0007_map.json'
[2026-09-05 20:59:23,332] [ERROR] [src.domain.loaders.tile_map_loader]: Arquivo de mapa não encontrado: 'creations/maps/Sprite-0007_map.json'
[2026-09-05 20:59:23,333] [WARNING] [src.ui.dm.creator.config_form]: Erro ao carregar preview do TileMap 'creations/maps/Sprite-0007_map.json': Arquivo de mapa não encontrado: 'creations/maps/Sprite-0007_map.json'
[2026-09-05 20:59:23,403] [ERROR] [src.domain.loaders.tile_map_loader]: Arquivo de mapa não encontrado: 'creations/maps/Sprite-0007_map.json'
[2026-09-05 20:59:23,404] [WARNING] [src.ui.dm.creator.config_form]: Erro ao carregar preview do TileMap 'creations/maps/Sprite-0007_map.json': Arquivo de mapa não encontrado: 'creations/maps/Sprite-0007_map.json'
[2026-09-05 20:59:23,485] [ERROR] [src.domain.loaders.tile_map_loader]: Arquivo de mapa não encontrado: 'creations/maps/Sprite-0007_map.json'
[2026-09-05 20:59:23,485] [WARNING] [src.ui.dm.creator.config_form]: Erro ao carregar preview do TileMap 'creations/maps/Sprite-0007_map.json': Arquivo de mapa não encontrado: 'creations/maps/Sprite-0007_map.json'
[2026-09-05 20:59:23,559] [ERROR] [src.domain.loaders.tile_map_loader]: Arquivo de mapa não encontrado: 'creations/maps/Sprite-0007_map.json'
[2026-09-05 20:59:23,560] [WARNING] [src.ui.dm.creator.config_form]: Erro ao carregar preview do TileMap 'creations/maps/Sprite-0007_map.json': Arquivo de mapa não encontrado: 'creations/maps/Sprite-0007_map.json'
[2026-09-05 20:59:23,641] [ERROR] [src.domain.loaders.tile_map_loader]: Arquivo de mapa não encontrado: 'creations/maps/Sprite-0007_map.json'
[2026-09-05 20:59:23,642] [WARNING] [src.ui.dm.creator.config_form]: Erro ao carregar preview do TileMap 'creations/maps/Sprite-0007_map.json': Arquivo de mapa não encontrado: 'creations/maps/Sprite-0007_map.json'
[2026-09-05 20:59:23,717] [ERROR] [src.domain.loaders.tile_map_loader]: Arquivo de mapa não encontrado: 'creations/maps/Sprite-0007_map.json'
[2026-09-05 20:59:23,718] [WARNING] [src.ui.dm.creator.config_form]: Erro ao carregar preview do TileMap 'creations/maps/Sprite-0007_map.json': Arquivo de mapa não encontrado: 'creations/maps/Sprite-0007_map.json'
[2026-09-05 20:59:23,801] [ERROR] [src.domain.loaders.tile_map_loader]: Arquivo de mapa não encontrado: 'creations/maps/Sprite-0007_map.json'
[2026-09-05 20:59:23,801] [WARNING] [src.ui.dm.creator.config_form]: Erro ao carregar preview do TileMap 'creations/maps/Sprite-0007_map.json': Arquivo de mapa não encontrado: 'creations/maps/Sprite-0007_map.json'
[2026-09-05 20:59:25,469] [ERROR] [src.domain.loaders.tile_map_loader]: Arquivo de mapa não encontrado: 'creations/maps/Sprite-0007_map.json'
[2026-09-05 20:59:25,470] [WARNING] [src.ui.dm.creator.config_form]: Erro ao carregar preview do TileMap 'creations/maps/Sprite-0007_map.json': Arquivo de mapa não encontrado: 'creations/maps/Sprite-0007_map.json'
[2026-09-05 20:59:25,555] [ERROR] [src.domain.loaders.tile_map_loader]: Arquivo de mapa não encontrado: 'creations/maps/Sprite-0007_map.json'
[2026-09-05 20:59:25,555] [WARNING] [src.ui.dm.creator.config_form]: Erro ao carregar preview do TileMap 'creations/maps/Sprite-0007_map.json': Arquivo de mapa não encontrado: 'creations/maps/Sprite-0007_map.json'
[2026-09-05 20:59:25,648] [ERROR] [src.domain.loaders.tile_map_loader]: Arquivo de mapa não encontrado: 'creations/maps/Sprite-0007_map.json'
[2026-09-05 20:59:25,649] [WARNING] [src.ui.dm.creator.config_form]: Erro ao carregar preview do TileMap 'creations/maps/Sprite-0007_map.json': Arquivo de mapa não encontrado: 'creations/maps/Sprite-0007_map.json'
[2026-09-05 20:59:25,726] [ERROR] [src.domain.loaders.tile_map_loader]: Arquivo de mapa não encontrado: 'creations/maps/Sprite-0007_map.json'
[2026-09-05 20:59:25,727] [WARNING] [src.ui.dm.creator.config_form]: Erro ao carregar preview do TileMap 'creations/maps/Sprite-0007_map.json': Arquivo de mapa não encontrado: 'creations/maps/Sprite-0007_map.json'
[2026-09-05 20:59:25,815] [ERROR] [src.domain.loaders.tile_map_loader]: Arquivo de mapa não encontrado: 'creations/maps/Sprite-0007_map.json'
[2026-09-05 20:59:25,815] [WARNING] [src.ui.dm.creator.config_form]: Erro ao carregar preview do TileMap 'creations/maps/Sprite-0007_map.json': Arquivo de mapa não encontrado: 'creations/maps/Sprite-0007_map.json'
[2026-09-05 20:59:30,753] [INFO] [src.ui.dm_window]: DMWindow sendo fechada. Encerrando aplicação...
[2026-09-05 20:59:30,820] [INFO] [src.ui.player_window]: Recursos e listeners da PlayerWindow liberados definitivamente (hard close).
[2026-09-05 20:59:31,281] [INFO] [src.ui.dm_window]: DMWindow notificada da ocultação da PlayerWindow.
[2026-09-05 20:59:36,596] [INFO] [MedusaMain]: 🐉 MEDUSA VTT - SISTEMA DE COMBATE E MESA DIGITAL D&D 5E
[2026-09-05 20:59:36,597] [INFO] [MedusaMain]: SessionManager inicializado no estado DisplayState.IDLE.
[2026-09-05 20:59:37,561] [INFO] [src.ui.dm_window]: DMWindow (Arcade GUI Modular) inicializada com sucesso.
[2026-09-05 20:59:37,709] [INFO] [src.ui.player_window]: PlayerWindow instanciada e conectada ao SessionManager.
[2026-09-05 20:59:37,710] [INFO] [MedusaMain]: Janelas ativas: Tela do Mestre (DMWindow) e Tela dos Jogadores (PlayerWindow).
[2026-09-05 20:59:37,711] [INFO] [MedusaMain]: Utilize o painel do Mestre para projetar mídias, gerenciar iniciativas ou movimentar tokens no Grid!
[2026-09-05 20:59:37,711] [INFO] [MedusaMain]: Atalhos Globais: F10 = Abrir/Fechar Tela do Jogador | F11 = Alternar Tela Cheia (Fullscreen).
[2026-09-05 20:59:37,713] [INFO] [src.ui.player_window]: PlayerWindow redimensionada para 1024x768 (fullscreen=False). Viewport recalculada.
[2026-09-05 20:59:44,827] [INFO] [src.ui.dm.creator.config_form]: Modo de mapa alterado para 'tilemap'.
[2026-09-05 20:59:44,897] [INFO] [src.domain.loaders.tile_map_loader]: TileMap carregado com sucesso a partir de 'acampamento_vale.json'.
[2026-09-05 20:59:44,921] [INFO] [src.domain.loaders.tileset_manager]: TilesetManager 'Sprite-007' inicializado: 70 tiles fatiados a partir de 'Sprite-0007.png'.
[2026-09-05 20:59:44,939] [INFO] [src.ui.utils.tilemap_renderer]: TileMapRenderer montado: 252 ground sprites e 8 prop sprites para mapa 'Sprite-007' (21x12).
[2026-09-05 20:59:46,580] [INFO] [src.domain.loaders.tile_map_loader]: TileMap carregado com sucesso a partir de 'estrada_vale.json'.
[2026-09-05 20:59:46,590] [INFO] [src.domain.loaders.tileset_manager]: TilesetManager 'Sprite-0007' inicializado: 70 tiles fatiados a partir de 'Sprite-0007.png'.
[2026-09-05 20:59:46,611] [INFO] [src.ui.utils.tilemap_renderer]: TileMapRenderer montado: 252 ground sprites e 15 prop sprites para mapa 'Sprite-0007' (21x12).
[2026-09-05 21:00:56,287] [INFO] [src.domain.loaders.tile_map_loader]: TileMap carregado com sucesso a partir de 'estrada_vale.json'.
[2026-09-05 21:00:56,317] [INFO] [src.ui.utils.tilemap_renderer]: TileMapRenderer montado: 252 ground sprites e 15 prop sprites para mapa 'Sprite-0007' (21x12).
[2026-09-05 21:00:56,318] [INFO] [src.ui.dm.creator.tactical_stage]: CreatorTacticalStage inicializado com 13 combatentes para o mapa 'Estrada Vale' (Tipo: tilemap).
[2026-09-05 21:01:03,211] [INFO] [src.domain.loaders.tile_map_loader]: TileMap carregado com sucesso a partir de 'estrada_vale.json'.
[2026-09-05 21:01:03,226] [INFO] [src.ui.utils.tilemap_renderer]: TileMapRenderer montado: 252 ground sprites e 15 prop sprites para mapa 'Sprite-0007' (21x12).
[2026-09-05 21:01:03,227] [INFO] [src.ui.dm.creator.tactical_stage]: CreatorTacticalStage inicializado com 13 combatentes para o mapa 'Estrada Vale' (Tipo: tilemap).
[2026-09-05 21:01:06,327] [INFO] [src.ui.dm.creator.tactical_stage]: Token 'Kaz' posicionado no grid: [0, 8].
[2026-09-05 21:01:07,715] [INFO] [src.ui.dm.creator.tactical_stage]: Token 'Ornella' posicionado no grid: [0, 7].
[2026-09-05 21:01:09,485] [INFO] [src.ui.dm.creator.tactical_stage]: Token 'Grunt Kahl' posicionado no grid: [0, 6].
[2026-09-05 21:01:11,147] [INFO] [src.ui.dm.creator.tactical_stage]: Token 'Bolo de Morango' posicionado no grid: [0, 5].
[2026-09-05 21:01:14,239] [INFO] [src.ui.dm.creator.tactical_stage]: Token 'Acólito 1' posicionado no grid: [7, 1].
[2026-09-05 21:01:16,531] [INFO] [src.ui.dm.creator.tactical_stage]: Token 'Acólito 2' posicionado no grid: [7, 11].
[2026-09-05 21:01:17,483] [INFO] [src.ui.dm.creator.tactical_stage]: Token 'Acólito 2' posicionado no grid: [6, 11].
[2026-09-05 21:01:19,273] [INFO] [src.ui.dm.creator.tactical_stage]: Token 'Acólito 1' posicionado no grid: [6, 1].
[2026-09-05 21:01:23,520] [INFO] [src.ui.dm.creator.tactical_stage]: Token 'Cultista 1' posicionado no grid: [11, 4].
[2026-09-05 21:01:25,389] [INFO] [src.ui.dm.creator.tactical_stage]: Token 'Cultista 2' posicionado no grid: [10, 2].
[2026-09-05 21:01:28,713] [INFO] [src.ui.dm.creator.tactical_stage]: Token 'Cultista 3' posicionado no grid: [2, 11].
[2026-09-05 21:01:31,075] [INFO] [src.ui.dm.creator.tactical_stage]: Token 'Cultista 4' posicionado no grid: [17, 11].
[2026-09-05 21:01:33,848] [INFO] [src.ui.dm.creator.tactical_stage]: Token 'Cultista 5' posicionado no grid: [13, 10].
[2026-09-05 21:01:39,011] [INFO] [src.ui.dm.creator.tactical_stage]: Token 'Cultista 6' posicionado no grid: [15, 5].
[2026-09-05 21:01:42,899] [INFO] [src.ui.dm.creator.tactical_stage]: Token 'Veterano' posicionado no grid: [9, 9].
[2026-09-05 21:01:47,894] [INFO] [src.ui.dm.creator.tactical_stage]: Combatente 'Acólito 1' visibilidade alternada para is_hidden=True
[2026-09-05 21:01:48,566] [INFO] [src.ui.dm.creator.tactical_stage]: Combatente 'Acólito 2' visibilidade alternada para is_hidden=True
[2026-09-05 21:01:49,547] [INFO] [src.ui.dm.creator.tactical_stage]: Combatente 'Cultista 1' visibilidade alternada para is_hidden=True
[2026-09-05 21:01:50,149] [INFO] [src.ui.dm.creator.tactical_stage]: Combatente 'Cultista 2' visibilidade alternada para is_hidden=True
[2026-09-05 21:01:50,737] [INFO] [src.ui.dm.creator.tactical_stage]: Combatente 'Cultista 3' visibilidade alternada para is_hidden=True
[2026-09-05 21:01:51,143] [INFO] [src.ui.dm.creator.tactical_stage]: Combatente 'Cultista 4' visibilidade alternada para is_hidden=True
[2026-09-05 21:01:51,646] [INFO] [src.ui.dm.creator.tactical_stage]: Combatente 'Cultista 5' visibilidade alternada para is_hidden=True
[2026-09-05 21:01:52,398] [INFO] [src.ui.dm.creator.tactical_stage]: Combatente 'Cultista 6' visibilidade alternada para is_hidden=True
[2026-09-05 21:01:52,850] [INFO] [src.ui.dm.creator.tactical_stage]: Combatente 'Veterano' visibilidade alternada para is_hidden=True
[2026-09-05 21:01:57,499] [INFO] [src.domain.builders.encounter_builder]: Encontro salvo com sucesso em: 'creations\encounters\encounter_05092026210157.json' (UID: encounter_05092026210157, 13 combatentes).
[2026-09-05 21:01:57,500] [INFO] [src.ui.dm.creator.tactical_stage]: Encontro gravado com sucesso em 'creations\encounters\encounter_05092026210157.json'.
[2026-09-05 21:01:57,552] [INFO] [src.ui.dm.creator.config_form]: Fontes do Criador atualizadas: 4 imagens de mapa, 2 tilemaps, 4 PJs, 10 monstros.
[2026-09-05 21:02:02,546] [INFO] [src.manager.session_manager]: Iniciando encontro: encounter_05092026210157
[2026-09-05 21:02:02,552] [ERROR] [src.domain.loaders.monster_loader]: Preset de monstro 'basic_acolyte' não foi encontrado em: ['presets/monsters', 'presets', '.']
[2026-09-05 21:02:08,644] [INFO] [src.ui.dm_window]: DMWindow sendo fechada. Encerrando aplicação...
[2026-09-05 21:02:08,649] [INFO] [src.ui.player_window]: Recursos e listeners da PlayerWindow liberados definitivamente (hard close).
[2026-09-05 21:02:08,873] [INFO] [src.ui.dm_window]: DMWindow notificada da ocultação da PlayerWindow.
[2026-09-05 21:02:34,555] [INFO] [MedusaMain]: 🐉 MEDUSA VTT - SISTEMA DE COMBATE E MESA DIGITAL D&D 5E
[2026-09-05 21:02:34,557] [INFO] [MedusaMain]: SessionManager inicializado no estado DisplayState.IDLE.
[2026-09-05 21:02:35,364] [INFO] [src.ui.dm_window]: DMWindow (Arcade GUI Modular) inicializada com sucesso.
[2026-09-05 21:02:35,537] [INFO] [src.ui.player_window]: PlayerWindow instanciada e conectada ao SessionManager.
[2026-09-05 21:02:35,537] [INFO] [MedusaMain]: Janelas ativas: Tela do Mestre (DMWindow) e Tela dos Jogadores (PlayerWindow).
[2026-09-05 21:02:35,539] [INFO] [MedusaMain]: Utilize o painel do Mestre para projetar mídias, gerenciar iniciativas ou movimentar tokens no Grid!
[2026-09-05 21:02:35,539] [INFO] [MedusaMain]: Atalhos Globais: F10 = Abrir/Fechar Tela do Jogador | F11 = Alternar Tela Cheia (Fullscreen).
[2026-09-05 21:02:35,541] [INFO] [src.ui.player_window]: PlayerWindow redimensionada para 1024x768 (fullscreen=False). Viewport recalculada.
[2026-09-05 21:02:38,012] [INFO] [src.manager.session_manager]: Iniciando encontro: encounter_05092026210157
[2026-09-05 21:02:38,018] [INFO] [src.domain.loaders.tile_map_loader]: TileMap carregado com sucesso a partir de 'estrada_vale.json'.
[2026-09-05 21:02:38,019] [INFO] [src.manager.combat_manager]: Encontro carregado: 'Emboscada na Floresta' (encounter_05092026210157) [tipo=tilemap] com 13 combatentes.
[2026-09-05 21:02:38,240] [INFO] [src.domain.loaders.tileset_manager]: TilesetManager 'Sprite-0007' inicializado: 70 tiles fatiados a partir de 'Sprite-0007.png'.
[2026-09-05 21:02:38,264] [INFO] [src.ui.utils.tilemap_renderer]: TileMapRenderer montado: 252 ground sprites e 15 prop sprites para mapa 'Sprite-0007' (21x12).
[2026-09-05 21:02:38,409] [INFO] [src.ui.utils.tilemap_renderer]: TileMapRenderer montado: 252 ground sprites e 15 prop sprites para mapa 'Sprite-0007' (21x12).
[2026-09-05 21:02:45,422] [INFO] [src.ui.player_window]: PlayerWindow redimensionada para 1920x1080 (fullscreen=True). Viewport recalculada.
[2026-09-05 21:02:45,430] [INFO] [src.ui.player_window]: PlayerWindow redimensionada para 1920x1080 (fullscreen=True). Viewport recalculada.
[2026-09-05 21:02:45,439] [INFO] [src.ui.player_window]: PlayerWindow redimensionada para 1920x1080 (fullscreen=True). Viewport recalculada.
[2026-09-05 21:02:45,440] [INFO] [src.ui.player_window]: PlayerWindow redimensionada para 1920x1080 (fullscreen=True). Viewport recalculada.
[2026-09-05 21:02:45,442] [INFO] [src.ui.player_window]: PlayerWindow colocada em tela cheia.
[2026-09-05 21:02:51,865] [INFO] [src.manager.combat_manager]: Iniciativas consolidadas e aplicadas para 13 combatentes. Turno ativo: 'Cultista 6' (Rodada 1).
[2026-09-05 21:02:58,962] [INFO] [src.manager.combat_manager]: Combatente 'Cultista 6' revelado com sucesso e posicionado como próximo a agir na fila de turnos.
[2026-09-05 21:03:03,994] [INFO] [src.manager.combat_manager]: Passar Turno: combatente ativo 'Bolo de Morango' (Rodada 1).
[2026-09-05 21:03:05,177] [INFO] [src.manager.combat_manager]: Passar Turno: combatente ativo 'Cultista 2' (Rodada 1).
[2026-09-05 21:03:07,846] [INFO] [src.manager.combat_manager]: Passar Turno: combatente ativo 'Cultista 1' (Rodada 1).
[2026-09-05 21:03:08,824] [INFO] [src.manager.combat_manager]: Passar Turno: combatente ativo 'Grunt Kahl' (Rodada 1).
[2026-09-05 21:03:10,315] [INFO] [src.manager.combat_manager]: Passar Turno: combatente ativo 'Ornella' (Rodada 1).
[2026-09-05 21:03:11,155] [INFO] [src.manager.combat_manager]: Passar Turno: combatente ativo 'Veterano' (Rodada 1).
[2026-09-05 21:03:11,402] [INFO] [src.manager.combat_manager]: Passar Turno: combatente ativo 'Cultista 4' (Rodada 1).
[2026-09-05 21:03:11,651] [INFO] [src.manager.combat_manager]: Passar Turno: combatente ativo 'Kaz' (Rodada 1).
[2026-09-05 21:03:11,826] [INFO] [src.manager.combat_manager]: Passar Turno: combatente ativo 'Cultista 3' (Rodada 1).
[2026-09-05 21:03:12,019] [INFO] [src.manager.combat_manager]: Passar Turno: combatente ativo 'Cultista 5' (Rodada 1).
[2026-09-05 21:03:12,193] [INFO] [src.manager.combat_manager]: Passar Turno: combatente ativo 'Acólito 2' (Rodada 1).
[2026-09-05 21:03:12,455] [INFO] [src.manager.combat_manager]: Passar Turno: combatente ativo 'Acólito 1' (Rodada 1).
[2026-09-05 21:03:12,867] [INFO] [src.manager.combat_manager]: Passar Turno: combatente ativo 'Cultista 6' (Rodada 2).
[2026-09-05 21:03:13,228] [INFO] [src.manager.combat_manager]: Passar Turno: combatente ativo 'Bolo de Morango' (Rodada 2).
[2026-09-05 21:03:13,588] [INFO] [src.manager.combat_manager]: Passar Turno: combatente ativo 'Cultista 2' (Rodada 2).
[2026-09-05 21:03:13,967] [INFO] [src.manager.combat_manager]: Passar Turno: combatente ativo 'Cultista 1' (Rodada 2).
[2026-09-05 21:03:14,337] [INFO] [src.manager.combat_manager]: Passar Turno: combatente ativo 'Grunt Kahl' (Rodada 2).
[2026-09-05 21:03:14,543] [INFO] [src.manager.combat_manager]: Passar Turno: combatente ativo 'Ornella' (Rodada 2).
[2026-09-05 21:03:14,708] [INFO] [src.manager.combat_manager]: Passar Turno: combatente ativo 'Veterano' (Rodada 2).
[2026-09-05 21:03:14,904] [INFO] [src.manager.combat_manager]: Passar Turno: combatente ativo 'Cultista 4' (Rodada 2).
[2026-09-05 21:03:15,228] [INFO] [src.manager.combat_manager]: Passar Turno: combatente ativo 'Kaz' (Rodada 2).
[2026-09-05 21:03:15,429] [INFO] [src.manager.combat_manager]: Passar Turno: combatente ativo 'Cultista 3' (Rodada 2).
[2026-09-05 21:03:15,608] [INFO] [src.manager.combat_manager]: Passar Turno: combatente ativo 'Cultista 5' (Rodada 2).
[2026-09-05 21:03:15,903] [INFO] [src.manager.combat_manager]: Passar Turno: combatente ativo 'Acólito 2' (Rodada 2).
[2026-09-05 21:03:16,454] [INFO] [src.manager.combat_manager]: Passar Turno: combatente ativo 'Acólito 1' (Rodada 2).
[2026-09-05 21:03:27,228] [INFO] [src.manager.session_manager]: Retornando Tela dos Jogadores para IDLE
[2026-09-05 21:03:27,228] [INFO] [src.manager.combat_manager]: Resetando estado de combate do encontro: 'Emboscada na Floresta' (encounter_05092026210157).
[2026-09-05 21:03:27,229] [INFO] [src.manager.combat_manager]: Estado do CombatManager resetado com sucesso.
[2026-09-05 21:03:29,267] [INFO] [src.ui.dm_window]: DMWindow sendo fechada. Encerrando aplicação...
[2026-09-05 21:03:29,268] [INFO] [src.ui.player_window]: Recursos e listeners da PlayerWindow liberados definitivamente (hard close).
[2026-09-05 21:03:29,450] [INFO] [src.ui.dm_window]: DMWindow notificada da ocultação da PlayerWindow.
[2026-09-06 11:20:54,309] [INFO] [MedusaMain]: 🐉 MEDUSA VTT - SISTEMA DE COMBATE E MESA DIGITAL D&D 5E
[2026-09-06 11:20:54,311] [INFO] [MedusaMain]: SessionManager inicializado no estado DisplayState.IDLE.
[2026-09-06 11:20:54,758] [INFO] [src.ui.dm_window]: DMWindow (Arcade GUI Modular) inicializada com sucesso.
[2026-09-06 11:20:54,852] [INFO] [src.ui.player_window]: PlayerWindow instanciada e conectada ao SessionManager.
[2026-09-06 11:20:54,853] [INFO] [MedusaMain]: Janelas ativas: Tela do Mestre (DMWindow) e Tela dos Jogadores (PlayerWindow).
[2026-09-06 11:20:54,853] [INFO] [MedusaMain]: Utilize o painel do Mestre para projetar mídias, gerenciar iniciativas ou movimentar tokens no Grid!
[2026-09-06 11:20:54,854] [INFO] [MedusaMain]: Atalhos Globais: F10 = Abrir/Fechar Tela do Jogador | F11 = Alternar Tela Cheia (Fullscreen).
[2026-09-06 11:20:54,854] [INFO] [src.ui.player_window]: PlayerWindow redimensionada para 1024x768 (fullscreen=False). Viewport recalculada.
[2026-09-06 11:21:39,650] [INFO] [src.domain.models.fog_manager]: Estado de névoa carregado: 0 células ativas.
[2026-09-06 11:21:39,651] [INFO] [src.ui.dm.creator.tactical_stage]: CreatorTacticalStage inicializado com 4 combatentes para o mapa 'Dragon Hatchery' (Tipo: image).
[2026-09-06 11:21:48,062] [INFO] [src.domain.models.fog_manager]: Estado de névoa carregado: 0 células ativas.
[2026-09-06 11:21:48,063] [INFO] [src.ui.dm.creator.tactical_stage]: CreatorTacticalStage inicializado com 4 combatentes para o mapa 'Dragon Hatchery' (Tipo: image).
[2026-09-06 11:21:52,252] [INFO] [src.domain.models.fog_manager]: Estado de névoa carregado: 0 células ativas.
[2026-09-06 11:21:52,253] [INFO] [src.ui.dm.creator.tactical_stage]: CreatorTacticalStage inicializado com 4 combatentes para o mapa 'Dragon Hatchery' (Tipo: image).
[2026-09-06 11:22:01,814] [INFO] [src.domain.models.fog_manager]: Estado de névoa carregado: 0 células ativas.
[2026-09-06 11:22:01,815] [INFO] [src.ui.dm.creator.tactical_stage]: CreatorTacticalStage inicializado com 4 combatentes para o mapa 'Dragon Hatchery' (Tipo: image).
[2026-09-06 11:22:09,291] [INFO] [src.domain.models.fog_manager]: Estado de névoa carregado: 0 células ativas.
[2026-09-06 11:22:09,292] [INFO] [src.ui.dm.creator.tactical_stage]: CreatorTacticalStage inicializado com 4 combatentes para o mapa 'Dragon Hatchery' (Tipo: image).
[2026-09-06 11:22:18,462] [INFO] [src.domain.models.fog_manager]: Névoa de guerra aplicada a todas as 1560 células (52x30).
[2026-09-06 11:22:50,098] [INFO] [src.ui.dm.creator.tactical_stage]: Token 'Kaz' posicionado no grid: [0, 19].
[2026-09-06 11:22:56,075] [INFO] [src.domain.builders.encounter_builder]: Encontro salvo com sucesso em: 'creations\encounters\encounter_06092026112256.json' (UID: encounter_06092026112256, 4 combatentes).
[2026-09-06 11:22:56,076] [INFO] [src.ui.dm.creator.tactical_stage]: Encontro gravado com sucesso em 'creations\encounters\encounter_06092026112256.json'.
[2026-09-06 11:23:01,426] [INFO] [src.ui.dm.creator.tactical_stage]: Token 'Ornella' posicionado no grid: [0, 18].
[2026-09-06 11:23:03,704] [INFO] [src.ui.dm.creator.tactical_stage]: Token 'Grunt Kahl' posicionado no grid: [0, 17].
[2026-09-06 11:23:05,908] [INFO] [src.ui.dm.creator.tactical_stage]: Token 'Bolo de Morango' posicionado no grid: [0, 16].
[2026-09-06 11:23:09,818] [INFO] [src.domain.builders.encounter_builder]: Encontro salvo com sucesso em: 'creations\encounters\encounter_06092026112309.json' (UID: encounter_06092026112309, 4 combatentes).
[2026-09-06 11:23:09,819] [INFO] [src.ui.dm.creator.tactical_stage]: Encontro gravado com sucesso em 'creations\encounters\encounter_06092026112309.json'.
[2026-09-06 11:23:09,839] [INFO] [src.ui.dm.creator.config_form]: Fontes do Criador atualizadas: 4 imagens de mapa, 4 tilemaps, 4 PJs, 10 monstros.
[2026-09-06 11:23:11,087] [INFO] [src.domain.builders.encounter_builder]: Encontro salvo com sucesso em: 'creations\encounters\encounter_06092026112311.json' (UID: encounter_06092026112311, 4 combatentes).
[2026-09-06 11:23:11,088] [INFO] [src.ui.dm.creator.tactical_stage]: Encontro gravado com sucesso em 'creations\encounters\encounter_06092026112311.json'.
[2026-09-06 11:23:11,106] [INFO] [src.ui.dm.creator.config_form]: Fontes do Criador atualizadas: 4 imagens de mapa, 4 tilemaps, 4 PJs, 10 monstros.
[2026-09-06 11:23:15,333] [INFO] [src.manager.session_manager]: Iniciando encontro: encounter_06092026112256
[2026-09-06 11:23:15,338] [INFO] [src.domain.models.fog_manager]: Estado de névoa carregado: 1509 células ativas.
[2026-09-06 11:23:15,339] [INFO] [src.manager.combat_manager]: Encontro carregado: 'Emboscada na Floresta' (encounter_06092026112256) [tipo=image] com 4 combatentes e 1509 células de névoa.
[2026-09-06 11:23:18,249] [INFO] [src.ui.player_window]: PlayerWindow redimensionada para 1920x1080 (fullscreen=True). Viewport recalculada.
[2026-09-06 11:23:18,252] [INFO] [src.ui.player_window]: PlayerWindow redimensionada para 1920x1080 (fullscreen=True). Viewport recalculada.
[2026-09-06 11:23:18,256] [INFO] [src.ui.player_window]: PlayerWindow redimensionada para 1920x1080 (fullscreen=True). Viewport recalculada.
[2026-09-06 11:23:18,257] [INFO] [src.ui.player_window]: PlayerWindow redimensionada para 1920x1080 (fullscreen=True). Viewport recalculada.
[2026-09-06 11:23:18,257] [INFO] [src.ui.player_window]: PlayerWindow colocada em tela cheia.
[2026-09-06 11:23:29,025] [INFO] [src.manager.combat_manager]: Movimento no Grid: 'Ornella' movido de (1, 0) para (0, 18).
[2026-09-06 11:23:31,037] [INFO] [src.manager.combat_manager]: Movimento no Grid: 'Grunt Kahl' movido de (2, 0) para (0, 17).
[2026-09-06 11:23:33,325] [INFO] [src.manager.combat_manager]: Movimento no Grid: 'Bolo de Morango' movido de (3, 0) para (0, 16).
[2026-09-06 11:24:29,197] [INFO] [src.ui.dm_window]: DMWindow sendo fechada. Encerrando aplicação...
[2026-09-06 11:24:29,201] [INFO] [src.ui.player_window]: Recursos e listeners da PlayerWindow liberados definitivamente (hard close).
[2026-09-06 11:24:29,308] [INFO] [src.ui.dm_window]: DMWindow notificada da ocultação da PlayerWindow.
[2026-09-06 11:34:02,978] [INFO] [MedusaMain]: 🐉 MEDUSA VTT - SISTEMA DE COMBATE E MESA DIGITAL D&D 5E
[2026-09-06 11:34:02,981] [INFO] [MedusaMain]: SessionManager inicializado no estado DisplayState.IDLE.
[2026-09-06 11:34:03,428] [INFO] [src.ui.dm_window]: DMWindow (Arcade GUI Modular) inicializada com sucesso.
[2026-09-06 11:34:03,524] [INFO] [src.ui.player_window]: PlayerWindow instanciada e conectada ao SessionManager.
[2026-09-06 11:34:03,524] [INFO] [MedusaMain]: Janelas ativas: Tela do Mestre (DMWindow) e Tela dos Jogadores (PlayerWindow).
[2026-09-06 11:34:03,524] [INFO] [MedusaMain]: Utilize o painel do Mestre para projetar mídias, gerenciar iniciativas ou movimentar tokens no Grid!
[2026-09-06 11:34:03,526] [INFO] [MedusaMain]: Atalhos Globais: F10 = Abrir/Fechar Tela do Jogador | F11 = Alternar Tela Cheia (Fullscreen).
[2026-09-06 11:34:03,526] [INFO] [src.ui.player_window]: PlayerWindow redimensionada para 1024x768 (fullscreen=False). Viewport recalculada.
[2026-09-06 11:34:14,694] [INFO] [src.ui.dm.creator.config_form]: Modo de mapa alterado para 'tilemap'.
[2026-09-06 11:34:14,696] [INFO] [src.ui.dm.creator.config_form]: CreatorConfigForm carregado para edição com 4 PJs e 9 monstros.
[2026-09-06 11:34:14,696] [INFO] [src.domain.models.fog_manager]: Estado de névoa carregado: 0 células ativas.
[2026-09-06 11:34:14,697] [INFO] [src.domain.loaders.tile_map_loader]: TileMap carregado com sucesso a partir de 'estrada_vale.json'.
[2026-09-06 11:34:14,706] [INFO] [src.domain.loaders.tileset_manager]: TilesetManager 'Sprite-0007' inicializado: 70 tiles fatiados a partir de 'Sprite-0007.png'.
[2026-09-06 11:34:14,729] [INFO] [src.ui.utils.tilemap_renderer]: TileMapRenderer montado: 252 ground sprites e 15 prop sprites para mapa 'Sprite-0007' (21x12).
[2026-09-06 11:34:14,730] [INFO] [src.ui.dm.creator.tactical_stage]: CreatorTacticalStage inicializado com 13 combatentes para o mapa 'Estrada Vale' (Tipo: tilemap, Edição: True).
[2026-09-06 11:34:14,731] [INFO] [src.ui.dm.encounter_creator_tab]: EncounterCreatorTabView transicionado para edição do encontro 'encounter_05092026210157' (13 combatentes restaurados).
[2026-09-06 11:34:14,731] [INFO] [src.ui.dm_window]: DMWindow: transicionado para Encounter Builder para edição de 'Emboscada na Floresta'.
[2026-09-06 11:34:14,929] [INFO] [src.domain.loaders.tile_map_loader]: TileMap carregado com sucesso a partir de 'estrada_vale.json'.
[2026-09-06 11:34:14,943] [INFO] [src.ui.utils.tilemap_renderer]: TileMapRenderer montado: 252 ground sprites e 15 prop sprites para mapa 'Sprite-0007' (21x12).
[2026-09-06 11:34:32,379] [INFO] [src.domain.models.fog_manager]: Estado de névoa carregado: 0 células ativas.
[2026-09-06 11:34:32,381] [INFO] [src.domain.loaders.tile_map_loader]: TileMap carregado com sucesso a partir de 'estrada_vale.json'.
[2026-09-06 11:34:32,395] [INFO] [src.ui.utils.tilemap_renderer]: TileMapRenderer montado: 252 ground sprites e 15 prop sprites para mapa 'Sprite-0007' (21x12).
[2026-09-06 11:34:32,396] [INFO] [src.ui.dm.creator.tactical_stage]: CreatorTacticalStage inicializado com 13 combatentes para o mapa 'Estrada Vale' (Tipo: tilemap, Edição: True).
[2026-09-06 11:34:34,741] [INFO] [src.domain.builders.encounter_builder]: Encontro salvo com sucesso em: 'creations\encounters\encounter_05092026210157.json' (UID: encounter_05092026210157, 13 combatentes).
[2026-09-06 11:34:34,742] [INFO] [src.ui.dm.creator.tactical_stage]: Encontro gravado com sucesso em 'creations\encounters\encounter_05092026210157.json' (UID: encounter_05092026210157).
[2026-09-06 11:34:34,763] [INFO] [src.ui.dm.creator.config_form]: Fontes do Criador atualizadas: 4 imagens de mapa, 4 tilemaps, 4 PJs, 10 monstros.
[2026-09-06 11:34:44,259] [INFO] [src.manager.session_manager]: Iniciando encontro: encounter_04092026132440
[2026-09-06 11:34:44,265] [INFO] [src.domain.loaders.tile_map_loader]: TileMap carregado com sucesso a partir de 'acampamento_vale.json'.
[2026-09-06 11:34:44,266] [INFO] [src.domain.models.fog_manager]: Estado de névoa carregado: 0 células ativas.
[2026-09-06 11:34:44,266] [INFO] [src.manager.combat_manager]: Encontro carregado: 'Retardatarios no caminho' (encounter_04092026132440) [tipo=tilemap] com 16 combatentes e 0 células de névoa.
[2026-09-06 11:34:44,421] [INFO] [src.domain.loaders.tileset_manager]: TilesetManager 'Sprite-007' inicializado: 70 tiles fatiados a partir de 'Sprite-0007.png'.
[2026-09-06 11:34:44,429] [INFO] [src.ui.utils.tilemap_renderer]: TileMapRenderer montado: 252 ground sprites e 1 prop sprites para mapa 'Sprite-007' (21x12).
[2026-09-06 11:34:44,458] [INFO] [src.ui.utils.tilemap_renderer]: TileMapRenderer montado: 252 ground sprites e 1 prop sprites para mapa 'Sprite-007' (21x12).
[2026-09-06 11:34:53,304] [INFO] [src.manager.session_manager]: Iniciando encontro: encounter_04092026132531
[2026-09-06 11:34:53,307] [INFO] [src.domain.loaders.tile_map_loader]: TileMap carregado com sucesso a partir de 'acampamento_vale.json'.
[2026-09-06 11:34:53,308] [INFO] [src.domain.models.fog_manager]: Estado de névoa carregado: 0 células ativas.
[2026-09-06 11:34:53,309] [INFO] [src.manager.combat_manager]: Encontro carregado: 'Retardatarios no caminho' (encounter_04092026132531) [tipo=tilemap] com 16 combatentes e 0 células de névoa.
[2026-09-06 11:34:53,327] [INFO] [src.ui.utils.tilemap_renderer]: TileMapRenderer montado: 252 ground sprites e 1 prop sprites para mapa 'Sprite-007' (21x12).
[2026-09-06 11:34:53,341] [INFO] [src.ui.utils.tilemap_renderer]: TileMapRenderer montado: 252 ground sprites e 1 prop sprites para mapa 'Sprite-007' (21x12).
[2026-09-06 11:35:06,793] [INFO] [src.manager.session_manager]: Iniciando encontro: encounter_01
[2026-09-06 11:35:06,796] [INFO] [src.domain.models.fog_manager]: Estado de névoa carregado: 0 células ativas.
[2026-09-06 11:35:06,797] [INFO] [src.manager.combat_manager]: Encontro carregado: 'Emboscada em Túnel (Encontro 01)' (encounter_01) [tipo=image] com 5 combatentes e 0 células de névoa.
[2026-09-06 11:35:10,549] [INFO] [src.ui.dm.encounters_tab]: Aberto modal de confirmação para exclusão de 'Emboscada em Túnel (Encontro 01)'
[2026-09-06 11:35:11,518] [INFO] [src.domain.loaders.encounter_loader]: Encontro 'encounter_01' excluído com sucesso do disco: 'creations\encounters\encounter_01.json'.
[2026-09-06 11:35:11,519] [INFO] [src.manager.session_manager]: SessionManager: encontro 'encounter_01' removido com sucesso.
[2026-09-06 11:35:11,519] [INFO] [src.ui.dm.encounters_tab]: Encontro 'encounter_01' excluído após confirmação do usuário.
[2026-09-06 11:35:19,044] [INFO] [src.manager.session_manager]: Iniciando encontro: encounter_240820261511
[2026-09-06 11:35:19,047] [INFO] [src.domain.models.fog_manager]: Estado de névoa carregado: 0 células ativas.
[2026-09-06 11:35:19,047] [INFO] [src.manager.combat_manager]: Encontro carregado: 'Emboscada em Túnel' (encounter_240820261511) [tipo=image] com 5 combatentes e 0 células de névoa.
[2026-09-06 11:35:23,395] [INFO] [src.ui.dm.encounters_tab]: Aberto modal de confirmação para exclusão de 'Emboscada em Túnel'
[2026-09-06 11:35:23,997] [INFO] [src.domain.loaders.encounter_loader]: Encontro 'encounter_240820261511' excluído com sucesso do disco: 'creations\encounters\encounter_240820261511.json'.
[2026-09-06 11:35:23,998] [INFO] [src.manager.session_manager]: SessionManager: encontro 'encounter_240820261511' removido com sucesso.
[2026-09-06 11:35:23,998] [INFO] [src.ui.dm.encounters_tab]: Encontro 'encounter_240820261511' excluído após confirmação do usuário.
[2026-09-06 11:35:27,747] [INFO] [src.manager.session_manager]: Iniciando encontro: encounter_06092026112311
[2026-09-06 11:35:27,752] [INFO] [src.domain.models.fog_manager]: Estado de névoa carregado: 1509 células ativas.
[2026-09-06 11:35:27,753] [INFO] [src.manager.combat_manager]: Encontro carregado: 'Emboscada na Floresta' (encounter_06092026112311) [tipo=image] com 4 combatentes e 1509 células de névoa.
[2026-09-06 11:35:39,766] [INFO] [src.ui.dm.creator.config_form]: Modo de mapa alterado para 'image'.
[2026-09-06 11:35:39,767] [INFO] [src.ui.dm.creator.config_form]: CreatorConfigForm carregado para edição com 4 PJs e 0 monstros.
[2026-09-06 11:35:39,768] [INFO] [src.domain.models.fog_manager]: Estado de névoa carregado: 1509 células ativas.
[2026-09-06 11:35:39,769] [INFO] [src.ui.dm.creator.tactical_stage]: CreatorTacticalStage inicializado com 4 combatentes para o mapa 'Dragon Hatchery' (Tipo: image, Edição: True).
[2026-09-06 11:35:39,769] [INFO] [src.ui.dm.encounter_creator_tab]: EncounterCreatorTabView transicionado para edição do encontro 'encounter_06092026112311' (4 combatentes restaurados).
[2026-09-06 11:35:39,769] [INFO] [src.ui.dm_window]: DMWindow: transicionado para Encounter Builder para edição de 'Emboscada na Floresta'.
[2026-09-06 11:36:04,834] [INFO] [src.domain.models.fog_manager]: Estado de névoa carregado: 0 células ativas.
[2026-09-06 11:36:04,835] [INFO] [src.ui.dm.creator.tactical_stage]: CreatorTacticalStage inicializado com 4 combatentes para o mapa 'Dragon Hatchery' (Tipo: image, Edição: True).
[2026-09-06 11:36:06,160] [INFO] [src.domain.builders.encounter_builder]: Encontro salvo com sucesso em: 'creations\encounters\encounter_06092026112311.json' (UID: encounter_06092026112311, 4 combatentes).
[2026-09-06 11:36:06,161] [INFO] [src.ui.dm.creator.tactical_stage]: Encontro gravado com sucesso em 'creations\encounters\encounter_06092026112311.json' (UID: encounter_06092026112311).
[2026-09-06 11:36:06,182] [INFO] [src.ui.dm.creator.config_form]: Fontes do Criador atualizadas: 4 imagens de mapa, 4 tilemaps, 4 PJs, 10 monstros.
[2026-09-06 11:36:13,842] [INFO] [src.manager.session_manager]: Iniciando encontro: encounter_06092026112309
[2026-09-06 11:36:13,847] [INFO] [src.domain.models.fog_manager]: Estado de névoa carregado: 1509 células ativas.
[2026-09-06 11:36:13,848] [INFO] [src.manager.combat_manager]: Encontro carregado: 'Emboscada na Floresta' (encounter_06092026112309) [tipo=image] com 4 combatentes e 1509 células de névoa.
[2026-09-06 11:36:17,702] [INFO] [src.ui.dm.encounters_tab]: Aberto modal de confirmação para exclusão de 'Emboscada na Floresta'
[2026-09-06 11:36:18,635] [INFO] [src.domain.loaders.encounter_loader]: Encontro 'encounter_06092026112309' excluído com sucesso do disco: 'creations\encounters\encounter_06092026112309.json'.
[2026-09-06 11:36:18,636] [INFO] [src.manager.session_manager]: SessionManager: encontro 'encounter_06092026112309' removido com sucesso.
[2026-09-06 11:36:18,637] [INFO] [src.ui.dm.encounters_tab]: Encontro 'encounter_06092026112309' excluído após confirmação do usuário.
[2026-09-06 11:36:23,917] [INFO] [src.manager.session_manager]: Iniciando encontro: encounter_06092026112256
[2026-09-06 11:36:23,922] [INFO] [src.domain.models.fog_manager]: Estado de névoa carregado: 1509 células ativas.
[2026-09-06 11:36:23,923] [INFO] [src.manager.combat_manager]: Encontro carregado: 'Emboscada na Floresta' (encounter_06092026112256) [tipo=image] com 4 combatentes e 1509 células de névoa.
[2026-09-06 11:36:27,202] [INFO] [src.ui.dm.encounters_tab]: Aberto modal de confirmação para exclusão de 'Emboscada na Floresta'
[2026-09-06 11:36:28,000] [INFO] [src.domain.loaders.encounter_loader]: Encontro 'encounter_06092026112256' excluído com sucesso do disco: 'creations\encounters\encounter_06092026112256.json'.
[2026-09-06 11:36:28,001] [INFO] [src.manager.session_manager]: SessionManager: encontro 'encounter_06092026112256' removido com sucesso.
[2026-09-06 11:36:28,002] [INFO] [src.ui.dm.encounters_tab]: Encontro 'encounter_06092026112256' excluído após confirmação do usuário.
[2026-09-06 11:36:32,317] [INFO] [src.manager.session_manager]: Iniciando encontro: encounter_05092026210157
[2026-09-06 11:36:32,323] [INFO] [src.domain.loaders.tile_map_loader]: TileMap carregado com sucesso a partir de 'estrada_vale.json'.
[2026-09-06 11:36:32,324] [INFO] [src.domain.models.fog_manager]: Estado de névoa carregado: 0 células ativas.
[2026-09-06 11:36:32,324] [INFO] [src.manager.combat_manager]: Encontro carregado: 'Emboscada no Vale' (encounter_05092026210157) [tipo=tilemap] com 13 combatentes e 0 células de névoa.
[2026-09-06 11:36:32,358] [INFO] [src.ui.utils.tilemap_renderer]: TileMapRenderer montado: 252 ground sprites e 15 prop sprites para mapa 'Sprite-0007' (21x12).
[2026-09-06 11:36:32,392] [INFO] [src.ui.utils.tilemap_renderer]: TileMapRenderer montado: 252 ground sprites e 15 prop sprites para mapa 'Sprite-0007' (21x12).
[2026-09-06 11:36:36,023] [INFO] [src.manager.session_manager]: Iniciando encontro: encounter_04092026132531
[2026-09-06 11:36:36,028] [INFO] [src.domain.loaders.tile_map_loader]: TileMap carregado com sucesso a partir de 'acampamento_vale.json'.
[2026-09-06 11:36:36,030] [INFO] [src.domain.models.fog_manager]: Estado de névoa carregado: 0 células ativas.
[2026-09-06 11:36:36,031] [INFO] [src.manager.combat_manager]: Encontro carregado: 'Retardatarios no caminho' (encounter_04092026132531) [tipo=tilemap] com 16 combatentes e 0 células de névoa.
[2026-09-06 11:36:36,036] [INFO] [src.ui.utils.tilemap_renderer]: TileMapRenderer montado: 252 ground sprites e 1 prop sprites para mapa 'Sprite-007' (21x12).
[2026-09-06 11:36:36,086] [INFO] [src.ui.utils.tilemap_renderer]: TileMapRenderer montado: 252 ground sprites e 1 prop sprites para mapa 'Sprite-007' (21x12).
[2026-09-06 11:36:40,701] [INFO] [src.manager.session_manager]: Iniciando encontro: encounter_04092026132440
[2026-09-06 11:36:40,705] [INFO] [src.domain.loaders.tile_map_loader]: TileMap carregado com sucesso a partir de 'acampamento_vale.json'.
[2026-09-06 11:36:40,706] [INFO] [src.domain.models.fog_manager]: Estado de névoa carregado: 0 células ativas.
[2026-09-06 11:36:40,706] [INFO] [src.manager.combat_manager]: Encontro carregado: 'Retardatarios no caminho' (encounter_04092026132440) [tipo=tilemap] com 16 combatentes e 0 células de névoa.
[2026-09-06 11:36:40,713] [INFO] [src.ui.utils.tilemap_renderer]: TileMapRenderer montado: 252 ground sprites e 1 prop sprites para mapa 'Sprite-007' (21x12).
[2026-09-06 11:36:40,759] [INFO] [src.ui.utils.tilemap_renderer]: TileMapRenderer montado: 252 ground sprites e 1 prop sprites para mapa 'Sprite-007' (21x12).
[2026-09-06 11:36:44,906] [INFO] [src.manager.session_manager]: Iniciando encontro: encounter_03092026095002
[2026-09-06 11:36:44,908] [INFO] [src.domain.loaders.tile_map_loader]: TileMap carregado com sucesso a partir de 'test_map_1.json'.
[2026-09-06 11:36:44,910] [INFO] [src.domain.models.fog_manager]: Estado de névoa carregado: 0 células ativas.
[2026-09-06 11:36:44,910] [INFO] [src.manager.combat_manager]: Encontro carregado: 'Emboscada na Floresta' (encounter_03092026095002) [tipo=tilemap] com 6 combatentes e 0 células de névoa.
[2026-09-06 11:36:44,917] [INFO] [src.domain.loaders.tileset_manager]: TilesetManager 'test_map_1' inicializado: 63 tiles fatiados a partir de 'test_map_1.png'.
[2026-09-06 11:36:44,920] [INFO] [src.ui.utils.tilemap_renderer]: TileMapRenderer montado: 16 ground sprites e 0 prop sprites para mapa 'test_map_1' (4x4).
[2026-09-06 11:36:44,990] [INFO] [src.ui.utils.tilemap_renderer]: TileMapRenderer montado: 16 ground sprites e 0 prop sprites para mapa 'test_map_1' (4x4).
[2026-09-06 11:36:47,118] [INFO] [src.ui.dm.encounters_tab]: Aberto modal de confirmação para exclusão de 'Emboscada na Floresta'
[2026-09-06 11:36:47,888] [INFO] [src.domain.loaders.encounter_loader]: Encontro 'encounter_03092026095002' excluído com sucesso do disco: 'creations\encounters\encounter_03092026095002.json'.
[2026-09-06 11:36:47,890] [INFO] [src.manager.session_manager]: SessionManager: encontro 'encounter_03092026095002' removido com sucesso.
[2026-09-06 11:36:47,890] [INFO] [src.ui.dm.encounters_tab]: Encontro 'encounter_03092026095002' excluído após confirmação do usuário.
[2026-09-06 11:36:50,784] [INFO] [src.manager.session_manager]: Iniciando encontro: encounter_04092026064728
[2026-09-06 11:36:50,787] [INFO] [src.domain.loaders.tile_map_loader]: TileMap carregado com sucesso a partir de 'Sprite-0007_map.json'.
[2026-09-06 11:36:50,788] [INFO] [src.domain.models.fog_manager]: Estado de névoa carregado: 0 células ativas.
[2026-09-06 11:36:50,788] [INFO] [src.manager.combat_manager]: Encontro carregado: 'Emboscada na Floresta' (encounter_04092026064728) [tipo=tilemap] com 5 combatentes e 0 células de névoa.
[2026-09-06 11:36:50,803] [INFO] [src.ui.utils.tilemap_renderer]: TileMapRenderer montado: 252 ground sprites e 15 prop sprites para mapa 'Sprite-007' (21x12).
[2026-09-06 11:36:50,850] [INFO] [src.ui.utils.tilemap_renderer]: TileMapRenderer montado: 252 ground sprites e 15 prop sprites para mapa 'Sprite-007' (21x12).
[2026-09-06 11:36:54,124] [INFO] [src.ui.dm.encounters_tab]: Aberto modal de confirmação para exclusão de 'Emboscada na Floresta'
[2026-09-06 11:36:55,344] [INFO] [src.domain.loaders.encounter_loader]: Encontro 'encounter_04092026064728' excluído com sucesso do disco: 'creations\encounters\encounter_04092026064728.json'.
[2026-09-06 11:36:55,345] [INFO] [src.manager.session_manager]: SessionManager: encontro 'encounter_04092026064728' removido com sucesso.
[2026-09-06 11:36:55,345] [INFO] [src.ui.dm.encounters_tab]: Encontro 'encounter_04092026064728' excluído após confirmação do usuário.
[2026-09-06 11:36:59,357] [INFO] [src.manager.session_manager]: Iniciando encontro: encounter_04092026132531
[2026-09-06 11:36:59,362] [INFO] [src.domain.loaders.tile_map_loader]: TileMap carregado com sucesso a partir de 'acampamento_vale.json'.
[2026-09-06 11:36:59,362] [INFO] [src.domain.models.fog_manager]: Estado de névoa carregado: 0 células ativas.
[2026-09-06 11:36:59,362] [INFO] [src.manager.combat_manager]: Encontro carregado: 'Retardatarios no caminho' (encounter_04092026132531) [tipo=tilemap] com 16 combatentes e 0 células de névoa.
[2026-09-06 11:36:59,435] [INFO] [src.ui.utils.tilemap_renderer]: TileMapRenderer montado: 252 ground sprites e 1 prop sprites para mapa 'Sprite-007' (21x12).
[2026-09-06 11:36:59,493] [INFO] [src.ui.utils.tilemap_renderer]: TileMapRenderer montado: 252 ground sprites e 1 prop sprites para mapa 'Sprite-007' (21x12).
[2026-09-06 11:37:05,031] [INFO] [src.ui.dm.creator.config_form]: Modo de mapa alterado para 'tilemap'.
[2026-09-06 11:37:05,032] [INFO] [src.ui.dm.creator.config_form]: CreatorConfigForm carregado para edição com 4 PJs e 12 monstros.
[2026-09-06 11:37:05,032] [INFO] [src.domain.models.fog_manager]: Estado de névoa carregado: 0 células ativas.
[2026-09-06 11:37:05,033] [INFO] [src.domain.loaders.tile_map_loader]: TileMap carregado com sucesso a partir de 'acampamento_vale.json'.
[2026-09-06 11:37:05,038] [INFO] [src.ui.utils.tilemap_renderer]: TileMapRenderer montado: 252 ground sprites e 1 prop sprites para mapa 'Sprite-007' (21x12).
[2026-09-06 11:37:05,038] [INFO] [src.ui.dm.creator.tactical_stage]: CreatorTacticalStage inicializado com 16 combatentes para o mapa 'Acampamento Vale' (Tipo: tilemap, Edição: True).
[2026-09-06 11:37:05,038] [INFO] [src.ui.dm.encounter_creator_tab]: EncounterCreatorTabView transicionado para edição do encontro 'encounter_04092026132531' (16 combatentes restaurados).
[2026-09-06 11:37:05,040] [INFO] [src.ui.dm_window]: DMWindow: transicionado para Encounter Builder para edição de 'Retardatarios no caminho'.
[2026-09-06 11:37:05,108] [INFO] [src.domain.loaders.tile_map_loader]: TileMap carregado com sucesso a partir de 'acampamento_vale.json'.
[2026-09-06 11:37:05,115] [INFO] [src.ui.utils.tilemap_renderer]: TileMapRenderer montado: 252 ground sprites e 1 prop sprites para mapa 'Sprite-007' (21x12).
[2026-09-06 11:37:06,844] [INFO] [src.domain.models.fog_manager]: Estado de névoa carregado: 0 células ativas.
[2026-09-06 11:37:06,845] [INFO] [src.domain.loaders.tile_map_loader]: TileMap carregado com sucesso a partir de 'acampamento_vale.json'.
[2026-09-06 11:37:06,852] [INFO] [src.ui.utils.tilemap_renderer]: TileMapRenderer montado: 252 ground sprites e 1 prop sprites para mapa 'Sprite-007' (21x12).
[2026-09-06 11:37:06,852] [INFO] [src.ui.dm.creator.tactical_stage]: CreatorTacticalStage inicializado com 16 combatentes para o mapa 'Acampamento Vale' (Tipo: tilemap, Edição: True).
[2026-09-06 11:37:08,723] [INFO] [src.ui.dm.creator.tactical_stage]: Token 'Cultista 1' posicionado no grid: [4, 6].
[2026-09-06 11:37:09,568] [INFO] [src.ui.dm.creator.tactical_stage]: Token 'Cultista 2' posicionado no grid: [5, 6].
[2026-09-06 11:37:10,562] [INFO] [src.ui.dm.creator.tactical_stage]: Token 'Cultista 3' posicionado no grid: [6, 6].
[2026-09-06 11:37:11,757] [INFO] [src.ui.dm.creator.tactical_stage]: Token 'Cultista 4' posicionado no grid: [6, 7].
[2026-09-06 11:37:16,978] [INFO] [src.domain.builders.encounter_builder]: Encontro salvo com sucesso em: 'creations\encounters\encounter_04092026132531.json' (UID: encounter_04092026132531, 16 combatentes).
[2026-09-06 11:37:16,980] [INFO] [src.ui.dm.creator.tactical_stage]: Encontro gravado com sucesso em 'creations\encounters\encounter_04092026132531.json' (UID: encounter_04092026132531).
[2026-09-06 11:37:16,996] [INFO] [src.ui.dm.creator.config_form]: Fontes do Criador atualizadas: 4 imagens de mapa, 4 tilemaps, 4 PJs, 10 monstros.
[2026-09-06 11:37:21,727] [INFO] [src.manager.session_manager]: Iniciando encontro: encounter_04092026132440
[2026-09-06 11:37:21,732] [INFO] [src.domain.loaders.tile_map_loader]: TileMap carregado com sucesso a partir de 'acampamento_vale.json'.
[2026-09-06 11:37:21,735] [INFO] [src.domain.models.fog_manager]: Estado de névoa carregado: 0 células ativas.
[2026-09-06 11:37:21,735] [INFO] [src.manager.combat_manager]: Encontro carregado: 'Retardatarios no caminho' (encounter_04092026132440) [tipo=tilemap] com 16 combatentes e 0 células de névoa.
[2026-09-06 11:37:21,741] [INFO] [src.ui.utils.tilemap_renderer]: TileMapRenderer montado: 252 ground sprites e 1 prop sprites para mapa 'Sprite-007' (21x12).
[2026-09-06 11:37:21,787] [INFO] [src.ui.utils.tilemap_renderer]: TileMapRenderer montado: 252 ground sprites e 1 prop sprites para mapa 'Sprite-007' (21x12).
[2026-09-06 11:37:33,235] [INFO] [src.ui.dm.encounters_tab]: Aberto modal de confirmação para exclusão de 'Retardatarios no caminho'
[2026-09-06 11:37:33,919] [INFO] [src.domain.loaders.encounter_loader]: Encontro 'encounter_04092026132440' excluído com sucesso do disco: 'creations\encounters\encounter_04092026132440.json'.
[2026-09-06 11:37:33,920] [INFO] [src.manager.session_manager]: SessionManager: encontro 'encounter_04092026132440' removido com sucesso.
[2026-09-06 11:37:33,920] [INFO] [src.ui.dm.encounters_tab]: Encontro 'encounter_04092026132440' excluído após confirmação do usuário.
[2026-09-06 11:37:37,040] [INFO] [src.manager.session_manager]: Iniciando encontro: encounter_05092026210157
[2026-09-06 11:37:37,044] [INFO] [src.domain.loaders.tile_map_loader]: TileMap carregado com sucesso a partir de 'estrada_vale.json'.
[2026-09-06 11:37:37,045] [INFO] [src.domain.models.fog_manager]: Estado de névoa carregado: 0 células ativas.
[2026-09-06 11:37:37,046] [INFO] [src.manager.combat_manager]: Encontro carregado: 'Emboscada no Vale' (encounter_05092026210157) [tipo=tilemap] com 13 combatentes e 0 células de névoa.
[2026-09-06 11:37:37,076] [INFO] [src.ui.utils.tilemap_renderer]: TileMapRenderer montado: 252 ground sprites e 15 prop sprites para mapa 'Sprite-0007' (21x12).
[2026-09-06 11:37:37,101] [INFO] [src.ui.utils.tilemap_renderer]: TileMapRenderer montado: 252 ground sprites e 15 prop sprites para mapa 'Sprite-0007' (21x12).
[2026-09-06 11:37:38,868] [INFO] [src.manager.session_manager]: Retornando Tela dos Jogadores para IDLE
[2026-09-06 11:37:38,868] [INFO] [src.manager.combat_manager]: Resetando estado de combate do encontro: 'Emboscada no Vale' (encounter_05092026210157).
[2026-09-06 11:37:38,869] [INFO] [src.manager.combat_manager]: Estado do CombatManager resetado com sucesso.
[2026-09-06 11:37:42,190] [INFO] [src.manager.session_manager]: Iniciando encontro: encounter_06092026112311
[2026-09-06 11:37:42,194] [INFO] [src.domain.models.fog_manager]: Estado de névoa carregado: 0 células ativas.
[2026-09-06 11:37:42,195] [INFO] [src.manager.combat_manager]: Encontro carregado: 'Encubadora de ovos' (encounter_06092026112311) [tipo=image] com 4 combatentes e 0 células de névoa.
[2026-09-06 11:37:45,272] [INFO] [src.ui.player_window]: PlayerWindow redimensionada para 1920x1080 (fullscreen=True). Viewport recalculada.
[2026-09-06 11:37:45,275] [INFO] [src.ui.player_window]: PlayerWindow redimensionada para 1920x1080 (fullscreen=True). Viewport recalculada.
[2026-09-06 11:37:45,280] [INFO] [src.ui.player_window]: PlayerWindow redimensionada para 1920x1080 (fullscreen=True). Viewport recalculada.
[2026-09-06 11:37:45,281] [INFO] [src.ui.player_window]: PlayerWindow redimensionada para 1920x1080 (fullscreen=True). Viewport recalculada.
[2026-09-06 11:37:45,282] [INFO] [src.ui.player_window]: PlayerWindow colocada em tela cheia.
[2026-09-06 11:37:52,951] [INFO] [src.domain.models.fog_manager]: Névoa de guerra aplicada a todas as 1560 células (52x30).
[2026-09-06 11:37:59,428] [INFO] [src.ui.dm.creator.config_form]: Modo de mapa alterado para 'image'.
[2026-09-06 11:37:59,428] [INFO] [src.ui.dm.creator.config_form]: CreatorConfigForm carregado para edição com 4 PJs e 0 monstros.
[2026-09-06 11:37:59,429] [INFO] [src.domain.models.fog_manager]: Estado de névoa carregado: 0 células ativas.
[2026-09-06 11:37:59,429] [INFO] [src.ui.dm.creator.tactical_stage]: CreatorTacticalStage inicializado com 4 combatentes para o mapa 'Dragon Hatchery' (Tipo: image, Edição: True).
[2026-09-06 11:37:59,429] [INFO] [src.ui.dm.encounter_creator_tab]: EncounterCreatorTabView transicionado para edição do encontro 'encounter_06092026112311' (4 combatentes restaurados).
[2026-09-06 11:37:59,429] [INFO] [src.ui.dm_window]: DMWindow: transicionado para Encounter Builder para edição de 'Encubadora de ovos'.
[2026-09-06 11:38:01,014] [INFO] [src.domain.models.fog_manager]: Estado de névoa carregado: 0 células ativas.
[2026-09-06 11:38:01,015] [INFO] [src.ui.dm.creator.tactical_stage]: CreatorTacticalStage inicializado com 4 combatentes para o mapa 'Dragon Hatchery' (Tipo: image, Edição: True).
[2026-09-06 11:38:02,568] [INFO] [src.domain.models.fog_manager]: Névoa de guerra aplicada a todas as 1560 células (52x30).
[2026-09-06 11:38:25,411] [INFO] [src.domain.builders.encounter_builder]: Encontro salvo com sucesso em: 'creations\encounters\encounter_06092026112311.json' (UID: encounter_06092026112311, 4 combatentes).
[2026-09-06 11:38:25,412] [INFO] [src.ui.dm.creator.tactical_stage]: Encontro gravado com sucesso em 'creations\encounters\encounter_06092026112311.json' (UID: encounter_06092026112311).
[2026-09-06 11:38:32,442] [INFO] [src.manager.session_manager]: Iniciando encontro: encounter_06092026112311
[2026-09-06 11:38:32,446] [INFO] [src.domain.models.fog_manager]: Estado de névoa carregado: 1512 células ativas.
[2026-09-06 11:38:32,447] [INFO] [src.manager.combat_manager]: Encontro carregado: 'Encubadora de ovos' (encounter_06092026112311) [tipo=image] com 4 combatentes e 1512 células de névoa.
[2026-09-06 11:39:00,818] [INFO] [src.manager.session_manager]: Projetando imagem: 'raiders_camp.jpg' (C:\Users\aguia\OneDrive\Documentos\Medusa\medusa_controler\assets\images\maps\raiders_camp.jpg)
[2026-09-06 11:39:12,079] [INFO] [src.manager.session_manager]: Retornando Tela dos Jogadores para IDLE
[2026-09-06 11:39:12,079] [INFO] [src.manager.combat_manager]: Resetando estado de combate do encontro: 'Encubadora de ovos' (encounter_06092026112311).
[2026-09-06 11:39:12,080] [INFO] [src.domain.models.fog_manager]: Névoa de guerra completamente removida do mapa.
[2026-09-06 11:39:12,081] [INFO] [src.manager.combat_manager]: Estado do CombatManager resetado com sucesso.
[2026-09-06 11:39:17,241] [INFO] [src.ui.dm_window]: DMWindow sendo fechada. Encerrando aplicação...
[2026-09-06 11:39:17,250] [INFO] [src.ui.player_window]: Recursos e listeners da PlayerWindow liberados definitivamente (hard close).
[2026-09-06 11:39:17,487] [INFO] [src.ui.dm_window]: DMWindow notificada da ocultação da PlayerWindow.
[2026-09-06 11:55:15,266] [INFO] [MedusaMain]: 🐉 MEDUSA VTT - SISTEMA DE COMBATE E MESA DIGITAL D&D 5E
[2026-09-06 11:55:15,267] [INFO] [MedusaMain]: SessionManager inicializado no estado DisplayState.IDLE.
[2026-09-06 11:55:15,710] [INFO] [src.ui.dm_window]: DMWindow (Arcade GUI Modular) inicializada com sucesso.
[2026-09-06 11:55:15,820] [INFO] [src.ui.player_window]: PlayerWindow instanciada e conectada ao SessionManager.
[2026-09-06 11:55:15,820] [INFO] [MedusaMain]: Janelas ativas: Tela do Mestre (DMWindow) e Tela dos Jogadores (PlayerWindow).
[2026-09-06 11:55:15,820] [INFO] [MedusaMain]: Utilize o painel do Mestre para projetar mídias, gerenciar iniciativas ou movimentar tokens no Grid!
[2026-09-06 11:55:15,822] [INFO] [MedusaMain]: Atalhos Globais: F10 = Abrir/Fechar Tela do Jogador | F11 = Alternar Tela Cheia (Fullscreen).
[2026-09-06 11:55:15,822] [INFO] [src.ui.player_window]: PlayerWindow redimensionada para 1024x768 (fullscreen=False). Viewport recalculada.
[2026-09-06 11:55:18,885] [INFO] [src.ui.player_window]: PlayerWindow redimensionada para 1920x1080 (fullscreen=True). Viewport recalculada.
[2026-09-06 11:55:18,888] [INFO] [src.ui.player_window]: PlayerWindow redimensionada para 1920x1080 (fullscreen=True). Viewport recalculada.
[2026-09-06 11:55:18,891] [INFO] [src.ui.player_window]: PlayerWindow redimensionada para 1920x1080 (fullscreen=True). Viewport recalculada.
[2026-09-06 11:55:18,892] [INFO] [src.ui.player_window]: PlayerWindow redimensionada para 1920x1080 (fullscreen=True). Viewport recalculada.
[2026-09-06 11:55:18,892] [INFO] [src.ui.player_window]: PlayerWindow colocada em tela cheia.
[2026-09-06 11:55:29,208] [INFO] [src.manager.session_manager]: Iniciando encontro: encounter_240820261511
[2026-09-06 11:55:29,211] [INFO] [src.domain.models.fog_manager]: Estado de névoa carregado: 0 células ativas.
[2026-09-06 11:55:29,212] [INFO] [src.manager.combat_manager]: Encontro carregado: 'Emboscada em Túnel' (encounter_240820261511) [tipo=image] com 5 combatentes e 0 células de névoa.
[2026-09-06 11:55:43,526] [INFO] [src.manager.combat_manager]: Movimento no Grid: 'Bolo de Morango' movido de (10, 2) para (10, 7).
[2026-09-06 11:55:48,744] [INFO] [src.manager.combat_manager]: Estado de combate salvo com sucesso em 'creations\encounters\saves\encounter_240820261511_save.json' (Rodada 1, Turno -1, 5 combatentes, 0 células de névoa).
[2026-09-06 11:55:48,745] [INFO] [src.ui.dm.combat_tab]: Progresso do combate salvo com sucesso pelo usuário.
[2026-09-06 11:55:59,277] [INFO] [src.manager.session_manager]: Iniciando encontro: encounter_05092026210157
[2026-09-06 11:55:59,282] [INFO] [src.domain.loaders.tile_map_loader]: TileMap carregado com sucesso a partir de 'estrada_vale.json'.
[2026-09-06 11:55:59,284] [INFO] [src.domain.models.fog_manager]: Estado de névoa carregado: 0 células ativas.
[2026-09-06 11:55:59,284] [INFO] [src.manager.combat_manager]: Encontro carregado: 'Emboscada no Vale' (encounter_05092026210157) [tipo=tilemap] com 13 combatentes e 0 células de névoa.
[2026-09-06 11:55:59,322] [INFO] [src.domain.loaders.tileset_manager]: TilesetManager 'Sprite-0007' inicializado: 70 tiles fatiados a partir de 'Sprite-0007.png'.
[2026-09-06 11:55:59,342] [INFO] [src.ui.utils.tilemap_renderer]: TileMapRenderer montado: 252 ground sprites e 15 prop sprites para mapa 'Sprite-0007' (21x12).
[2026-09-06 11:55:59,444] [INFO] [src.ui.utils.tilemap_renderer]: TileMapRenderer montado: 252 ground sprites e 15 prop sprites para mapa 'Sprite-0007' (21x12).
[2026-09-06 11:56:02,448] [INFO] [src.ui.dm.encounters_tab]: Save detectado para 'encounter_240820261511'. Abrindo modal de decisão.
[2026-09-06 11:56:03,812] [INFO] [src.ui.dm.encounters_tab]: Retomando save state do encontro 'encounter_240820261511'.
[2026-09-06 11:56:03,812] [INFO] [src.manager.session_manager]: Retomando sessão de combate salva: encounter_240820261511
[2026-09-06 11:56:03,816] [INFO] [src.domain.models.fog_manager]: Estado de névoa carregado: 0 células ativas.
[2026-09-06 11:56:03,816] [INFO] [src.manager.combat_manager]: Encontro carregado: 'Emboscada em Túnel' (encounter_240820261511) [tipo=image] com 5 combatentes e 0 células de névoa.
[2026-09-06 11:56:03,817] [INFO] [src.domain.models.fog_manager]: Estado de névoa carregado: 0 células ativas.
[2026-09-06 11:56:03,818] [INFO] [src.manager.combat_manager]: Estado de combate restaurado com sucesso de 'encounter_240820261511_save.json': Rodada 1, Turno Ativo: 'Nenhum' (índice -1), 5 combatentes, 0 células de névoa.
[2026-09-06 11:56:07,169] [INFO] [src.ui.dm.encounters_tab]: Save detectado para 'encounter_240820261511'. Abrindo modal de decisão.
[2026-09-06 11:56:08,339] [INFO] [src.ui.dm.encounters_tab]: Descartando save e iniciando do zero encontro 'encounter_240820261511'.
[2026-09-06 11:56:08,340] [INFO] [src.manager.combat_manager]: Arquivo de save de combate excluído com sucesso: 'creations\encounters\saves\encounter_240820261511_save.json'.
[2026-09-06 11:56:08,341] [INFO] [src.manager.session_manager]: Iniciando encontro: encounter_240820261511
[2026-09-06 11:56:08,343] [INFO] [src.domain.models.fog_manager]: Estado de névoa carregado: 0 células ativas.
[2026-09-06 11:56:08,343] [INFO] [src.manager.combat_manager]: Encontro carregado: 'Emboscada em Túnel' (encounter_240820261511) [tipo=image] com 5 combatentes e 0 células de névoa.
[2026-09-06 11:56:12,093] [INFO] [src.manager.session_manager]: Retornando Tela dos Jogadores para IDLE
[2026-09-06 11:56:12,094] [INFO] [src.manager.combat_manager]: Resetando estado de combate do encontro: 'Emboscada em Túnel' (encounter_240820261511).
[2026-09-06 11:56:12,094] [INFO] [src.manager.combat_manager]: Estado do CombatManager resetado com sucesso.
[2026-09-06 11:56:15,799] [INFO] [src.manager.session_manager]: Iniciando encontro: encounter_240820261511
[2026-09-06 11:56:15,801] [INFO] [src.domain.models.fog_manager]: Estado de névoa carregado: 0 células ativas.
[2026-09-06 11:56:15,801] [INFO] [src.manager.combat_manager]: Encontro carregado: 'Emboscada em Túnel' (encounter_240820261511) [tipo=image] com 5 combatentes e 0 células de névoa.
[2026-09-06 11:56:18,760] [INFO] [src.manager.session_manager]: Encerrando combate e retornando exibição para: IDLE
[2026-09-06 11:56:18,761] [INFO] [src.manager.combat_manager]: Resetando estado de combate do encontro: 'Emboscada em Túnel' (encounter_240820261511).
[2026-09-06 11:56:18,761] [INFO] [src.manager.combat_manager]: Estado do CombatManager resetado com sucesso.
[2026-09-06 11:56:26,108] [INFO] [src.manager.session_manager]: Iniciando encontro: encounter_06092026112311
[2026-09-06 11:56:26,114] [INFO] [src.domain.models.fog_manager]: Estado de névoa carregado: 1512 células ativas.
[2026-09-06 11:56:26,114] [INFO] [src.manager.combat_manager]: Encontro carregado: 'Encubadora de ovos' (encounter_06092026112311) [tipo=image] com 4 combatentes e 1512 células de névoa.
[2026-09-06 11:56:30,372] [INFO] [src.manager.session_manager]: Iniciando encontro: encounter_01
[2026-09-06 11:56:30,374] [INFO] [src.domain.models.fog_manager]: Estado de névoa carregado: 0 células ativas.
[2026-09-06 11:56:30,374] [INFO] [src.manager.combat_manager]: Encontro carregado: 'Emboscada em Túnel (Encontro 01)' (encounter_01) [tipo=image] com 5 combatentes e 0 células de névoa.
[2026-09-06 11:56:39,486] [INFO] [src.ui.dm_window]: DMWindow sendo fechada. Encerrando aplicação...
[2026-09-06 11:56:39,490] [INFO] [src.ui.player_window]: Recursos e listeners da PlayerWindow liberados definitivamente (hard close).
[2026-09-06 11:56:39,666] [INFO] [src.ui.dm_window]: DMWindow notificada da ocultação da PlayerWindow.
[2026-09-06 12:11:51,131] [INFO] [MedusaMain]: 🐉 MEDUSA VTT - SISTEMA DE COMBATE E MESA DIGITAL D&D 5E
[2026-09-06 12:11:51,133] [INFO] [MedusaMain]: SessionManager inicializado no estado DisplayState.IDLE.
[2026-09-06 12:11:51,592] [INFO] [src.ui.dm_window]: DMWindow (Arcade GUI Modular) inicializada com sucesso.
[2026-09-06 12:11:51,701] [INFO] [src.ui.player_window]: PlayerWindow instanciada e conectada ao SessionManager.
[2026-09-06 12:11:51,701] [INFO] [MedusaMain]: Janelas ativas: Tela do Mestre (DMWindow) e Tela dos Jogadores (PlayerWindow).
[2026-09-06 12:11:51,701] [INFO] [MedusaMain]: Utilize o painel do Mestre para projetar mídias, gerenciar iniciativas ou movimentar tokens no Grid!
[2026-09-06 12:11:51,703] [INFO] [MedusaMain]: Atalhos Globais: F10 = Abrir/Fechar Tela do Jogador | F11 = Alternar Tela Cheia (Fullscreen).
[2026-09-06 12:11:51,703] [INFO] [src.ui.player_window]: PlayerWindow redimensionada para 1024x768 (fullscreen=False). Viewport recalculada.
[2026-09-06 12:11:54,971] [INFO] [src.manager.session_manager]: Iniciando encontro: encounter_240820261511
[2026-09-06 12:11:54,974] [INFO] [src.domain.models.fog_manager]: Estado de névoa carregado: 0 células ativas.
[2026-09-06 12:11:54,975] [INFO] [src.manager.combat_manager]: Encontro carregado: 'Emboscada em Túnel' (encounter_240820261511) [tipo=image] com 5 combatentes e 0 células de névoa.
[2026-09-06 12:12:06,525] [INFO] [src.ui.dm.add_token_modal]: Modal AddTokenModal aberto.
[2026-09-06 12:12:15,359] [INFO] [src.ui.dm.add_token_modal]: Modal AddTokenModal fechado.
[2026-09-06 12:12:16,399] [INFO] [src.ui.dm_window]: DMWindow sendo fechada. Encerrando aplicação...
[2026-09-06 12:12:16,401] [INFO] [src.ui.player_window]: Recursos e listeners da PlayerWindow liberados definitivamente (hard close).
[2026-09-06 12:12:16,484] [INFO] [src.ui.dm_window]: DMWindow notificada da ocultação da PlayerWindow.
[2026-09-06 12:14:37,243] [INFO] [MedusaMain]: 🐉 MEDUSA VTT - SISTEMA DE COMBATE E MESA DIGITAL D&D 5E
[2026-09-06 12:14:37,244] [INFO] [MedusaMain]: SessionManager inicializado no estado DisplayState.IDLE.
[2026-09-06 12:14:37,690] [INFO] [src.ui.dm_window]: DMWindow (Arcade GUI Modular) inicializada com sucesso.
[2026-09-06 12:14:37,785] [INFO] [src.ui.player_window]: PlayerWindow instanciada e conectada ao SessionManager.
[2026-09-06 12:14:37,785] [INFO] [MedusaMain]: Janelas ativas: Tela do Mestre (DMWindow) e Tela dos Jogadores (PlayerWindow).
[2026-09-06 12:14:37,787] [INFO] [MedusaMain]: Utilize o painel do Mestre para projetar mídias, gerenciar iniciativas ou movimentar tokens no Grid!
[2026-09-06 12:14:37,787] [INFO] [MedusaMain]: Atalhos Globais: F10 = Abrir/Fechar Tela do Jogador | F11 = Alternar Tela Cheia (Fullscreen).
[2026-09-06 12:14:37,787] [INFO] [src.ui.player_window]: PlayerWindow redimensionada para 1024x768 (fullscreen=False). Viewport recalculada.
[2026-09-06 12:14:41,455] [INFO] [src.manager.session_manager]: Iniciando encontro: encounter_01
[2026-09-06 12:14:41,457] [INFO] [src.domain.models.fog_manager]: Estado de névoa carregado: 0 células ativas.
[2026-09-06 12:14:41,458] [INFO] [src.manager.combat_manager]: Encontro carregado: 'Emboscada em Túnel (Encontro 01)' (encounter_01) [tipo=image] com 5 combatentes e 0 células de névoa.
[2026-09-06 12:14:44,009] [INFO] [src.ui.dm.add_token_modal]: Modal AddTokenModal aberto.
[2026-09-06 12:15:06,571] [INFO] [src.ui.dm.add_token_modal]: AddTokenModal confirmado: {'name': 'tk1', 'entity_type': <EntityType.MONSTER: 'monster'>, 'max_hp': 8, 'current_hp': 8, 'armor_class': 12, 'initiative_slot': 'next', 'token_sprite': None}
[2026-09-06 12:15:06,573] [INFO] [src.ui.dm.add_token_modal]: Modal AddTokenModal fechado.
[2026-09-06 12:15:06,574] [INFO] [src.ui.dm.tactical_minimap]: TacticalMiniMap: modo PLACING_TOKEN iniciado para 'tk1'.
[2026-09-06 12:15:06,574] [INFO] [src.ui.dm.combat_tab]: Modo de posicionamento ativado no TacticalMiniMap para 'tk1'.
[2026-09-06 12:15:09,758] [INFO] [src.manager.combat_manager]: Novo combatente spawnado no combate: 'tk1' (Tipo: monster) na posição (5, 7), slot de iniciativa: 'next'.
[2026-09-06 12:15:09,759] [INFO] [src.ui.dm.combat_tab]: Token 'tk1' inserido e selecionado com sucesso em (5, 7).
[2026-09-06 12:15:09,759] [INFO] [src.ui.dm.tactical_minimap]: TacticalMiniMap: modo PLACING_TOKEN cancelado.
[2026-09-06 12:15:12,774] [INFO] [src.ui.dm_window]: DMWindow sendo fechada. Encerrando aplicação...
[2026-09-06 12:15:12,776] [INFO] [src.ui.player_window]: Recursos e listeners da PlayerWindow liberados definitivamente (hard close).
[2026-09-06 12:15:12,858] [INFO] [src.ui.dm_window]: DMWindow notificada da ocultação da PlayerWindow.
[2026-09-06 12:16:04,694] [INFO] [MedusaMain]: 🐉 MEDUSA VTT - SISTEMA DE COMBATE E MESA DIGITAL D&D 5E
[2026-09-06 12:16:04,694] [INFO] [MedusaMain]: SessionManager inicializado no estado DisplayState.IDLE.
[2026-09-06 12:16:05,169] [INFO] [src.ui.dm_window]: DMWindow (Arcade GUI Modular) inicializada com sucesso.
[2026-09-06 12:16:05,265] [INFO] [src.ui.player_window]: PlayerWindow instanciada e conectada ao SessionManager.
[2026-09-06 12:16:05,265] [INFO] [MedusaMain]: Janelas ativas: Tela do Mestre (DMWindow) e Tela dos Jogadores (PlayerWindow).
[2026-09-06 12:16:05,265] [INFO] [MedusaMain]: Utilize o painel do Mestre para projetar mídias, gerenciar iniciativas ou movimentar tokens no Grid!
[2026-09-06 12:16:05,267] [INFO] [MedusaMain]: Atalhos Globais: F10 = Abrir/Fechar Tela do Jogador | F11 = Alternar Tela Cheia (Fullscreen).
[2026-09-06 12:16:05,268] [INFO] [src.ui.player_window]: PlayerWindow redimensionada para 1024x768 (fullscreen=False). Viewport recalculada.
[2026-09-06 12:16:07,532] [INFO] [src.ui.player_window]: PlayerWindow redimensionada para 1920x1080 (fullscreen=True). Viewport recalculada.
[2026-09-06 12:16:07,536] [INFO] [src.ui.player_window]: PlayerWindow redimensionada para 1920x1080 (fullscreen=True). Viewport recalculada.
[2026-09-06 12:16:07,539] [INFO] [src.ui.player_window]: PlayerWindow redimensionada para 1920x1080 (fullscreen=True). Viewport recalculada.
[2026-09-06 12:16:07,540] [INFO] [src.ui.player_window]: PlayerWindow redimensionada para 1920x1080 (fullscreen=True). Viewport recalculada.
[2026-09-06 12:16:07,540] [INFO] [src.ui.player_window]: PlayerWindow colocada em tela cheia.
[2026-09-06 12:16:16,105] [INFO] [src.manager.session_manager]: Iniciando encontro: encounter_06092026112311
[2026-09-06 12:16:16,111] [INFO] [src.domain.models.fog_manager]: Estado de névoa carregado: 1512 células ativas.
[2026-09-06 12:16:16,111] [INFO] [src.manager.combat_manager]: Encontro carregado: 'Encubadora de ovos' (encounter_06092026112311) [tipo=image] com 4 combatentes e 1512 células de névoa.
[2026-09-06 12:16:21,084] [INFO] [src.ui.dm.add_token_modal]: Modal AddTokenModal aberto.
[2026-09-06 12:16:32,342] [INFO] [src.ui.dm.add_token_modal]: AddTokenModal confirmado: {'name': 'tr1', 'entity_type': <EntityType.MONSTER: 'monster'>, 'max_hp': 1, 'current_hp': 1, 'armor_class': 10, 'initiative_slot': 'next', 'token_sprite': None}
[2026-09-06 12:16:32,343] [INFO] [src.ui.dm.add_token_modal]: Modal AddTokenModal fechado.
[2026-09-06 12:16:32,343] [INFO] [src.ui.dm.tactical_minimap]: TacticalMiniMap: modo PLACING_TOKEN iniciado para 'tr1'.
[2026-09-06 12:16:32,344] [INFO] [src.ui.dm.combat_tab]: Modo de posicionamento ativado no TacticalMiniMap para 'tr1'.
[2026-09-06 12:16:34,259] [INFO] [src.manager.combat_manager]: Novo combatente spawnado no combate: 'tr1' (Tipo: monster) na posição (2, 16), slot de iniciativa: 'next'.
[2026-09-06 12:16:34,260] [INFO] [src.ui.dm.combat_tab]: Token 'tr1' inserido e selecionado com sucesso em (2, 16).
[2026-09-06 12:16:34,260] [INFO] [src.ui.dm.tactical_minimap]: TacticalMiniMap: modo PLACING_TOKEN cancelado.
[2026-09-06 12:16:49,675] [INFO] [src.manager.combat_manager]: Iniciativas consolidadas e aplicadas para 5 combatentes. Turno ativo: 'Kaz' (Rodada 1).
[2026-09-06 12:16:51,263] [INFO] [src.manager.session_manager]: Encerrando combate e retornando exibição para: IDLE
[2026-09-06 12:16:51,264] [INFO] [src.manager.combat_manager]: Resetando estado de combate do encontro: 'Encubadora de ovos' (encounter_06092026112311).
[2026-09-06 12:16:51,264] [INFO] [src.domain.models.fog_manager]: Névoa de guerra completamente removida do mapa.
[2026-09-06 12:16:51,265] [INFO] [src.manager.combat_manager]: Estado do CombatManager resetado com sucesso.
[2026-09-06 12:17:02,210] [INFO] [src.manager.session_manager]: Iniciando encontro: encounter_06092026112311
[2026-09-06 12:17:02,214] [INFO] [src.domain.models.fog_manager]: Estado de névoa carregado: 1512 células ativas.
[2026-09-06 12:17:02,215] [INFO] [src.manager.combat_manager]: Encontro carregado: 'Encubadora de ovos' (encounter_06092026112311) [tipo=image] com 4 combatentes e 1512 células de névoa.
[2026-09-06 12:17:04,017] [INFO] [src.ui.dm.add_token_modal]: Modal AddTokenModal aberto.
[2026-09-06 12:17:09,949] [INFO] [src.ui.dm.add_token_modal]: AddTokenModal confirmado: {'name': 'tes', 'entity_type': <EntityType.PLAYER: 'player'>, 'max_hp': 1, 'current_hp': 1, 'armor_class': 10, 'initiative_slot': 'next', 'token_sprite': None}
[2026-09-06 12:17:09,949] [INFO] [src.ui.dm.add_token_modal]: Modal AddTokenModal fechado.
[2026-09-06 12:17:09,950] [INFO] [src.ui.dm.tactical_minimap]: TacticalMiniMap: modo PLACING_TOKEN iniciado para 'tes'.
[2026-09-06 12:17:09,950] [INFO] [src.ui.dm.combat_tab]: Modo de posicionamento ativado no TacticalMiniMap para 'tes'.
[2026-09-06 12:17:11,360] [INFO] [src.manager.combat_manager]: Novo combatente spawnado no combate: 'tes' (Tipo: player) na posição (11, 16), slot de iniciativa: 'next'.
[2026-09-06 12:17:11,360] [INFO] [src.ui.dm.combat_tab]: Token 'tes' inserido e selecionado com sucesso em (11, 16).
[2026-09-06 12:17:11,361] [INFO] [src.ui.dm.tactical_minimap]: TacticalMiniMap: modo PLACING_TOKEN cancelado.
[2026-09-06 12:17:19,257] [INFO] [src.ui.dm_window]: DMWindow sendo fechada. Encerrando aplicação...
[2026-09-06 12:17:19,260] [INFO] [src.ui.player_window]: Recursos e listeners da PlayerWindow liberados definitivamente (hard close).
[2026-09-06 12:17:19,422] [INFO] [src.ui.dm_window]: DMWindow notificada da ocultação da PlayerWindow.
[2026-09-06 13:00:58,025] [INFO] [MedusaMain]: 🐉 MEDUSA VTT - SISTEMA DE COMBATE E MESA DIGITAL D&D 5E
[2026-09-06 13:00:58,027] [INFO] [MedusaMain]: SessionManager inicializado no estado DisplayState.IDLE.
[2026-09-06 13:00:58,490] [INFO] [src.ui.dm_window]: DMWindow (Arcade GUI Modular) inicializada com sucesso.
[2026-09-06 13:00:58,587] [INFO] [src.ui.player_window]: PlayerWindow instanciada e conectada ao SessionManager.
[2026-09-06 13:00:58,588] [INFO] [MedusaMain]: Janelas ativas: Tela do Mestre (DMWindow) e Tela dos Jogadores (PlayerWindow).
[2026-09-06 13:00:58,588] [INFO] [MedusaMain]: Utilize o painel do Mestre para projetar mídias, gerenciar iniciativas ou movimentar tokens no Grid!
[2026-09-06 13:00:58,588] [INFO] [MedusaMain]: Atalhos Globais: F10 = Abrir/Fechar Tela do Jogador | F11 = Alternar Tela Cheia (Fullscreen).
[2026-09-06 13:00:58,589] [INFO] [src.ui.player_window]: PlayerWindow redimensionada para 1024x768 (fullscreen=False). Viewport recalculada.
[2026-09-06 13:01:06,278] [INFO] [src.manager.session_manager]: Iniciando encontro: encounter_05092026210157
[2026-09-06 13:01:06,283] [INFO] [src.domain.loaders.tile_map_loader]: TileMap carregado com sucesso a partir de 'estrada_vale.json'.
[2026-09-06 13:01:06,284] [INFO] [src.domain.models.fog_manager]: Estado de névoa carregado: 0 células ativas.
[2026-09-06 13:01:06,284] [INFO] [src.manager.combat_manager]: Encontro carregado: 'Emboscada no Vale' (encounter_05092026210157) [tipo=tilemap] com 13 combatentes (9 ocultos) e 0 células de névoa.
[2026-09-06 13:01:06,295] [INFO] [src.domain.loaders.tileset_manager]: TilesetManager 'Sprite-0007' inicializado: 70 tiles fatiados a partir de 'Sprite-0007.png'.
[2026-09-06 13:01:06,313] [INFO] [src.ui.utils.tilemap_renderer]: TileMapRenderer montado: 252 ground sprites e 15 prop sprites para mapa 'Sprite-0007' (21x12).
[2026-09-06 13:01:06,596] [INFO] [src.ui.utils.tilemap_renderer]: TileMapRenderer montado: 252 ground sprites e 15 prop sprites para mapa 'Sprite-0007' (21x12).
[2026-09-06 13:01:14,066] [INFO] [src.manager.combat_manager]: Iniciativas consolidadas e aplicadas para 4 combatentes ativos (9 ocultos). Turno ativo: 'Bolo de Morango' (Rodada 1).
[2026-09-06 13:01:16,470] [INFO] [src.manager.combat_manager]: Passar Turno: combatente ativo 'Grunt Kahl' (Rodada 1).
[2026-09-06 13:01:17,028] [INFO] [src.manager.combat_manager]: Passar Turno: combatente ativo 'Ornella' (Rodada 1).
[2026-09-06 13:01:19,942] [WARNING] [src.ui.dm.tactical_minimap]: Movimento bloqueado para 'Veterano': célula (9, 9) possui blocks_movement=True. Revertendo para (9, 9).
[2026-09-06 13:01:23,301] [WARNING] [src.ui.dm.tactical_minimap]: Movimento bloqueado para 'Veterano': célula (9, 9) possui blocks_movement=True. Revertendo para (9, 9).
[2026-09-06 13:01:24,273] [WARNING] [src.ui.dm.tactical_minimap]: Movimento bloqueado para 'Veterano': célula (9, 9) possui blocks_movement=True. Revertendo para (9, 9).
[2026-09-06 13:01:24,400] [WARNING] [src.ui.dm.tactical_minimap]: Movimento bloqueado para 'Veterano': célula (9, 9) possui blocks_movement=True. Revertendo para (9, 9).
[2026-09-06 13:01:24,949] [WARNING] [src.ui.dm.tactical_minimap]: Movimento bloqueado para 'Veterano': célula (9, 9) possui blocks_movement=True. Revertendo para (9, 9).
[2026-09-06 13:01:25,070] [WARNING] [src.ui.dm.tactical_minimap]: Movimento bloqueado para 'Veterano': célula (9, 9) possui blocks_movement=True. Revertendo para (9, 9).
[2026-09-06 13:01:31,432] [INFO] [src.manager.combat_manager]: Combatente 'Veterano' revelado com sucesso e posicionado como próximo a agir na fila de turnos.
[2026-09-06 13:01:34,755] [INFO] [src.manager.combat_manager]: Movimento no Grid: 'Acólito 2' movido de (6, 11) para (6, 11).
[2026-09-06 13:01:35,996] [INFO] [src.manager.combat_manager]: Combatente 'Acólito 2' revelado com sucesso e posicionado como próximo a agir na fila de turnos.
[2026-09-06 13:01:39,561] [INFO] [src.manager.session_manager]: Encerrando combate e retornando exibição para: IDLE
[2026-09-06 13:01:39,561] [INFO] [src.manager.combat_manager]: Resetando estado de combate do encontro: 'Emboscada no Vale' (encounter_05092026210157).
[2026-09-06 13:01:39,561] [INFO] [src.manager.combat_manager]: Estado do CombatManager resetado com sucesso.
[2026-09-06 13:01:41,426] [INFO] [src.ui.dm_window]: DMWindow sendo fechada. Encerrando aplicação...
[2026-09-06 13:01:41,427] [INFO] [src.ui.player_window]: Recursos e listeners da PlayerWindow liberados definitivamente (hard close).
[2026-09-06 13:01:41,524] [INFO] [src.ui.dm_window]: DMWindow notificada da ocultação da PlayerWindow.
[2026-09-06 13:34:32,942] [INFO] [MedusaMain]: 🐉 MEDUSA VTT - SISTEMA DE COMBATE E MESA DIGITAL D&D 5E
[2026-09-06 13:34:32,943] [INFO] [MedusaMain]: SessionManager inicializado no estado DisplayState.IDLE.
[2026-09-06 13:34:33,422] [INFO] [src.ui.dm_window]: DMWindow (Arcade GUI Modular) inicializada com sucesso.
[2026-09-06 13:34:33,513] [INFO] [src.ui.player_window]: PlayerWindow instanciada e conectada ao SessionManager.
[2026-09-06 13:34:33,515] [INFO] [MedusaMain]: Janelas ativas: Tela do Mestre (DMWindow) e Tela dos Jogadores (PlayerWindow).
[2026-09-06 13:34:33,515] [INFO] [MedusaMain]: Utilize o painel do Mestre para projetar mídias, gerenciar iniciativas ou movimentar tokens no Grid!
[2026-09-06 13:34:33,515] [INFO] [MedusaMain]: Atalhos Globais: F10 = Abrir/Fechar Tela do Jogador | F11 = Alternar Tela Cheia (Fullscreen).
[2026-09-06 13:34:33,517] [INFO] [src.ui.player_window]: PlayerWindow redimensionada para 1024x768 (fullscreen=False). Viewport recalculada.
[2026-09-06 13:34:35,199] [INFO] [src.ui.player_window]: PlayerWindow redimensionada para 1920x1080 (fullscreen=True). Viewport recalculada.
[2026-09-06 13:34:35,203] [INFO] [src.ui.player_window]: PlayerWindow redimensionada para 1920x1080 (fullscreen=True). Viewport recalculada.
[2026-09-06 13:34:35,206] [INFO] [src.ui.player_window]: PlayerWindow redimensionada para 1920x1080 (fullscreen=True). Viewport recalculada.
[2026-09-06 13:34:35,208] [INFO] [src.ui.player_window]: PlayerWindow redimensionada para 1920x1080 (fullscreen=True). Viewport recalculada.
[2026-09-06 13:34:35,209] [INFO] [src.ui.player_window]: PlayerWindow colocada em tela cheia.
[2026-09-06 13:56:59,346] [INFO] [src.manager.session_manager]: Projetando imagem: 'map_mounains.png' (C:\Users\aguia\OneDrive\Documentos\Medusa\medusa_controler\assets\images\maps\map_mounains.png)
[2026-09-06 13:57:03,972] [INFO] [src.manager.session_manager]: Retornando Tela dos Jogadores para IDLE
[2026-09-06 13:57:03,972] [INFO] [src.manager.combat_manager]: Resetando estado de combate do encontro: 'Encontro' ().
[2026-09-06 13:57:03,973] [INFO] [src.manager.combat_manager]: Estado do CombatManager resetado com sucesso.
[2026-09-06 13:59:39,667] [INFO] [src.manager.session_manager]: Iniciando encontro: encounter_01
[2026-09-06 13:59:39,670] [INFO] [src.domain.models.fog_manager]: Estado de névoa carregado: 0 células ativas.
[2026-09-06 13:59:39,671] [INFO] [src.manager.combat_manager]: Encontro carregado: 'Emboscada em Túnel (Encontro 01)' (encounter_01) [tipo=image] com 5 combatentes (0 ocultos) e 0 células de névoa.
[2026-09-06 13:59:46,287] [INFO] [src.manager.combat_manager]: Template de magia configurado: shape=cone size=20.0ft width=5.0ft active=False rot=0.0°.
[2026-09-06 13:59:47,719] [INFO] [src.manager.combat_manager]: Template de magia configurado: shape=cone size=20.0ft width=5.0ft active=True rot=0.0°.
[2026-09-06 13:59:54,518] [INFO] [src.manager.combat_manager]: Template de magia configurado: shape=cone size=1.0ft width=5.0ft active=True rot=322.0°.
[2026-09-06 13:59:54,655] [INFO] [src.manager.combat_manager]: Template de magia configurado: shape=cone size=10.0ft width=5.0ft active=True rot=322.0°.
[2026-09-06 13:59:58,059] [INFO] [src.manager.combat_manager]: Template de magia configurado: shape=line size=10.0ft width=5.0ft active=True rot=322.0°.
[2026-09-06 13:59:59,456] [INFO] [src.manager.combat_manager]: Template de magia configurado: shape=line size=1.0ft width=5.0ft active=True rot=322.0°.
[2026-09-06 13:59:59,888] [INFO] [src.manager.combat_manager]: Template de magia configurado: shape=line size=12.0ft width=5.0ft active=True rot=322.0°.
[2026-09-06 14:00:00,039] [INFO] [src.manager.combat_manager]: Template de magia configurado: shape=line size=120.0ft width=5.0ft active=True rot=322.0°.
[2026-09-06 14:00:07,360] [INFO] [src.manager.combat_manager]: Template de magia configurado: shape=line size=120.0ft width=5.0ft active=False rot=1.0°.
[2026-09-06 14:00:34,548] [INFO] [src.manager.session_manager]: Retornando Tela dos Jogadores para IDLE
[2026-09-06 14:00:34,548] [INFO] [src.manager.combat_manager]: Resetando estado de combate do encontro: 'Emboscada em Túnel (Encontro 01)' (encounter_01).
[2026-09-06 14:00:34,548] [INFO] [src.manager.combat_manager]: Estado do CombatManager resetado com sucesso.
[2026-09-06 14:12:24,444] [INFO] [src.manager.session_manager]: Projetando imagem: 'greenest.webp' (C:\Users\aguia\OneDrive\Documentos\Medusa\medusa_controler\assets\images\maps\greenest.webp)
[2026-09-06 14:32:01,622] [INFO] [src.manager.session_manager]: Projetando imagem: 'greenest keep.jpg' (C:\Users\aguia\OneDrive\Documentos\Medusa\medusa_controler\assets\images\maps\greenest keep.jpg)
[2026-09-06 14:36:18,263] [INFO] [src.manager.session_manager]: Projetando imagem: 'greenest.webp' (C:\Users\aguia\OneDrive\Documentos\Medusa\medusa_controler\assets\images\maps\greenest.webp)
[2026-09-06 14:49:22,488] [INFO] [src.manager.session_manager]: Retornando Tela dos Jogadores para IDLE
[2026-09-06 14:49:22,488] [INFO] [src.manager.combat_manager]: Resetando estado de combate do encontro: 'Encontro' ().
[2026-09-06 14:49:22,490] [INFO] [src.manager.combat_manager]: Estado do CombatManager resetado com sucesso.
[2026-09-06 14:49:57,191] [INFO] [src.manager.session_manager]: Projetando imagem: 'The Sword Coast.jpg' (C:\Users\aguia\OneDrive\Documentos\Medusa\medusa_controler\assets\images\maps\The Sword Coast.jpg)
[2026-09-06 14:50:34,483] [INFO] [src.manager.session_manager]: Projetando imagem: 'The Sword Coast.jpg' (C:\Users\aguia\OneDrive\Documentos\Medusa\medusa_controler\assets\images\maps\The Sword Coast.jpg)
[2026-09-06 14:58:15,061] [INFO] [src.manager.session_manager]: Iniciando encontro: encounter_04092026132531
[2026-09-06 14:58:15,068] [INFO] [src.domain.loaders.tile_map_loader]: TileMap carregado com sucesso a partir de 'acampamento_vale.json'.
[2026-09-06 14:58:15,070] [INFO] [src.domain.models.fog_manager]: Estado de névoa carregado: 0 células ativas.
[2026-09-06 14:58:15,071] [INFO] [src.manager.combat_manager]: Encontro carregado: 'Retardatarios no caminho' (encounter_04092026132531) [tipo=tilemap] com 16 combatentes (0 ocultos) e 0 células de névoa.
[2026-09-06 14:58:15,096] [INFO] [src.domain.loaders.tileset_manager]: TilesetManager 'Sprite-007' inicializado: 70 tiles fatiados a partir de 'Sprite-0007.png'.
[2026-09-06 14:58:15,107] [INFO] [src.ui.utils.tilemap_renderer]: TileMapRenderer montado: 252 ground sprites e 1 prop sprites para mapa 'Sprite-007' (21x12).
[2026-09-06 14:58:15,300] [INFO] [src.ui.utils.tilemap_renderer]: TileMapRenderer montado: 252 ground sprites e 1 prop sprites para mapa 'Sprite-007' (21x12).
[2026-09-06 15:03:59,742] [INFO] [src.manager.combat_manager]: Template de magia configurado: shape=line size=6.0ft width=5.0ft active=False rot=0.0°.
[2026-09-06 15:03:59,829] [INFO] [src.manager.combat_manager]: Template de magia configurado: shape=line size=60.0ft width=5.0ft active=False rot=0.0°.
[2026-09-06 15:04:01,126] [INFO] [src.manager.combat_manager]: Template de magia configurado: shape=line size=60.0ft width=5.0ft active=True rot=0.0°.
[2026-09-06 15:04:21,437] [INFO] [src.manager.combat_manager]: Template de magia configurado: shape=line size=60.0ft width=5.0ft active=False rot=181.0°.
[2026-09-06 15:05:22,223] [INFO] [src.manager.combat_manager]: Passar Turno: combatente ativo 'Kaz' (Rodada 1).
[2026-09-06 15:05:23,247] [INFO] [src.manager.combat_manager]: Retroceder Turno: combatente ativo 'Kobold 8' (Rodada 1).
[2026-09-06 15:05:24,461] [INFO] [src.manager.combat_manager]: Passar Turno: combatente ativo 'Kaz' (Rodada 2).
[2026-09-06 15:05:27,207] [INFO] [src.manager.combat_manager]: Passar Turno: combatente ativo 'Ornella' (Rodada 2).
[2026-09-06 15:05:29,698] [INFO] [src.manager.combat_manager]: Retroceder Turno: combatente ativo 'Kaz' (Rodada 2).
[2026-09-06 15:06:16,503] [INFO] [src.manager.combat_manager]: Movimento no Grid: 'Ornella' movido de (20, 5) para (5, 10).
[2026-09-06 15:06:18,839] [INFO] [src.manager.combat_manager]: Movimento no Grid: 'Ornella' movido de (5, 10) para (5, 9).
[2026-09-06 15:06:25,375] [INFO] [src.manager.combat_manager]: Movimento no Grid: 'Bolo de Morango' movido de (20, 3) para (7, 9).
[2026-09-06 15:06:26,435] [INFO] [src.manager.combat_manager]: Movimento no Grid: 'Ornella' movido de (5, 9) para (6, 9).
[2026-09-06 15:06:33,208] [INFO] [src.manager.combat_manager]: Movimento no Grid: 'Kaz' movido de (20, 6) para (7, 2).
[2026-09-06 15:06:37,116] [INFO] [src.manager.combat_manager]: Movimento no Grid: 'Grunt Kahl' movido de (20, 4) para (6, 0).
[2026-09-06 15:10:48,807] [INFO] [src.manager.combat_manager]: Movimento no Grid: 'Kobold 2' movido de (1, 2) para (1, 2).
[2026-09-06 15:11:08,881] [INFO] [src.manager.combat_manager]: Dano aplicado: 8 em Kobold 2 (HP: 0/5)
[2026-09-06 15:11:39,713] [INFO] [src.manager.combat_manager]: Movimento no Grid: 'Kobold 1' movido de (0, 2) para (0, 2).
[2026-09-06 15:11:42,438] [INFO] [src.manager.combat_manager]: Dano aplicado: 8 em Kobold 1 (HP: 0/5)
[2026-09-06 15:11:54,339] [INFO] [src.manager.combat_manager]: Movimento no Grid: 'Kobold 3' movido de (2, 2) para (2, 2).
[2026-09-06 15:11:56,600] [INFO] [src.manager.combat_manager]: Dano aplicado: 8 em Kobold 3 (HP: 0/5)
[2026-09-06 15:11:58,307] [INFO] [src.manager.combat_manager]: Movimento no Grid: 'Kobold 8' movido de (1, 1) para (1, 1).
[2026-09-06 15:11:59,131] [INFO] [src.manager.combat_manager]: Dano aplicado: 8 em Kobold 8 (HP: 0/5)
[2026-09-06 15:13:46,559] [INFO] [src.manager.combat_manager]: Movimento no Grid: 'Kobold 7' movido de (2, 1) para (2, 1).
[2026-09-06 15:13:47,693] [INFO] [src.manager.combat_manager]: Dano aplicado: 1 em Kobold 7 (HP: 4/5)
[2026-09-06 15:13:47,816] [INFO] [src.manager.combat_manager]: Dano aplicado: 1 em Kobold 7 (HP: 3/5)
[2026-09-06 15:16:09,440] [INFO] [src.manager.combat_manager]: Template de magia configurado: shape=cone size=60.0ft width=5.0ft active=False rot=181.0°.
[2026-09-06 15:16:11,296] [INFO] [src.manager.combat_manager]: Template de magia configurado: shape=cone size=6.0ft width=5.0ft active=False rot=181.0°.
[2026-09-06 15:16:11,409] [INFO] [src.manager.combat_manager]: Template de magia configurado: shape=cone size=6.0ft width=5.0ft active=False rot=181.0°.
[2026-09-06 15:16:12,335] [INFO] [src.manager.combat_manager]: Template de magia configurado: shape=cone size=1.0ft width=5.0ft active=False rot=181.0°.
[2026-09-06 15:16:12,394] [INFO] [src.manager.combat_manager]: Template de magia configurado: shape=cone size=15.0ft width=5.0ft active=False rot=181.0°.
[2026-09-06 15:16:15,613] [INFO] [src.manager.combat_manager]: Template de magia configurado: shape=cone size=15.0ft width=5.0ft active=True rot=181.0°.
[2026-09-06 15:16:38,534] [INFO] [src.manager.combat_manager]: Template de magia configurado: shape=cone size=15.0ft width=5.0ft active=False rot=241.0°.
[2026-09-06 15:16:40,196] [INFO] [src.manager.combat_manager]: Movimento no Grid: 'Ornella' movido de (6, 9) para (6, 8).
[2026-09-06 15:16:41,808] [INFO] [src.manager.combat_manager]: Template de magia configurado: shape=cone size=15.0ft width=5.0ft active=True rot=241.0°.
[2026-09-06 15:16:48,078] [INFO] [src.manager.combat_manager]: Template de magia configurado: shape=cone size=15.0ft width=5.0ft active=False rot=241.0°.
[2026-09-06 15:18:40,012] [INFO] [src.manager.combat_manager]: Movimento no Grid: 'Cultista 1' movido de (4, 6) para (4, 6).
[2026-09-06 15:19:00,005] [INFO] [src.manager.combat_manager]: Dano aplicado: 10 em Cultista 1 (HP: 0/9)
[2026-09-06 15:19:01,645] [INFO] [src.manager.combat_manager]: Movimento no Grid: 'Cultista 2' movido de (5, 6) para (5, 6).
[2026-09-06 15:19:03,565] [INFO] [src.manager.combat_manager]: Dano aplicado: 10 em Cultista 2 (HP: 0/9)
[2026-09-06 15:21:14,802] [INFO] [src.manager.combat_manager]: Movimento no Grid: 'Bolo de Morango' movido de (7, 9) para (7, 7).
[2026-09-06 15:23:36,412] [INFO] [src.manager.combat_manager]: Iniciativas consolidadas e aplicadas para 16 combatentes ativos (0 ocultos). Turno ativo: 'Kobold 6' (Rodada 1).
[2026-09-06 15:30:37,420] [INFO] [src.manager.combat_manager]: Movimento no Grid: 'Kobold 6' movido de (2, 3) para (2, 7).
[2026-09-06 15:31:00,172] [INFO] [src.manager.combat_manager]: Passar Turno: combatente ativo 'Kobold 2' (Rodada 1).
[2026-09-06 15:31:03,223] [INFO] [src.manager.combat_manager]: Passar Turno: combatente ativo 'Kobold 8' (Rodada 1).
[2026-09-06 15:31:04,348] [INFO] [src.manager.combat_manager]: Passar Turno: combatente ativo 'Kobold 7' (Rodada 1).
[2026-09-06 15:31:08,149] [INFO] [src.manager.combat_manager]: Movimento no Grid: 'Kobold 7' movido de (2, 1) para (2, 6).
[2026-09-06 15:31:14,017] [INFO] [src.manager.combat_manager]: Passar Turno: combatente ativo 'Bolo de Morango' (Rodada 1).
[2026-09-06 15:32:41,740] [INFO] [src.manager.combat_manager]: Movimento no Grid: 'Cultista 4' movido de (6, 7) para (6, 7).
[2026-09-06 15:34:12,728] [INFO] [src.manager.combat_manager]: Dano aplicado: 7 em Cultista 4 (HP: 2/9)
[2026-09-06 15:34:46,354] [INFO] [src.manager.combat_manager]: Passar Turno: combatente ativo 'Cultista 2' (Rodada 1).
[2026-09-06 15:34:49,100] [INFO] [src.manager.combat_manager]: Passar Turno: combatente ativo 'Ornella' (Rodada 1).
[2026-09-06 15:35:33,737] [INFO] [src.manager.combat_manager]: Template de magia configurado: shape=cone size=15.0ft width=5.0ft active=True rot=241.0°.
[2026-09-06 15:35:39,240] [INFO] [src.manager.combat_manager]: Template de magia configurado: shape=cone size=15.0ft width=5.0ft active=False rot=256.0°.
[2026-09-06 15:36:07,602] [INFO] [src.manager.combat_manager]: Dano aplicado: 4 em Cultista 4 (HP: 0/9)
[2026-09-06 15:36:09,180] [INFO] [src.manager.combat_manager]: Movimento no Grid: 'Cultista 3' movido de (6, 6) para (6, 6).
[2026-09-06 15:36:10,549] [INFO] [src.manager.combat_manager]: Dano aplicado: 4 em Cultista 3 (HP: 5/9)
[2026-09-06 15:38:40,347] [INFO] [src.manager.combat_manager]: Movimento no Grid: 'Cultista 4' movido de (6, 7) para (5, 8).
[2026-09-06 15:38:42,199] [INFO] [src.manager.combat_manager]: Movimento no Grid: 'Ornella' movido de (6, 8) para (6, 7).
[2026-09-06 15:38:50,709] [INFO] [src.manager.combat_manager]: Passar Turno: combatente ativo 'Cultista 1' (Rodada 1).
[2026-09-06 15:38:52,327] [INFO] [src.manager.combat_manager]: Passar Turno: combatente ativo 'Kobold 5' (Rodada 1).
[2026-09-06 15:38:56,653] [INFO] [src.manager.combat_manager]: Movimento no Grid: 'Kobold 5' movido de (1, 3) para (2, 8).
[2026-09-06 15:39:01,663] [INFO] [src.manager.combat_manager]: Movimento no Grid: 'Kobold 5' movido de (2, 8) para (3, 7).
[2026-09-06 15:39:05,811] [INFO] [src.manager.combat_manager]: Passar Turno: combatente ativo 'Grunt Kahl' (Rodada 1).
[2026-09-06 15:39:45,476] [INFO] [src.manager.combat_manager]: Movimento no Grid: 'Grunt Kahl' movido de (6, 0) para (6, 4).
[2026-09-06 15:40:16,214] [INFO] [src.manager.combat_manager]: Movimento no Grid: 'Cultista 3' movido de (6, 6) para (6, 6).
[2026-09-06 15:40:36,882] [INFO] [src.manager.combat_manager]: Dano aplicado: 4 em Cultista 3 (HP: 1/9)
[2026-09-06 15:41:29,446] [INFO] [src.manager.combat_manager]: Passar Turno: combatente ativo 'Cultista 3' (Rodada 1).
[2026-09-06 15:41:41,969] [INFO] [src.manager.combat_manager]: Movimento no Grid: 'Cultista 3' movido de (6, 6) para (4, 7).
[2026-09-06 15:41:52,298] [INFO] [src.manager.combat_manager]: Passar Turno: combatente ativo 'Cultista 4' (Rodada 1).
[2026-09-06 15:41:55,866] [INFO] [src.manager.combat_manager]: Passar Turno: combatente ativo 'Kobold 4' (Rodada 1).
[2026-09-06 15:42:00,895] [INFO] [src.manager.combat_manager]: Movimento no Grid: 'Kobold 4' movido de (0, 3) para (2, 5).
[2026-09-06 15:42:04,908] [INFO] [src.manager.combat_manager]: Passar Turno: combatente ativo 'Kobold 3' (Rodada 1).
[2026-09-06 15:42:05,363] [INFO] [src.manager.combat_manager]: Passar Turno: combatente ativo 'Kobold 1' (Rodada 1).
[2026-09-06 15:42:05,732] [INFO] [src.manager.combat_manager]: Passar Turno: combatente ativo 'Kaz' (Rodada 1).
[2026-09-06 15:44:15,308] [INFO] [src.manager.combat_manager]: Passar Turno: combatente ativo 'Kobold 6' (Rodada 2).
[2026-09-06 15:45:06,688] [INFO] [src.manager.combat_manager]: Movimento no Grid: 'Kobold 6' movido de (2, 7) para (3, 9).
[2026-09-06 15:45:15,454] [INFO] [src.manager.combat_manager]: Passar Turno: combatente ativo 'Kobold 2' (Rodada 2).
[2026-09-06 15:45:16,377] [INFO] [src.manager.combat_manager]: Passar Turno: combatente ativo 'Kobold 8' (Rodada 2).
[2026-09-06 15:45:16,702] [INFO] [src.manager.combat_manager]: Passar Turno: combatente ativo 'Kobold 7' (Rodada 2).
[2026-09-06 15:46:08,045] [INFO] [src.manager.combat_manager]: Passar Turno: combatente ativo 'Bolo de Morango' (Rodada 2).
[2026-09-06 15:46:36,014] [INFO] [src.manager.combat_manager]: Movimento no Grid: 'Cultista 1' movido de (4, 6) para (3, 6).
[2026-09-06 15:46:37,805] [INFO] [src.manager.combat_manager]: Movimento no Grid: 'Bolo de Morango' movido de (7, 7) para (4, 6).
[2026-09-06 15:48:17,311] [INFO] [src.manager.combat_manager]: Movimento no Grid: 'Cultista 3' movido de (4, 7) para (4, 7).
[2026-09-06 15:48:20,475] [INFO] [src.manager.combat_manager]: Dano aplicado: 7 em Cultista 3 (HP: 0/9)
[2026-09-06 15:49:39,920] [INFO] [src.manager.combat_manager]: Passar Turno: combatente ativo 'Cultista 2' (Rodada 2).
[2026-09-06 15:49:40,966] [INFO] [src.manager.combat_manager]: Passar Turno: combatente ativo 'Ornella' (Rodada 2).
[2026-09-06 15:50:46,516] [INFO] [src.manager.combat_manager]: Template de magia configurado: shape=line size=15.0ft width=5.0ft active=False rot=256.0°.
[2026-09-06 15:50:48,586] [INFO] [src.manager.combat_manager]: Template de magia configurado: shape=line size=1.0ft width=5.0ft active=False rot=256.0°.
[2026-09-06 15:50:48,684] [INFO] [src.manager.combat_manager]: Template de magia configurado: shape=line size=12.0ft width=5.0ft active=False rot=256.0°.
[2026-09-06 15:50:48,800] [INFO] [src.manager.combat_manager]: Template de magia configurado: shape=line size=120.0ft width=5.0ft active=False rot=256.0°.
[2026-09-06 15:50:51,066] [INFO] [src.manager.combat_manager]: Template de magia configurado: shape=line size=120.0ft width=5.0ft active=True rot=256.0°.
[2026-09-06 15:50:59,457] [INFO] [src.manager.combat_manager]: Template de magia configurado: shape=line size=120.0ft width=5.0ft active=False rot=181.0°.
[2026-09-06 15:51:40,570] [INFO] [src.manager.combat_manager]: Movimento no Grid: 'Kobold 6' movido de (3, 9) para (3, 9).
[2026-09-06 15:51:54,575] [INFO] [src.manager.combat_manager]: Dano aplicado: 2 em Kobold 6 (HP: 3/5)
[2026-09-06 15:52:28,242] [INFO] [src.manager.combat_manager]: Passar Turno: combatente ativo 'Cultista 1' (Rodada 2).
[2026-09-06 15:52:28,819] [INFO] [src.manager.combat_manager]: Passar Turno: combatente ativo 'Kobold 5' (Rodada 2).
[2026-09-06 15:53:01,727] [INFO] [src.manager.combat_manager]: Passar Turno: combatente ativo 'Grunt Kahl' (Rodada 2).
[2026-09-06 15:53:49,637] [INFO] [src.manager.combat_manager]: Movimento no Grid: 'Kobold 7' movido de (2, 6) para (2, 6).
[2026-09-06 15:54:08,414] [INFO] [src.manager.combat_manager]: Dano aplicado: 7 em Kobold 7 (HP: 0/5)
[2026-09-06 15:54:26,617] [INFO] [src.manager.combat_manager]: Passar Turno: combatente ativo 'Cultista 3' (Rodada 2).
[2026-09-06 15:54:27,855] [INFO] [src.manager.combat_manager]: Passar Turno: combatente ativo 'Cultista 4' (Rodada 2).
[2026-09-06 15:54:29,958] [INFO] [src.manager.combat_manager]: Passar Turno: combatente ativo 'Kobold 4' (Rodada 2).
[2026-09-06 15:54:38,361] [INFO] [src.manager.combat_manager]: Movimento no Grid: 'Kobold 4' movido de (2, 5) para (3, 8).
[2026-09-06 15:55:11,774] [INFO] [src.manager.combat_manager]: Passar Turno: combatente ativo 'Kobold 3' (Rodada 2).
[2026-09-06 15:55:12,262] [INFO] [src.manager.combat_manager]: Passar Turno: combatente ativo 'Kobold 1' (Rodada 2).
[2026-09-06 15:55:12,447] [INFO] [src.manager.combat_manager]: Passar Turno: combatente ativo 'Kaz' (Rodada 2).
[2026-09-06 15:55:38,279] [INFO] [src.manager.combat_manager]: Template de magia configurado: shape=line size=6.0ft width=5.0ft active=False rot=181.0°.
[2026-09-06 15:55:38,311] [INFO] [src.manager.combat_manager]: Template de magia configurado: shape=line size=60.0ft width=5.0ft active=False rot=181.0°.
[2026-09-06 15:55:44,962] [INFO] [src.manager.combat_manager]: Template de magia configurado: shape=line size=60.0ft width=5.0ft active=True rot=181.0°.
[2026-09-06 15:55:50,645] [INFO] [src.manager.combat_manager]: Template de magia configurado: shape=line size=60.0ft width=5.0ft active=False rot=121.0°.
[2026-09-06 15:56:23,396] [INFO] [src.manager.combat_manager]: Movimento no Grid: 'Kobold 5' movido de (3, 7) para (3, 7).
[2026-09-06 15:56:27,247] [INFO] [src.manager.combat_manager]: Dano aplicado: 10 em Kobold 5 (HP: 0/5)
[2026-09-06 15:56:28,230] [INFO] [src.manager.combat_manager]: Movimento no Grid: 'Kobold 4' movido de (3, 8) para (3, 8).
[2026-09-06 15:56:29,887] [INFO] [src.manager.combat_manager]: Dano aplicado: 10 em Kobold 4 (HP: 0/5)
[2026-09-06 15:56:39,620] [INFO] [src.manager.combat_manager]: Movimento no Grid: 'Kobold 6' movido de (3, 9) para (3, 9).
[2026-09-06 15:56:46,771] [INFO] [src.manager.combat_manager]: Passar Turno: combatente ativo 'Kobold 6' (Rodada 3).
[2026-09-06 15:57:00,436] [INFO] [src.manager.combat_manager]: Movimento no Grid: 'Kobold 6' movido de (3, 9) para (1, 3).
[2026-09-06 15:57:12,015] [INFO] [src.manager.combat_manager]: Passar Turno: combatente ativo 'Kobold 2' (Rodada 3).
[2026-09-06 15:57:12,449] [INFO] [src.manager.combat_manager]: Passar Turno: combatente ativo 'Kobold 8' (Rodada 3).
[2026-09-06 15:57:12,872] [INFO] [src.manager.combat_manager]: Passar Turno: combatente ativo 'Kobold 7' (Rodada 3).
[2026-09-06 15:57:13,647] [INFO] [src.manager.combat_manager]: Passar Turno: combatente ativo 'Bolo de Morango' (Rodada 3).
[2026-09-06 15:57:14,603] [INFO] [src.manager.combat_manager]: Passar Turno: combatente ativo 'Cultista 2' (Rodada 3).
[2026-09-06 15:57:15,777] [INFO] [src.manager.combat_manager]: Retroceder Turno: combatente ativo 'Bolo de Morango' (Rodada 3).
[2026-09-06 15:57:32,065] [INFO] [src.manager.combat_manager]: Movimento no Grid: 'Bolo de Morango' movido de (4, 6) para (2, 3).
[2026-09-06 15:58:09,952] [INFO] [src.manager.combat_manager]: Movimento no Grid: 'Kobold 6' movido de (1, 3) para (1, 3).
[2026-09-06 16:00:37,110] [INFO] [src.manager.combat_manager]: Movimento no Grid: 'Kobold 4' movido de (3, 8) para (3, 8).
[2026-09-06 16:00:58,865] [INFO] [src.manager.combat_manager]: Movimento no Grid: 'Ornella' movido de (6, 7) para (3, 5).
[2026-09-06 16:01:00,842] [INFO] [src.manager.combat_manager]: Movimento no Grid: 'Ornella' movido de (3, 5) para (4, 5).
[2026-09-06 16:01:03,387] [INFO] [src.manager.combat_manager]: Movimento no Grid: 'Grunt Kahl' movido de (6, 4) para (5, 4).
[2026-09-06 16:01:05,757] [INFO] [src.manager.combat_manager]: Movimento no Grid: 'Kaz' movido de (7, 2) para (5, 3).
[2026-09-06 16:01:10,832] [INFO] [src.manager.combat_manager]: Movimento no Grid: 'Bolo de Morango' movido de (2, 3) para (3, 4).
[2026-09-06 16:01:14,102] [INFO] [src.manager.combat_manager]: Movimento no Grid: 'Kobold 6' movido de (1, 3) para (4, 3).
[2026-09-06 16:11:17,050] [INFO] [src.manager.session_manager]: Retornando Tela dos Jogadores para IDLE
[2026-09-06 16:11:17,051] [INFO] [src.manager.combat_manager]: Resetando estado de combate do encontro: 'Retardatarios no caminho' (encounter_04092026132531).
[2026-09-06 16:11:17,051] [INFO] [src.manager.combat_manager]: Estado do CombatManager resetado com sucesso.
[2026-09-06 16:32:21,815] [INFO] [src.manager.session_manager]: Iniciando encontro: encounter_05092026210157
[2026-09-06 16:32:21,821] [INFO] [src.domain.loaders.tile_map_loader]: TileMap carregado com sucesso a partir de 'estrada_vale.json'.
[2026-09-06 16:32:21,823] [INFO] [src.domain.models.fog_manager]: Estado de névoa carregado: 0 células ativas.
[2026-09-06 16:32:21,824] [INFO] [src.manager.combat_manager]: Encontro carregado: 'Emboscada no Vale' (encounter_05092026210157) [tipo=tilemap] com 13 combatentes (9 ocultos) e 0 células de névoa.
[2026-09-06 16:32:21,835] [INFO] [src.domain.loaders.tileset_manager]: TilesetManager 'Sprite-0007' inicializado: 70 tiles fatiados a partir de 'Sprite-0007.png'.
[2026-09-06 16:32:21,854] [INFO] [src.ui.utils.tilemap_renderer]: TileMapRenderer montado: 252 ground sprites e 15 prop sprites para mapa 'Sprite-0007' (21x12).
[2026-09-06 16:32:21,921] [INFO] [src.ui.utils.tilemap_renderer]: TileMapRenderer montado: 252 ground sprites e 15 prop sprites para mapa 'Sprite-0007' (21x12).
[2026-09-06 16:34:37,661] [WARNING] [src.ui.dm.tactical_minimap]: Movimento bloqueado para 'Cultista 3': célula (8, 10) possui blocks_movement=True. Revertendo para (2, 11).
[2026-09-06 16:34:41,469] [WARNING] [src.ui.dm.tactical_minimap]: Movimento bloqueado para 'Cultista 3': célula (8, 10) possui blocks_movement=True. Revertendo para (2, 11).
[2026-09-06 16:36:47,646] [INFO] [src.manager.combat_manager]: Movimento no Grid: 'Bolo de Morango' movido de (0, 5) para (1, 8).
[2026-09-06 16:36:49,159] [INFO] [src.manager.combat_manager]: Movimento no Grid: 'Grunt Kahl' movido de (0, 6) para (1, 7).
[2026-09-06 16:37:15,028] [INFO] [src.manager.combat_manager]: Movimento no Grid: 'Bolo de Morango' movido de (1, 8) para (0, 6).
[2026-09-06 16:37:15,831] [INFO] [src.manager.combat_manager]: Movimento no Grid: 'Ornella' movido de (0, 7) para (1, 8).
[2026-09-06 16:37:17,055] [INFO] [src.manager.combat_manager]: Movimento no Grid: 'Bolo de Morango' movido de (0, 6) para (0, 7).
[2026-09-06 16:41:33,474] [INFO] [src.manager.combat_manager]: Movimento no Grid: 'Cultista 3' movido de (2, 11) para (2, 11).
[2026-09-06 16:41:34,456] [INFO] [src.manager.combat_manager]: Combatente 'Cultista 3' revelado com sucesso e posicionado como próximo a agir na fila de turnos.
[2026-09-06 16:41:35,387] [INFO] [src.manager.combat_manager]: Movimento no Grid: 'Acólito 2' movido de (6, 11) para (6, 11).
[2026-09-06 16:41:36,105] [INFO] [src.manager.combat_manager]: Combatente 'Acólito 2' revelado com sucesso e posicionado como próximo a agir na fila de turnos.
[2026-09-06 16:41:36,965] [INFO] [src.manager.combat_manager]: Movimento no Grid: 'Acólito 1' movido de (6, 1) para (6, 1).
[2026-09-06 16:41:37,610] [INFO] [src.manager.combat_manager]: Combatente 'Acólito 1' revelado com sucesso e posicionado como próximo a agir na fila de turnos.
[2026-09-06 16:41:38,750] [WARNING] [src.ui.dm.tactical_minimap]: Movimento bloqueado para 'Veterano': célula (9, 9) possui blocks_movement=True. Revertendo para (9, 9).
[2026-09-06 16:41:39,388] [INFO] [src.manager.combat_manager]: Combatente 'Veterano' revelado com sucesso e posicionado como próximo a agir na fila de turnos.
[2026-09-06 16:41:40,353] [INFO] [src.manager.combat_manager]: Movimento no Grid: 'Cultista 1' movido de (11, 4) para (11, 4).
[2026-09-06 16:41:40,934] [INFO] [src.manager.combat_manager]: Combatente 'Cultista 1' revelado com sucesso e posicionado como próximo a agir na fila de turnos.
[2026-09-06 16:41:42,101] [INFO] [src.manager.combat_manager]: Movimento no Grid: 'Cultista 2' movido de (10, 2) para (10, 2).
[2026-09-06 16:41:42,862] [INFO] [src.manager.combat_manager]: Combatente 'Cultista 2' revelado com sucesso e posicionado como próximo a agir na fila de turnos.
[2026-09-06 16:41:43,923] [WARNING] [src.ui.dm.tactical_minimap]: Movimento bloqueado para 'Cultista 6': célula (15, 5) possui blocks_movement=True. Revertendo para (15, 5).
[2026-09-06 16:41:44,698] [INFO] [src.manager.combat_manager]: Combatente 'Cultista 6' revelado com sucesso e posicionado como próximo a agir na fila de turnos.
[2026-09-06 16:41:45,575] [WARNING] [src.ui.dm.tactical_minimap]: Movimento bloqueado para 'Cultista 5': célula (13, 10) possui blocks_movement=True. Revertendo para (13, 10).
[2026-09-06 16:41:46,284] [INFO] [src.manager.combat_manager]: Combatente 'Cultista 5' revelado com sucesso e posicionado como próximo a agir na fila de turnos.
[2026-09-06 16:41:47,160] [INFO] [src.manager.combat_manager]: Movimento no Grid: 'Cultista 4' movido de (17, 11) para (17, 11).
[2026-09-06 16:41:48,502] [INFO] [src.manager.combat_manager]: Combatente 'Cultista 4' revelado com sucesso e posicionado como próximo a agir na fila de turnos.
[2026-09-06 16:42:04,190] [INFO] [src.manager.combat_manager]: Iniciativas consolidadas e aplicadas para 13 combatentes ativos (0 ocultos). Turno ativo: 'Cultista 3' (Rodada 1).
[2026-09-06 16:42:24,442] [WARNING] [src.ui.dm.tactical_minimap]: Movimento bloqueado para 'Acólito 2': célula (6, 10) possui blocks_movement=True. Revertendo para (6, 11).
[2026-09-06 16:42:25,973] [WARNING] [src.ui.dm.tactical_minimap]: Movimento bloqueado para 'Acólito 2': célula (6, 10) possui blocks_movement=True. Revertendo para (6, 11).
[2026-09-06 16:42:26,847] [WARNING] [src.ui.dm.tactical_minimap]: Movimento bloqueado para 'Acólito 2': célula (6, 10) possui blocks_movement=True. Revertendo para (6, 11).
[2026-09-06 16:42:30,684] [INFO] [src.manager.combat_manager]: Movimento no Grid: 'Acólito 2' movido de (6, 11) para (6, 11).
[2026-09-06 16:42:31,774] [WARNING] [src.ui.dm.tactical_minimap]: Movimento bloqueado para 'Acólito 2': célula (6, 10) possui blocks_movement=True. Revertendo para (6, 11).
[2026-09-06 16:42:33,112] [WARNING] [src.ui.dm.tactical_minimap]: Movimento bloqueado para 'Cultista 3': célula (3, 10) possui blocks_movement=True. Revertendo para (2, 11).
[2026-09-06 16:42:33,996] [WARNING] [src.ui.dm.tactical_minimap]: Movimento bloqueado para 'Cultista 3': célula (3, 10) possui blocks_movement=True. Revertendo para (2, 11).
[2026-09-06 16:42:35,336] [WARNING] [src.ui.dm.tactical_minimap]: Movimento bloqueado para 'Veterano': célula (7, 9) possui blocks_movement=True. Revertendo para (9, 9).
[2026-09-06 16:42:36,362] [INFO] [src.manager.combat_manager]: Movimento no Grid: 'Veterano' movido de (9, 9) para (8, 8).
[2026-09-06 16:42:37,762] [WARNING] [src.ui.dm.tactical_minimap]: Movimento bloqueado para 'Veterano': célula (9, 9) possui blocks_movement=True. Revertendo para (8, 8).
[2026-09-06 16:42:39,156] [WARNING] [src.ui.dm.tactical_minimap]: Movimento bloqueado para 'Veterano': célula (9, 9) possui blocks_movement=True. Revertendo para (8, 8).
[2026-09-06 16:42:42,035] [INFO] [src.manager.combat_manager]: Movimento no Grid: 'Acólito 2' movido de (6, 11) para (7, 11).
[2026-09-06 16:42:43,409] [INFO] [src.manager.combat_manager]: Movimento no Grid: 'Acólito 2' movido de (7, 11) para (6, 11).
[2026-09-06 16:42:44,840] [INFO] [src.manager.combat_manager]: Movimento no Grid: 'Veterano' movido de (8, 8) para (9, 8).
[2026-09-06 16:43:24,916] [INFO] [src.manager.combat_manager]: Passar Turno: combatente ativo 'Cultista 4' (Rodada 1).
[2026-09-06 16:43:29,388] [INFO] [src.manager.combat_manager]: Passar Turno: combatente ativo 'Bolo de Morango' (Rodada 1).
[2026-09-06 16:44:41,766] [INFO] [src.manager.combat_manager]: Movimento no Grid: 'Bolo de Morango' movido de (0, 7) para (3, 7).
[2026-09-06 16:45:11,421] [INFO] [src.manager.combat_manager]: Passar Turno: combatente ativo 'Acólito 2' (Rodada 1).
[2026-09-06 16:47:55,429] [INFO] [src.manager.combat_manager]: Passar Turno: combatente ativo 'Kaz' (Rodada 1).
[2026-09-06 16:51:52,648] [INFO] [src.manager.combat_manager]: Passar Turno: combatente ativo 'Ornella' (Rodada 1).
[2026-09-06 16:55:14,354] [INFO] [src.manager.combat_manager]: Movimento no Grid: 'Acólito 2' movido de (6, 11) para (6, 11).
[2026-09-06 16:55:34,990] [INFO] [src.manager.combat_manager]: Dano aplicado: 1 em Acólito 2 (HP: 8/9)
[2026-09-06 16:55:35,128] [INFO] [src.manager.combat_manager]: Dano aplicado: 1 em Acólito 2 (HP: 7/9)
[2026-09-06 16:55:35,271] [INFO] [src.manager.combat_manager]: Dano aplicado: 1 em Acólito 2 (HP: 6/9)
[2026-09-06 16:55:44,425] [INFO] [src.manager.combat_manager]: Dano aplicado: 1 em Acólito 2 (HP: 5/9)
[2026-09-06 16:55:45,712] [INFO] [src.manager.combat_manager]: Dano aplicado: 1 em Acólito 2 (HP: 4/9)
[2026-09-06 16:55:45,854] [INFO] [src.manager.combat_manager]: Dano aplicado: 1 em Acólito 2 (HP: 3/9)
[2026-09-06 16:55:45,990] [INFO] [src.manager.combat_manager]: Dano aplicado: 1 em Acólito 2 (HP: 2/9)
[2026-09-06 16:55:55,665] [INFO] [src.manager.combat_manager]: Movimento no Grid: 'Acólito 1' movido de (6, 1) para (6, 1).
[2026-09-06 16:56:01,298] [INFO] [src.manager.combat_manager]: Dano aplicado: 5 em Acólito 1 (HP: 4/9)
[2026-09-06 16:56:39,251] [INFO] [src.manager.combat_manager]: Passar Turno: combatente ativo 'Acólito 1' (Rodada 1).
[2026-09-06 16:57:00,991] [INFO] [src.manager.combat_manager]: Cura aplicada: 5 em Acólito 1 (HP: 9/9)
[2026-09-06 16:57:13,642] [INFO] [src.manager.combat_manager]: Passar Turno: combatente ativo 'Veterano' (Rodada 1).
[2026-09-06 16:57:29,384] [INFO] [src.manager.combat_manager]: Passar Turno: combatente ativo 'Grunt Kahl' (Rodada 1).
[2026-09-06 16:58:03,858] [INFO] [src.manager.combat_manager]: Movimento no Grid: 'Grunt Kahl' movido de (1, 7) para (5, 8).
[2026-09-06 16:58:05,436] [INFO] [src.manager.combat_manager]: Movimento no Grid: 'Grunt Kahl' movido de (5, 8) para (6, 8).
[2026-09-06 16:58:21,066] [INFO] [src.manager.combat_manager]: Movimento no Grid: 'Grunt Kahl' movido de (6, 8) para (7, 11).
[2026-09-06 16:59:51,789] [INFO] [src.manager.combat_manager]: Movimento no Grid: 'Acólito 2' movido de (6, 11) para (6, 11).
[2026-09-06 16:59:54,081] [INFO] [src.manager.combat_manager]: Dano aplicado: 20 em Acólito 2 (HP: 0/9)
[2026-09-06 17:00:17,147] [INFO] [src.manager.combat_manager]: Movimento no Grid: 'Acólito 2' movido de (6, 11) para (8, 8).
[2026-09-06 17:01:18,804] [INFO] [src.manager.combat_manager]: Passar Turno: combatente ativo 'Cultista 6' (Rodada 1).
[2026-09-06 17:01:33,134] [INFO] [src.manager.combat_manager]: Passar Turno: combatente ativo 'Cultista 1' (Rodada 1).
[2026-09-06 17:02:01,445] [INFO] [src.manager.combat_manager]: Movimento no Grid: 'Cultista 1' movido de (11, 4) para (11, 7).
[2026-09-06 17:02:10,314] [INFO] [src.manager.combat_manager]: Passar Turno: combatente ativo 'Cultista 5' (Rodada 1).
[2026-09-06 17:02:15,834] [INFO] [src.manager.combat_manager]: Movimento no Grid: 'Cultista 5' movido de (13, 10) para (13, 8).
[2026-09-06 17:02:21,521] [INFO] [src.manager.combat_manager]: Passar Turno: combatente ativo 'Cultista 2' (Rodada 1).
[2026-09-06 17:02:28,881] [INFO] [src.manager.combat_manager]: Movimento no Grid: 'Cultista 2' movido de (10, 2) para (11, 4).
[2026-09-06 17:02:37,699] [INFO] [src.manager.combat_manager]: Passar Turno: combatente ativo 'Cultista 3' (Rodada 2).
[2026-09-06 17:02:46,880] [INFO] [src.manager.combat_manager]: Movimento no Grid: 'Cultista 3' movido de (2, 11) para (6, 11).
[2026-09-06 17:03:34,491] [INFO] [src.manager.combat_manager]: Passar Turno: combatente ativo 'Cultista 4' (Rodada 2).
[2026-09-06 17:03:42,822] [INFO] [src.manager.combat_manager]: Movimento no Grid: 'Cultista 4' movido de (17, 11) para (8, 11).
[2026-09-06 17:03:48,645] [INFO] [src.manager.combat_manager]: Passar Turno: combatente ativo 'Bolo de Morango' (Rodada 2).
[2026-09-06 17:05:34,706] [INFO] [src.manager.combat_manager]: Movimento no Grid: 'Veterano' movido de (9, 8) para (9, 8).
[2026-09-06 17:07:38,382] [INFO] [src.manager.combat_manager]: Dano aplicado: 10 em Veterano (HP: 48/58)
[2026-09-06 17:09:16,726] [INFO] [src.manager.combat_manager]: Passar Turno: combatente ativo 'Acólito 2' (Rodada 2).
[2026-09-06 17:09:23,748] [INFO] [src.manager.combat_manager]: Passar Turno: combatente ativo 'Kaz' (Rodada 2).
[2026-09-06 17:09:33,482] [INFO] [src.manager.combat_manager]: Dano aplicado: 1 em Veterano (HP: 47/58)
[2026-09-06 17:10:32,452] [INFO] [src.manager.combat_manager]: Movimento no Grid: 'Kaz' movido de (0, 8) para (3, 8).
[2026-09-06 17:10:43,652] [INFO] [src.manager.combat_manager]: Movimento no Grid: 'Bolo de Morango' movido de (3, 7) para (8, 7).
[2026-09-06 17:11:02,363] [INFO] [src.manager.combat_manager]: Passar Turno: combatente ativo 'Ornella' (Rodada 2).
[2026-09-06 17:11:14,325] [INFO] [src.manager.combat_manager]: Template de magia configurado: shape=line size=60.0ft width=5.0ft active=True rot=0.0°.
[2026-09-06 17:11:33,880] [INFO] [src.manager.combat_manager]: Movimento no Grid: 'Ornella' movido de (1, 8) para (4, 8).
[2026-09-06 17:11:35,834] [INFO] [src.manager.combat_manager]: Movimento no Grid: 'Ornella' movido de (4, 8) para (5, 8).
[2026-09-06 17:11:47,086] [INFO] [src.manager.combat_manager]: Template de magia configurado: shape=line size=60.0ft width=5.0ft active=False rot=0.0°.
[2026-09-06 17:12:23,398] [INFO] [src.ui.dm.add_token_modal]: Modal AddTokenModal aberto.
[2026-09-06 17:12:32,134] [INFO] [src.ui.dm.add_token_modal]: AddTokenModal confirmado: {'name': 'hid', 'entity_type': <EntityType.NEUTRAL: 'neutral'>, 'max_hp': 1, 'current_hp': 1, 'armor_class': 10, 'initiative_slot': 'next', 'token_sprite': None}
[2026-09-06 17:12:32,135] [INFO] [src.ui.dm.add_token_modal]: Modal AddTokenModal fechado.
[2026-09-06 17:12:32,135] [INFO] [src.ui.dm.tactical_minimap]: TacticalMiniMap: modo PLACING_TOKEN iniciado para 'hid'.
[2026-09-06 17:12:32,137] [INFO] [src.ui.dm.combat_tab]: Modo de posicionamento ativado no TacticalMiniMap para 'hid'.
[2026-09-06 17:12:36,480] [INFO] [src.manager.combat_manager]: Novo combatente spawnado no combate: 'hid' (Tipo: neutral) na posição (14, 8), slot de iniciativa: 'next' (hidden=False).
[2026-09-06 17:12:36,480] [INFO] [src.ui.dm.combat_tab]: Token 'hid' inserido e selecionado com sucesso em (14, 8).
[2026-09-06 17:12:36,480] [INFO] [src.ui.dm.tactical_minimap]: TacticalMiniMap: modo PLACING_TOKEN cancelado.
[2026-09-06 17:12:43,845] [INFO] [src.manager.combat_manager]: Movimento no Grid: 'hid' movido de (14, 8) para (14, 7).
[2026-09-06 17:14:23,055] [INFO] [src.manager.combat_manager]: Passar Turno: combatente ativo 'hid' (Rodada 2).
[2026-09-06 17:14:25,185] [INFO] [src.manager.combat_manager]: Passar Turno: combatente ativo 'Acólito 1' (Rodada 2).
[2026-09-06 17:15:28,121] [INFO] [src.manager.combat_manager]: Movimento no Grid: 'Acólito 1' movido de (6, 1) para (6, 3).
[2026-09-06 17:16:16,005] [INFO] [src.manager.combat_manager]: Movimento no Grid: 'Acólito 1' movido de (6, 3) para (6, 1).
[2026-09-06 17:16:17,804] [INFO] [src.manager.combat_manager]: Passar Turno: combatente ativo 'Veterano' (Rodada 2).
[2026-09-06 17:17:52,135] [INFO] [src.manager.combat_manager]: Passar Turno: combatente ativo 'Grunt Kahl' (Rodada 2).
[2026-09-06 17:19:13,008] [INFO] [src.manager.combat_manager]: Passar Turno: combatente ativo 'Cultista 6' (Rodada 2).
[2026-09-06 17:19:31,512] [INFO] [src.manager.combat_manager]: Passar Turno: combatente ativo 'Cultista 1' (Rodada 2).
[2026-09-06 17:19:35,888] [INFO] [src.manager.combat_manager]: Movimento no Grid: 'Cultista 1' movido de (11, 7) para (9, 7).
[2026-09-06 17:20:17,562] [INFO] [src.manager.combat_manager]: Passar Turno: combatente ativo 'Cultista 5' (Rodada 2).
[2026-09-06 17:20:33,840] [INFO] [src.manager.combat_manager]: Passar Turno: combatente ativo 'Cultista 2' (Rodada 2).
[2026-09-06 17:20:49,697] [INFO] [src.manager.combat_manager]: Movimento no Grid: 'Cultista 2' movido de (11, 4) para (7, 3).
[2026-09-06 17:20:51,348] [INFO] [src.manager.combat_manager]: Movimento no Grid: 'Cultista 2' movido de (7, 3) para (8, 3).
[2026-09-06 17:21:00,434] [INFO] [src.manager.combat_manager]: Passar Turno: combatente ativo 'Cultista 3' (Rodada 3).
[2026-09-06 17:21:15,576] [INFO] [src.manager.combat_manager]: Passar Turno: combatente ativo 'Cultista 4' (Rodada 3).
[2026-09-06 17:22:26,570] [INFO] [src.manager.combat_manager]: Dano aplicado: 20 em Cultista 2 (HP: 0/9)
[2026-09-06 17:22:29,029] [INFO] [src.manager.combat_manager]: Cura aplicada: 20 em Cultista 2 (HP: 9/9)
[2026-09-06 17:22:30,833] [INFO] [src.manager.combat_manager]: Movimento no Grid: 'Cultista 4' movido de (8, 11) para (8, 11).
[2026-09-06 17:22:32,582] [INFO] [src.manager.combat_manager]: Dano aplicado: 20 em Cultista 4 (HP: 0/9)
[2026-09-06 17:22:46,310] [INFO] [src.manager.combat_manager]: Movimento no Grid: 'Cultista 4' movido de (8, 11) para (8, 8).
[2026-09-06 17:22:48,425] [INFO] [src.manager.combat_manager]: Movimento no Grid: 'Cultista 4' movido de (8, 8) para (8, 8).
[2026-09-06 17:23:19,477] [INFO] [src.manager.combat_manager]: Passar Turno: combatente ativo 'Bolo de Morango' (Rodada 3).
[2026-09-06 17:25:25,822] [INFO] [src.manager.combat_manager]: Passar Turno: combatente ativo 'Acólito 2' (Rodada 3).
[2026-09-06 17:25:28,713] [INFO] [src.manager.combat_manager]: Passar Turno: combatente ativo 'Kaz' (Rodada 3).
[2026-09-06 17:25:55,321] [INFO] [src.manager.combat_manager]: Movimento no Grid: 'hid' movido de (14, 7) para (14, 7).
[2026-09-06 17:26:35,327] [INFO] [src.manager.combat_manager]: Movimento no Grid: 'Cultista 4' movido de (8, 8) para (7, 7).
[2026-09-06 17:26:36,279] [INFO] [src.manager.combat_manager]: Movimento no Grid: 'Acólito 2' movido de (8, 8) para (6, 7).
[2026-09-06 17:26:39,170] [INFO] [src.manager.combat_manager]: Movimento no Grid: 'Ornella' movido de (5, 8) para (6, 8).
[2026-09-06 17:26:40,954] [INFO] [src.manager.combat_manager]: Movimento no Grid: 'Ornella' movido de (6, 8) para (5, 8).
[2026-09-06 17:26:42,259] [INFO] [src.manager.combat_manager]: Movimento no Grid: 'Kaz' movido de (3, 8) para (8, 8).
[2026-09-06 17:27:21,258] [INFO] [src.manager.combat_manager]: Movimento no Grid: 'Veterano' movido de (9, 8) para (9, 8).
[2026-09-06 17:28:03,246] [INFO] [src.manager.combat_manager]: Dano aplicado: 8 em Veterano (HP: 39/58)
[2026-09-06 17:28:54,972] [INFO] [src.manager.combat_manager]: Passar Turno: combatente ativo 'Ornella' (Rodada 3).
[2026-09-06 17:30:28,296] [INFO] [src.manager.combat_manager]: Movimento no Grid: 'Ornella' movido de (5, 8) para (5, 7).
[2026-09-06 17:30:44,247] [INFO] [src.manager.combat_manager]: Movimento no Grid: 'Ornella' movido de (5, 7) para (5, 3).
[2026-09-06 17:30:49,682] [WARNING] [src.ui.dm.tactical_minimap]: Movimento bloqueado para 'Ornella': célula (5, 4) possui blocks_movement=True. Revertendo para (5, 3).
[2026-09-06 17:30:51,102] [WARNING] [src.ui.dm.tactical_minimap]: Movimento bloqueado para 'Ornella': célula (5, 4) possui blocks_movement=True. Revertendo para (5, 3).
[2026-09-06 17:31:04,232] [INFO] [src.manager.combat_manager]: Template de magia configurado: shape=line size=1.0ft width=5.0ft active=False rot=0.0°.
[2026-09-06 17:31:04,347] [INFO] [src.manager.combat_manager]: Template de magia configurado: shape=line size=15.0ft width=5.0ft active=False rot=0.0°.
[2026-09-06 17:31:05,464] [INFO] [src.manager.combat_manager]: Template de magia configurado: shape=cone size=15.0ft width=5.0ft active=False rot=0.0°.
[2026-09-06 17:31:06,594] [INFO] [src.manager.combat_manager]: Template de magia configurado: shape=cone size=15.0ft width=5.0ft active=True rot=0.0°.
[2026-09-06 17:31:47,079] [INFO] [src.manager.combat_manager]: Template de magia configurado: shape=circle size=15.0ft width=5.0ft active=True rot=252.0°.
[2026-09-06 17:32:03,766] [INFO] [src.manager.combat_manager]: Template de magia configurado: shape=circle size=8.0ft width=5.0ft active=True rot=252.0°.
[2026-09-06 17:32:10,931] [INFO] [src.manager.combat_manager]: Movimento no Grid: 'Ornella' movido de (5, 3) para (7, 2).
[2026-09-06 17:32:33,955] [INFO] [src.manager.combat_manager]: Template de magia configurado: shape=circle size=8.0ft width=5.0ft active=False rot=252.0°.
[2026-09-06 17:32:45,006] [INFO] [src.manager.combat_manager]: Movimento no Grid: 'Cultista 2' movido de (8, 3) para (8, 3).
[2026-09-06 17:32:49,279] [INFO] [src.manager.combat_manager]: Dano aplicado: 8 em Cultista 2 (HP: 1/9)
[2026-09-06 17:32:51,138] [INFO] [src.manager.combat_manager]: Movimento no Grid: 'Acólito 1' movido de (6, 1) para (6, 1).
[2026-09-06 17:32:52,950] [INFO] [src.manager.combat_manager]: Dano aplicado: 8 em Acólito 1 (HP: 1/9)
[2026-09-06 17:32:55,451] [INFO] [src.manager.combat_manager]: Cura aplicada: 1 em Acólito 1 (HP: 2/9)
[2026-09-06 17:32:55,587] [INFO] [src.manager.combat_manager]: Cura aplicada: 1 em Acólito 1 (HP: 3/9)
[2026-09-06 17:32:55,721] [INFO] [src.manager.combat_manager]: Cura aplicada: 1 em Acólito 1 (HP: 4/9)
[2026-09-06 17:32:56,987] [INFO] [src.manager.combat_manager]: Cura aplicada: 1 em Acólito 1 (HP: 5/9)
[2026-09-06 17:33:34,791] [INFO] [src.manager.combat_manager]: Passar Turno: combatente ativo 'hid' (Rodada 3).
[2026-09-06 17:33:35,901] [INFO] [src.manager.combat_manager]: Passar Turno: combatente ativo 'Acólito 1' (Rodada 3).
[2026-09-06 17:34:52,848] [INFO] [src.manager.combat_manager]: Passar Turno: combatente ativo 'Veterano' (Rodada 3).
[2026-09-06 17:36:15,468] [INFO] [src.manager.combat_manager]: Passar Turno: combatente ativo 'Grunt Kahl' (Rodada 3).
[2026-09-06 17:37:39,210] [INFO] [src.manager.combat_manager]: Passar Turno: combatente ativo 'Cultista 6' (Rodada 3).
[2026-09-06 17:37:49,535] [INFO] [src.manager.combat_manager]: Movimento no Grid: 'Cultista 6' movido de (15, 5) para (15, 7).
[2026-09-06 17:38:27,759] [INFO] [src.manager.combat_manager]: Passar Turno: combatente ativo 'Cultista 1' (Rodada 3).
[2026-09-06 17:38:51,889] [INFO] [src.manager.combat_manager]: Passar Turno: combatente ativo 'Cultista 5' (Rodada 3).
[2026-09-06 17:38:59,636] [INFO] [src.manager.combat_manager]: Movimento no Grid: 'Cultista 5' movido de (13, 8) para (10, 8).
[2026-09-06 17:39:20,807] [INFO] [src.manager.combat_manager]: Passar Turno: combatente ativo 'Cultista 2' (Rodada 3).
[2026-09-06 17:40:00,551] [INFO] [src.manager.combat_manager]: Passar Turno: combatente ativo 'Cultista 3' (Rodada 4).
[2026-09-06 17:40:26,956] [INFO] [src.manager.combat_manager]: Passar Turno: combatente ativo 'Cultista 4' (Rodada 4).
[2026-09-06 17:40:31,292] [INFO] [src.manager.combat_manager]: Passar Turno: combatente ativo 'Bolo de Morango' (Rodada 4).
[2026-09-06 17:41:48,932] [INFO] [src.manager.combat_manager]: Movimento no Grid: 'Veterano' movido de (9, 8) para (9, 8).
[2026-09-06 17:41:50,643] [INFO] [src.manager.combat_manager]: Dano aplicado: 16 em Veterano (HP: 23/58)
[2026-09-06 17:42:10,442] [INFO] [src.manager.combat_manager]: Movimento no Grid: 'Cultista 1' movido de (9, 7) para (9, 7).
[2026-09-06 17:42:11,422] [INFO] [src.manager.combat_manager]: Dano aplicado: 10 em Cultista 1 (HP: 0/9)
[2026-09-06 17:43:02,428] [INFO] [src.manager.combat_manager]: Passar Turno: combatente ativo 'Acólito 2' (Rodada 4).
[2026-09-06 17:43:05,940] [INFO] [src.manager.combat_manager]: Passar Turno: combatente ativo 'Kaz' (Rodada 4).
[2026-09-06 17:44:00,501] [INFO] [src.manager.combat_manager]: Movimento no Grid: 'Veterano' movido de (9, 8) para (9, 8).
[2026-09-06 17:44:01,756] [INFO] [src.manager.combat_manager]: Dano aplicado: 1 em Veterano (HP: 22/58)
[2026-09-06 17:44:01,870] [INFO] [src.manager.combat_manager]: Dano aplicado: 1 em Veterano (HP: 21/58)
[2026-09-06 17:44:01,982] [INFO] [src.manager.combat_manager]: Dano aplicado: 1 em Veterano (HP: 20/58)
[2026-09-06 17:44:02,113] [INFO] [src.manager.combat_manager]: Dano aplicado: 1 em Veterano (HP: 19/58)
[2026-09-06 17:44:05,671] [INFO] [src.manager.combat_manager]: Passar Turno: combatente ativo 'Ornella' (Rodada 4).
[2026-09-06 17:45:15,878] [INFO] [src.manager.combat_manager]: Movimento no Grid: 'Cultista 2' movido de (8, 3) para (8, 3).
[2026-09-06 17:45:18,989] [INFO] [src.manager.combat_manager]: Dano aplicado: 1 em Cultista 2 (HP: 0/9)
[2026-09-06 17:45:20,777] [INFO] [src.manager.combat_manager]: Movimento no Grid: 'Acólito 1' movido de (6, 1) para (6, 1).
[2026-09-06 17:45:21,813] [INFO] [src.manager.combat_manager]: Dano aplicado: 1 em Acólito 1 (HP: 4/9)
[2026-09-06 17:46:33,118] [INFO] [src.manager.combat_manager]: Movimento no Grid: 'Cultista 2' movido de (8, 3) para (7, 8).
[2026-09-06 17:47:19,591] [INFO] [src.manager.combat_manager]: Passar Turno: combatente ativo 'hid' (Rodada 4).
[2026-09-06 17:47:21,555] [INFO] [src.manager.combat_manager]: Passar Turno: combatente ativo 'Acólito 1' (Rodada 4).
[2026-09-06 17:48:01,366] [INFO] [src.manager.combat_manager]: Passar Turno: combatente ativo 'Veterano' (Rodada 4).
[2026-09-06 17:48:52,424] [INFO] [src.manager.combat_manager]: Passar Turno: combatente ativo 'Grunt Kahl' (Rodada 4).
[2026-09-06 17:49:27,102] [INFO] [src.manager.combat_manager]: Passar Turno: combatente ativo 'Cultista 6' (Rodada 4).
[2026-09-06 17:49:33,362] [INFO] [src.manager.combat_manager]: Movimento no Grid: 'Cultista 6' movido de (15, 7) para (11, 7).
[2026-09-06 17:49:38,647] [INFO] [src.manager.combat_manager]: Passar Turno: combatente ativo 'Cultista 1' (Rodada 4).
[2026-09-06 17:49:39,995] [INFO] [src.manager.combat_manager]: Passar Turno: combatente ativo 'Cultista 5' (Rodada 4).
[2026-09-06 17:49:41,340] [INFO] [src.manager.combat_manager]: Movimento no Grid: 'Cultista 1' movido de (9, 7) para (10, 7).
[2026-09-06 17:49:42,114] [INFO] [src.manager.combat_manager]: Movimento no Grid: 'Cultista 5' movido de (10, 8) para (9, 7).
[2026-09-06 17:50:08,172] [INFO] [src.manager.combat_manager]: Passar Turno: combatente ativo 'Cultista 2' (Rodada 4).
[2026-09-06 17:50:10,171] [INFO] [src.manager.combat_manager]: Passar Turno: combatente ativo 'Cultista 3' (Rodada 5).
[2026-09-06 17:50:27,628] [INFO] [src.manager.combat_manager]: Passar Turno: combatente ativo 'Cultista 4' (Rodada 5).
[2026-09-06 17:50:29,616] [INFO] [src.manager.combat_manager]: Passar Turno: combatente ativo 'Bolo de Morango' (Rodada 5).
[2026-09-06 17:51:10,867] [INFO] [src.manager.combat_manager]: Movimento no Grid: 'Bolo de Morango' movido de (8, 7) para (8, 7).
[2026-09-06 17:51:12,603] [INFO] [src.manager.combat_manager]: Dano aplicado: 20 em Bolo de Morango (HP: 18/38)
[2026-09-06 17:51:14,428] [INFO] [src.manager.combat_manager]: Dano aplicado: 5 em Bolo de Morango (HP: 13/38)
[2026-09-06 17:51:46,789] [INFO] [src.manager.combat_manager]: Movimento no Grid: 'Cultista 5' movido de (9, 7) para (9, 7).
[2026-09-06 17:52:19,317] [INFO] [src.manager.combat_manager]: Dano aplicado: 10 em Cultista 5 (HP: 0/9)
[2026-09-06 17:52:25,128] [INFO] [src.manager.combat_manager]: Passar Turno: combatente ativo 'Acólito 2' (Rodada 5).
[2026-09-06 17:52:27,181] [INFO] [src.manager.combat_manager]: Passar Turno: combatente ativo 'Kaz' (Rodada 5).
[2026-09-06 17:52:41,855] [INFO] [src.manager.combat_manager]: Movimento no Grid: 'Cultista 2' movido de (7, 8) para (7, 8).
[2026-09-06 17:52:46,385] [INFO] [src.manager.combat_manager]: Movimento no Grid: 'Cultista 3' movido de (6, 11) para (6, 11).
[2026-09-06 17:53:36,009] [INFO] [src.manager.combat_manager]: Passar Turno: combatente ativo 'Ornella' (Rodada 5).
[2026-09-06 17:54:41,203] [INFO] [src.manager.combat_manager]: Movimento no Grid: 'Ornella' movido de (7, 2) para (6, 5).
[2026-09-06 17:56:27,530] [INFO] [src.manager.combat_manager]: Passar Turno: combatente ativo 'hid' (Rodada 5).
[2026-09-06 17:56:29,682] [INFO] [src.manager.combat_manager]: Passar Turno: combatente ativo 'Acólito 1' (Rodada 5).
[2026-09-06 17:57:43,854] [INFO] [src.manager.combat_manager]: Passar Turno: combatente ativo 'Veterano' (Rodada 5).
[2026-09-06 17:58:34,373] [INFO] [src.manager.combat_manager]: Passar Turno: combatente ativo 'Grunt Kahl' (Rodada 5).
[2026-09-06 17:58:59,304] [INFO] [src.manager.combat_manager]: Passar Turno: combatente ativo 'Cultista 6' (Rodada 5).
[2026-09-06 17:59:01,474] [INFO] [src.manager.combat_manager]: Movimento no Grid: 'Cultista 5' movido de (9, 7) para (10, 8).
[2026-09-06 17:59:02,440] [INFO] [src.manager.combat_manager]: Movimento no Grid: 'Cultista 6' movido de (11, 7) para (9, 7).
[2026-09-06 17:59:26,341] [INFO] [src.manager.combat_manager]: Movimento no Grid: 'Bolo de Morango' movido de (8, 7) para (8, 7).
[2026-09-06 17:59:27,418] [INFO] [src.manager.combat_manager]: Dano aplicado: 1 em Bolo de Morango (HP: 12/38)
[2026-09-06 17:59:27,581] [INFO] [src.manager.combat_manager]: Dano aplicado: 1 em Bolo de Morango (HP: 11/38)
[2026-09-06 17:59:27,716] [INFO] [src.manager.combat_manager]: Dano aplicado: 1 em Bolo de Morango (HP: 10/38)
[2026-09-06 17:59:31,189] [INFO] [src.manager.combat_manager]: Passar Turno: combatente ativo 'Cultista 1' (Rodada 5).
[2026-09-06 17:59:32,011] [INFO] [src.manager.combat_manager]: Passar Turno: combatente ativo 'Cultista 5' (Rodada 5).
[2026-09-06 17:59:32,549] [INFO] [src.manager.combat_manager]: Passar Turno: combatente ativo 'Cultista 2' (Rodada 5).
[2026-09-06 17:59:33,160] [INFO] [src.manager.combat_manager]: Passar Turno: combatente ativo 'Cultista 3' (Rodada 6).
[2026-09-06 17:59:40,822] [INFO] [src.manager.combat_manager]: Passar Turno: combatente ativo 'Cultista 4' (Rodada 6).
[2026-09-06 18:00:13,147] [INFO] [src.manager.combat_manager]: Movimento no Grid: 'Veterano' movido de (9, 8) para (9, 8).
[2026-09-06 18:01:44,841] [INFO] [src.manager.combat_manager]: Dano aplicado: 20 em Veterano (HP: 0/58)
[2026-09-06 18:02:37,093] [INFO] [src.manager.combat_manager]: Passar Turno: combatente ativo 'Bolo de Morango' (Rodada 6).
[2026-09-06 18:02:43,927] [INFO] [src.manager.combat_manager]: Passar Turno: combatente ativo 'Acólito 2' (Rodada 6).
[2026-09-06 18:02:46,388] [INFO] [src.manager.combat_manager]: Passar Turno: combatente ativo 'Kaz' (Rodada 6).
[2026-09-06 18:03:53,722] [INFO] [src.manager.combat_manager]: Movimento no Grid: 'Cultista 6' movido de (9, 7) para (9, 7).
[2026-09-06 18:03:55,201] [INFO] [src.manager.combat_manager]: Dano aplicado: 1 em Cultista 6 (HP: 8/9)
[2026-09-06 18:03:55,324] [INFO] [src.manager.combat_manager]: Dano aplicado: 1 em Cultista 6 (HP: 7/9)
[2026-09-06 18:03:55,438] [INFO] [src.manager.combat_manager]: Dano aplicado: 1 em Cultista 6 (HP: 6/9)
[2026-09-06 18:04:06,470] [INFO] [src.manager.combat_manager]: Passar Turno: combatente ativo 'Ornella' (Rodada 6).
[2026-09-06 18:05:00,569] [INFO] [src.manager.combat_manager]: Movimento no Grid: 'Kaz' movido de (8, 8) para (4, 8).
[2026-09-06 18:05:04,595] [INFO] [src.manager.combat_manager]: Movimento no Grid: 'Kaz' movido de (4, 8) para (4, 8).
[2026-09-06 18:05:54,420] [INFO] [src.manager.combat_manager]: Movimento no Grid: 'Acólito 1' movido de (6, 1) para (6, 1).
[2026-09-06 18:06:13,997] [INFO] [src.manager.combat_manager]: Dano aplicado: 5 em Acólito 1 (HP: 0/9)
[2026-09-06 18:06:39,478] [INFO] [src.manager.combat_manager]: Passar Turno: combatente ativo 'hid' (Rodada 6).
[2026-09-06 18:06:40,830] [INFO] [src.manager.combat_manager]: Passar Turno: combatente ativo 'Acólito 1' (Rodada 6).
[2026-09-06 18:06:41,829] [INFO] [src.manager.combat_manager]: Passar Turno: combatente ativo 'Veterano' (Rodada 6).
[2026-09-06 18:06:41,991] [INFO] [src.manager.combat_manager]: Passar Turno: combatente ativo 'Grunt Kahl' (Rodada 6).
[2026-09-06 18:07:09,211] [INFO] [src.manager.combat_manager]: Movimento no Grid: 'Cultista 3' movido de (6, 11) para (6, 11).
[2026-09-06 18:07:11,791] [INFO] [src.manager.combat_manager]: Dano aplicado: 5 em Cultista 3 (HP: 4/9)
[2026-09-06 18:07:19,699] [INFO] [src.manager.combat_manager]: Passar Turno: combatente ativo 'Cultista 6' (Rodada 6).
[2026-09-06 18:07:41,572] [INFO] [src.manager.combat_manager]: Movimento no Grid: 'Cultista 6' movido de (9, 7) para (13, 7).
[2026-09-06 18:07:54,419] [INFO] [src.manager.combat_manager]: Passar Turno: combatente ativo 'Cultista 1' (Rodada 6).
[2026-09-06 18:07:55,039] [INFO] [src.manager.combat_manager]: Passar Turno: combatente ativo 'Cultista 5' (Rodada 6).
[2026-09-06 18:07:55,402] [INFO] [src.manager.combat_manager]: Passar Turno: combatente ativo 'Cultista 2' (Rodada 6).
[2026-09-06 18:07:55,790] [INFO] [src.manager.combat_manager]: Passar Turno: combatente ativo 'Cultista 3' (Rodada 7).
[2026-09-06 18:08:04,830] [INFO] [src.manager.combat_manager]: Movimento no Grid: 'Cultista 3' movido de (6, 11) para (12, 11).
[2026-09-06 18:08:24,155] [INFO] [src.manager.combat_manager]: Passar Turno: combatente ativo 'Cultista 4' (Rodada 7).
[2026-09-06 18:08:26,299] [INFO] [src.manager.combat_manager]: Passar Turno: combatente ativo 'Bolo de Morango' (Rodada 7).
[2026-09-06 18:08:51,016] [INFO] [src.manager.combat_manager]: Movimento no Grid: 'Cultista 6' movido de (13, 7) para (13, 7).
[2026-09-06 18:09:59,854] [INFO] [src.manager.combat_manager]: Dano aplicado: 5 em Cultista 6 (HP: 1/9)
[2026-09-06 18:10:00,481] [INFO] [src.manager.combat_manager]: Dano aplicado: 5 em Cultista 6 (HP: 0/9)
[2026-09-06 18:10:07,189] [INFO] [src.manager.combat_manager]: Cura aplicada: 1 em Cultista 6 (HP: 1/9)
[2026-09-06 18:10:11,784] [INFO] [src.manager.combat_manager]: Passar Turno: combatente ativo 'Acólito 2' (Rodada 7).
[2026-09-06 18:10:12,340] [INFO] [src.manager.combat_manager]: Passar Turno: combatente ativo 'Kaz' (Rodada 7).
[2026-09-06 18:12:02,975] [INFO] [src.manager.combat_manager]: Movimento no Grid: 'Kaz' movido de (4, 8) para (13, 11).
[2026-09-06 18:12:05,010] [INFO] [src.manager.combat_manager]: Passar Turno: combatente ativo 'Ornella' (Rodada 7).
[2026-09-06 18:12:47,107] [INFO] [src.manager.combat_manager]: Movimento no Grid: 'Cultista 3' movido de (12, 11) para (12, 11).
[2026-09-06 18:13:15,429] [INFO] [src.manager.combat_manager]: Dano aplicado: 10 em Cultista 3 (HP: 0/9)
[2026-09-06 18:14:12,464] [INFO] [src.manager.combat_manager]: Movimento no Grid: 'Cultista 3' movido de (12, 11) para (12, 8).
[2026-09-06 18:14:25,908] [INFO] [src.manager.session_manager]: Retornando Tela dos Jogadores para IDLE
[2026-09-06 18:14:25,909] [INFO] [src.manager.combat_manager]: Resetando estado de combate do encontro: 'Emboscada no Vale' (encounter_05092026210157).
[2026-09-06 18:14:25,909] [INFO] [src.manager.combat_manager]: Estado do CombatManager resetado com sucesso.
[2026-09-06 18:15:09,599] [INFO] [src.ui.player_window]: Listeners da PlayerWindow pausados graciosamente (soft close).
[2026-09-06 18:15:09,599] [INFO] [src.ui.dm_window]: DMWindow notificada da ocultação da PlayerWindow.
[2026-09-06 18:15:09,600] [INFO] [src.ui.dm_window]: PlayerWindow ocultada e desconectada da DMWindow.
[2026-09-06 18:15:12,984] [INFO] [src.ui.dm_window]: DMWindow sendo fechada. Encerrando aplicação...
[2026-09-06 18:15:12,988] [INFO] [src.ui.player_window]: Recursos e listeners da PlayerWindow liberados definitivamente (hard close).
[2026-09-06 18:15:13,139] [INFO] [src.ui.dm_window]: DMWindow notificada da ocultação da PlayerWindow.
[2026-09-06 18:22:48,426] [INFO] [MedusaMain]: 🐉 MEDUSA VTT - SISTEMA DE COMBATE E MESA DIGITAL D&D 5E
[2026-09-06 18:22:48,427] [INFO] [MedusaMain]: SessionManager inicializado no estado DisplayState.IDLE.
[2026-09-06 18:22:49,343] [INFO] [src.ui.dm_window]: DMWindow (Arcade GUI Modular) inicializada com sucesso.
[2026-09-06 18:22:49,524] [INFO] [src.ui.player_window]: PlayerWindow instanciada e conectada ao SessionManager.
[2026-09-06 18:22:49,524] [INFO] [MedusaMain]: Janelas ativas: Tela do Mestre (DMWindow) e Tela dos Jogadores (PlayerWindow).
[2026-09-06 18:22:49,525] [INFO] [MedusaMain]: Utilize o painel do Mestre para projetar mídias, gerenciar iniciativas ou movimentar tokens no Grid!
[2026-09-06 18:22:49,525] [INFO] [MedusaMain]: Atalhos Globais: F10 = Abrir/Fechar Tela do Jogador | F11 = Alternar Tela Cheia (Fullscreen).
[2026-09-06 18:22:49,526] [INFO] [src.ui.player_window]: PlayerWindow redimensionada para 1024x768 (fullscreen=False). Viewport recalculada.
[2026-09-06 18:23:02,367] [INFO] [src.ui.dm.creator.config_form]: Modo de mapa alterado para 'tilemap'.
[2026-09-06 18:23:02,368] [INFO] [src.ui.dm.creator.config_form]: CreatorConfigForm carregado para edição com 4 PJs e 9 monstros.
[2026-09-06 18:23:02,369] [INFO] [src.domain.models.fog_manager]: Estado de névoa carregado: 0 células ativas.
[2026-09-06 18:23:02,370] [INFO] [src.domain.loaders.tile_map_loader]: TileMap carregado com sucesso a partir de 'estrada_vale.json'.
[2026-09-06 18:23:02,393] [INFO] [src.domain.loaders.tileset_manager]: TilesetManager 'Sprite-0007' inicializado: 70 tiles fatiados a partir de 'Sprite-0007.png'.
[2026-09-06 18:23:02,421] [INFO] [src.ui.utils.tilemap_renderer]: TileMapRenderer montado: 252 ground sprites e 15 prop sprites para mapa 'Sprite-0007' (21x12).
[2026-09-06 18:23:02,422] [INFO] [src.ui.dm.creator.tactical_stage]: CreatorTacticalStage inicializado com 13 combatentes para o mapa 'Estrada Vale' (Tipo: tilemap, Edição: True).
[2026-09-06 18:23:02,422] [INFO] [src.ui.dm.encounter_creator_tab]: EncounterCreatorTabView transicionado para edição do encontro 'encounter_05092026210157' (13 combatentes restaurados).
[2026-09-06 18:23:02,422] [INFO] [src.ui.dm_window]: DMWindow: transicionado para Encounter Builder para edição de 'Emboscada no Vale'.
[2026-09-06 18:23:02,623] [INFO] [src.domain.loaders.tile_map_loader]: TileMap carregado com sucesso a partir de 'estrada_vale.json'.
[2026-09-06 18:23:02,637] [INFO] [src.ui.utils.tilemap_renderer]: TileMapRenderer montado: 252 ground sprites e 15 prop sprites para mapa 'Sprite-0007' (21x12).
[2026-09-06 18:23:13,278] [INFO] [src.domain.models.fog_manager]: Estado de névoa carregado: 0 células ativas.
[2026-09-06 18:23:13,279] [INFO] [src.domain.loaders.tile_map_loader]: TileMap carregado com sucesso a partir de 'estrada_vale.json'.
[2026-09-06 18:23:13,294] [INFO] [src.ui.utils.tilemap_renderer]: TileMapRenderer montado: 252 ground sprites e 15 prop sprites para mapa 'Sprite-0007' (21x12).
[2026-09-06 18:23:13,294] [INFO] [src.ui.dm.creator.tactical_stage]: CreatorTacticalStage inicializado com 13 combatentes para o mapa 'Estrada Vale' (Tipo: tilemap, Edição: True).
[2026-09-06 18:23:25,894] [INFO] [src.domain.models.fog_manager]: Névoa de guerra aplicada a todas as 252 células (21x12).
[2026-09-06 18:23:36,946] [INFO] [src.domain.builders.encounter_builder]: Encontro salvo com sucesso em: 'creations\encounters\encounter_05092026210157.json' (UID: encounter_05092026210157, 13 combatentes).
[2026-09-06 18:23:36,947] [INFO] [src.ui.dm.creator.tactical_stage]: Encontro gravado com sucesso em 'creations\encounters\encounter_05092026210157.json' (UID: encounter_05092026210157).
[2026-09-06 18:23:36,965] [INFO] [src.ui.dm.creator.config_form]: Fontes do Criador atualizadas: 6 imagens de mapa, 4 tilemaps, 4 PJs, 10 monstros.
[2026-09-06 18:23:43,495] [INFO] [src.manager.session_manager]: Iniciando encontro: encounter_05092026210157
[2026-09-06 18:23:43,501] [INFO] [src.domain.loaders.tile_map_loader]: TileMap carregado com sucesso a partir de 'estrada_vale.json'.
[2026-09-06 18:23:43,502] [INFO] [src.domain.models.fog_manager]: Estado de névoa carregado: 237 células ativas.
[2026-09-06 18:23:43,502] [INFO] [src.manager.combat_manager]: Encontro carregado: 'Emboscada no Vale' (encounter_05092026210157) [tipo=tilemap] com 13 combatentes (9 ocultos) e 237 células de névoa.
[2026-09-06 18:23:43,678] [INFO] [src.ui.utils.tilemap_renderer]: TileMapRenderer montado: 252 ground sprites e 15 prop sprites para mapa 'Sprite-0007' (21x12).
[2026-09-06 18:23:43,734] [INFO] [src.ui.utils.tilemap_renderer]: TileMapRenderer montado: 252 ground sprites e 15 prop sprites para mapa 'Sprite-0007' (21x12).
[2026-09-06 18:23:50,794] [INFO] [src.ui.player_window]: PlayerWindow redimensionada para 1920x1009 (fullscreen=False). Viewport recalculada.
[2026-09-06 18:24:02,253] [WARNING] [src.ui.dm.tactical_minimap]: Movimento bloqueado para 'Cultista 6': célula (15, 5) possui blocks_movement=True. Revertendo para (15, 5).
[2026-09-06 18:24:08,553] [INFO] [src.manager.combat_manager]: Iniciativas consolidadas e aplicadas para 4 combatentes ativos (9 ocultos). Turno ativo: 'Bolo de Morango' (Rodada 1).
[2026-09-06 18:24:28,227] [INFO] [src.manager.combat_manager]: Template de magia configurado: shape=circle size=20.0ft width=5.0ft active=False rot=0.0°.
[2026-09-06 18:24:28,893] [INFO] [src.manager.combat_manager]: Template de magia configurado: shape=circle size=20.0ft width=5.0ft active=False rot=0.0°.
[2026-09-06 18:24:31,420] [INFO] [src.manager.combat_manager]: Movimento no Grid: 'Cultista 3' movido de (2, 11) para (2, 11).
[2026-09-06 18:24:33,060] [INFO] [src.manager.combat_manager]: Combatente 'Cultista 3' revelado com sucesso e posicionado como próximo a agir na fila de turnos.
[2026-09-06 18:24:45,766] [INFO] [src.ui.player_window]: PlayerWindow redimensionada para 1920x1080 (fullscreen=True). Viewport recalculada.
[2026-09-06 18:24:45,771] [INFO] [src.ui.player_window]: PlayerWindow redimensionada para 1920x1080 (fullscreen=True). Viewport recalculada.
[2026-09-06 18:24:45,774] [INFO] [src.ui.player_window]: PlayerWindow redimensionada para 1920x1080 (fullscreen=True). Viewport recalculada.
[2026-09-06 18:24:45,776] [INFO] [src.ui.player_window]: PlayerWindow redimensionada para 1920x1080 (fullscreen=True). Viewport recalculada.
[2026-09-06 18:24:45,777] [INFO] [src.ui.player_window]: PlayerWindow colocada em tela cheia.
[2026-09-06 18:25:38,998] [INFO] [src.manager.session_manager]: Projetando imagem: 'open_field_grass_trees.jpg' (C:\Users\aguia\OneDrive\Documentos\Medusa\medusa_controler\assets\images\maps\open_field_grass_trees.jpg)
[2026-09-06 18:25:41,951] [INFO] [src.manager.session_manager]: Projetando imagem: 'map_mounains.png' (C:\Users\aguia\OneDrive\Documentos\Medusa\medusa_controler\assets\images\maps\map_mounains.png)
[2026-09-06 18:25:46,560] [INFO] [src.manager.session_manager]: Projetando imagem: 'The Sword Coast.jpg' (C:\Users\aguia\OneDrive\Documentos\Medusa\medusa_controler\assets\images\maps\The Sword Coast.jpg)
[2026-09-06 18:25:53,493] [INFO] [src.domain.loaders.tile_map_loader]: TileMap carregado com sucesso a partir de 'Sprite-0007_map.json'.
[2026-09-06 18:25:53,515] [INFO] [src.domain.loaders.tileset_manager]: TilesetManager 'Sprite-007' inicializado: 70 tiles fatiados a partir de 'Sprite-0007.png'.
[2026-09-06 18:25:53,529] [INFO] [src.ui.utils.tilemap_renderer]: TileMapRenderer montado: 252 ground sprites e 15 prop sprites para mapa 'Sprite-007' (21x12).
[2026-09-06 18:25:54,044] [INFO] [src.domain.loaders.tile_map_loader]: TileMap carregado com sucesso a partir de 'test_map_1.json'.
[2026-09-06 18:25:54,058] [INFO] [src.domain.loaders.tileset_manager]: TilesetManager 'test_map_1' inicializado: 63 tiles fatiados a partir de 'test_map_1.png'.
[2026-09-06 18:25:54,061] [INFO] [src.ui.utils.tilemap_renderer]: TileMapRenderer montado: 16 ground sprites e 0 prop sprites para mapa 'test_map_1' (4x4).
[2026-09-06 18:25:54,760] [INFO] [src.domain.loaders.tile_map_loader]: TileMap carregado com sucesso a partir de 'acampamento_vale.json'.
[2026-09-06 18:25:54,773] [INFO] [src.ui.utils.tilemap_renderer]: TileMapRenderer montado: 252 ground sprites e 1 prop sprites para mapa 'Sprite-007' (21x12).
[2026-09-06 18:26:14,708] [INFO] [src.ui.dm_window]: DMWindow sendo fechada. Encerrando aplicação...
[2026-09-06 18:26:14,712] [INFO] [src.ui.player_window]: Recursos e listeners da PlayerWindow liberados definitivamente (hard close).
[2026-09-06 18:26:14,828] [INFO] [src.ui.dm_window]: DMWindow notificada da ocultação da PlayerWindow.
[2026-09-07 18:40:54,235] [INFO] [MedusaMain]: 🐉 MEDUSA VTT - SISTEMA DE COMBATE E MESA DIGITAL D&D 5E
[2026-09-07 18:40:54,237] [INFO] [MedusaMain]: SessionManager inicializado no estado DisplayState.IDLE.
[2026-09-07 18:40:54,662] [INFO] [src.ui.dm_window]: DMWindow (Arcade GUI Modular) inicializada com sucesso.
[2026-09-07 18:40:54,750] [INFO] [src.ui.player_window]: PlayerWindow instanciada e conectada ao SessionManager.
[2026-09-07 18:40:54,752] [INFO] [MedusaMain]: Janelas ativas: Tela do Mestre (DMWindow) e Tela dos Jogadores (PlayerWindow).
[2026-09-07 18:40:54,752] [INFO] [MedusaMain]: Utilize o painel do Mestre para projetar mídias, gerenciar iniciativas ou movimentar tokens no Grid!
[2026-09-07 18:40:54,752] [INFO] [MedusaMain]: Atalhos Globais: F10 = Abrir/Fechar Tela do Jogador | F11 = Alternar Tela Cheia (Fullscreen).
[2026-09-07 18:40:54,752] [INFO] [src.ui.player_window]: PlayerWindow redimensionada para 1024x768 (fullscreen=False). Viewport recalculada.
[2026-09-07 18:40:58,710] [INFO] [src.manager.session_manager]: Iniciando encontro: encounter_05092026210157
[2026-09-07 18:40:58,716] [INFO] [src.domain.loaders.tile_map_loader]: TileMap carregado com sucesso a partir de 'estrada_vale.json'.
[2026-09-07 18:40:58,717] [INFO] [src.domain.models.fog_manager]: Estado de névoa carregado: 237 células ativas.
[2026-09-07 18:40:58,718] [INFO] [src.manager.combat_manager]: Encontro carregado: 'Emboscada no Vale' (encounter_05092026210157) [tipo=tilemap] com 13 combatentes (9 ocultos) e 237 células de névoa.
[2026-09-07 18:40:58,942] [INFO] [src.domain.loaders.tileset_manager]: TilesetManager 'Sprite-0007' inicializado: 70 tiles fatiados a partir de 'Sprite-0007.png'.
[2026-09-07 18:40:58,963] [INFO] [src.ui.utils.tilemap_renderer]: TileMapRenderer montado: 252 ground sprites e 15 prop sprites para mapa 'Sprite-0007' (21x12).
[2026-09-07 18:40:59,144] [INFO] [src.ui.utils.tilemap_renderer]: TileMapRenderer montado: 252 ground sprites e 15 prop sprites para mapa 'Sprite-0007' (21x12).
[2026-09-07 18:41:07,529] [INFO] [src.manager.session_manager]: Iniciando encontro: encounter_04092026132531
[2026-09-07 18:41:07,534] [INFO] [src.domain.loaders.tile_map_loader]: TileMap carregado com sucesso a partir de 'acampamento_vale.json'.
[2026-09-07 18:41:07,535] [INFO] [src.domain.models.fog_manager]: Estado de névoa carregado: 0 células ativas.
[2026-09-07 18:41:07,536] [INFO] [src.manager.combat_manager]: Encontro carregado: 'Retardatarios no caminho' (encounter_04092026132531) [tipo=tilemap] com 16 combatentes (0 ocultos) e 0 células de névoa.
[2026-09-07 18:41:07,559] [INFO] [src.domain.loaders.tileset_manager]: TilesetManager 'Sprite-007' inicializado: 70 tiles fatiados a partir de 'Sprite-0007.png'.
[2026-09-07 18:41:07,568] [INFO] [src.ui.utils.tilemap_renderer]: TileMapRenderer montado: 252 ground sprites e 1 prop sprites para mapa 'Sprite-007' (21x12).
[2026-09-07 18:41:07,639] [INFO] [src.ui.utils.tilemap_renderer]: TileMapRenderer montado: 252 ground sprites e 1 prop sprites para mapa 'Sprite-007' (21x12).
[2026-09-07 18:41:13,197] [INFO] [src.manager.combat_manager]: Iniciativas consolidadas e aplicadas para 16 combatentes ativos (0 ocultos). Turno ativo: 'Kobold 4' (Rodada 1).
[2026-09-07 18:41:14,823] [INFO] [src.manager.combat_manager]: Passar Turno: combatente ativo 'Cultista 1' (Rodada 1).
[2026-09-07 18:41:22,397] [INFO] [src.manager.combat_manager]: Dano aplicado: 20 em Kobold 6 (HP: 0/5)
[2026-09-07 18:41:24,763] [INFO] [src.manager.combat_manager]: Passar Turno: combatente ativo 'Kaz' (Rodada 1).
[2026-09-07 18:41:35,563] [INFO] [src.ui.dm_window]: DMWindow sendo fechada. Encerrando aplicação...
[2026-09-07 18:41:35,565] [INFO] [src.ui.player_window]: Recursos e listeners da PlayerWindow liberados definitivamente (hard close).
[2026-09-07 18:41:35,672] [INFO] [src.ui.dm_window]: DMWindow notificada da ocultação da PlayerWindow.
